{"providers":[{"type":"bitmap","file":"fetchr:font/compass_icon.png","ascent":-24,"height":40,"chars":["ĀāĂăĄąĆćĈĉĊċČčĎď","ĐđĒēĔĕĖėĘęĚěĜĝĞğ"]},{"type":"bitmap","file":"fetchr:font/compass_text.png","ascent":-24,"height":40,"chars":["ȀȁȂȃȄȅȆȇȈȉȊȋȌȍȎȏ","ȐȑȒȓȔȕȖȗȘșȚțȜȝȞȟ","ȠȡȢȣȤȥȦȧȨȩȪȫȬȭȮȯ","ȰȱȲȳȴȵȶȷȸȹȺȻȼȽȾȿ","ɀɁɂɃɄɅɆɇɈɉɊɋɌɍɎɏ","ɐɑɒɓɔɕɖɗɘəɚɛɜɝɞɟ"]},{"type":"bitmap","file":"fetchr:font/chunk.png","ascent":-24,"height":40,"chars":["c"]}]}