{
	"credit": "Made with Blockbench",
	"textures": {
		"4": "pick/glowstone/nether_bricks",
		"5": "pick/glowstone/glowstone"
	},
	"elements": [
		{
			"from": [7, 0, 7],
			"to": [9, 12, 9],
			"faces": {
				"north": {"uv": [0, 0, 2, 12], "texture": "#4"},
				"east": {"uv": [0, 0, 2, 12], "texture": "#4"},
				"south": {"uv": [0, 0, 2, 12], "texture": "#4"},
				"west": {"uv": [0, 0, 2, 12], "texture": "#4"},
				"up": {"uv": [0, 0, 2, 2], "texture": "#4"},
				"down": {"uv": [0, 0, 2, 2], "texture": "#4"}
			}
		},
		{
			"from": [6, 18, 6],
			"to": [10, 19, 10],
			"faces": {
				"north": {"uv": [0, 0, 4, 1], "texture": "#4"},
				"east": {"uv": [0, 0, 4, 1], "texture": "#4"},
				"south": {"uv": [0, 0, 4, 1], "texture": "#4"},
				"west": {"uv": [0, 0, 4, 1], "texture": "#4"},
				"up": {"uv": [0, 0, 4, 4], "texture": "#4"},
				"down": {"uv": [0, 0, 4, 4], "texture": "#4"}
			}
		},
		{
			"from": [4.5, 11.5, 6.5],
			"to": [11.5, 13.5, 9.5],
			"faces": {
				"north": {"uv": [0, 0, 8, 2], "texture": "#4"},
				"east": {"uv": [0, 0, 3, 2], "texture": "#4"},
				"south": {"uv": [0, 0, 8, 2], "texture": "#4"},
				"west": {"uv": [0, 0, 3, 2], "texture": "#4"},
				"up": {"uv": [0, 0, 8, 3], "texture": "#4"},
				"down": {"uv": [0, 0, 8, 3], "texture": "#4"}
			}
		},
		{
			"from": [5, 12, 5],
			"to": [11, 18, 11],
			"faces": {
				"north": {"uv": [0, 0, 6, 6], "texture": "#5"},
				"east": {"uv": [0, 0, 6, 6], "texture": "#5"},
				"south": {"uv": [0, 0, 6, 6], "texture": "#5"},
				"west": {"uv": [0, 0, 6, 6], "texture": "#5"},
				"up": {"uv": [0, 0, 6, 6], "texture": "#5"},
				"down": {"uv": [0, 0, 6, 6], "texture": "#5"}
			}
		},
		{
			"from": [1, 13, 6],
			"to": [15, 17, 10],
			"faces": {
				"north": {"uv": [0, 0, 14, 4], "texture": "#5"},
				"east": {"uv": [0, 0, 4, 4], "texture": "#5"},
				"south": {"uv": [0, 0, 14, 4], "texture": "#5"},
				"west": {"uv": [0, 0, 4, 4], "texture": "#5"},
				"up": {"uv": [0, 0, 14, 4], "texture": "#5"},
				"down": {"uv": [0, 0, 14, 4], "texture": "#5"}
			}
		},
		{
			"from": [14, 12, 6.5],
			"to": [21, 15, 9.5],
			"rotation": {"angle": -22.5, "axis": "z", "origin": [18.5, 14.5, 8]},
			"faces": {
				"north": {"uv": [0, 0, 7, 3], "texture": "#5"},
				"east": {"uv": [0, 0, 3, 3], "texture": "#5"},
				"south": {"uv": [0, 0, 7, 3], "texture": "#5"},
				"west": {"uv": [0, 0, 3, 3], "texture": "#5"},
				"up": {"uv": [0, 0, 7, 3], "texture": "#5"},
				"down": {"uv": [0, 0, 7, 3], "texture": "#5"}
			}
		},
		{
			"from": [-5, 12, 6.5],
			"to": [2, 15, 9.5],
			"rotation": {"angle": 22.5, "axis": "z", "origin": [-2.5, 14.5, 8]},
			"faces": {
				"north": {"uv": [7, 0, 0, 3], "texture": "#5"},
				"east": {"uv": [3, 0, 0, 3], "texture": "#5"},
				"south": {"uv": [7, 0, 0, 3], "texture": "#5"},
				"west": {"uv": [3, 0, 0, 3], "texture": "#5"},
				"up": {"uv": [7, 0, 0, 3], "texture": "#5"},
				"down": {"uv": [7, 0, 0, 3], "texture": "#5"}
			}
		}
	],
	"gui_light": "front",
	"display": {
		"thirdperson_righthand": {
			"rotation": [0, 90, 0],
			"translation": [0, 1.5, 0],
			"scale": [0.75, 0.75, 0.75]
		},
		"firstperson_righthand": {
			"rotation": [-10, 91, 0],
			"translation": [0, 2.25, 0],
			"scale": [0.57, 0.57, 0.57]
		},
		"firstperson_lefthand": {
			"rotation": [-10, 91, 0],
			"translation": [0, 2.25, 0],
			"scale": [0.57, 0.57, 0.57]
		},
		"ground": {
			"scale": [0.6, 0.6, 0.6]
		},
		"gui": {
			"rotation": [0, -180, 45],
			"translation": [-2, -2, 0],
			"scale": [0.7, 0.7, 0.7]
		}
	}
}