{
	"credit": "Made with Blockbench",
	"textures": {
		"0": "pick/wither/wither_skeleton",
		"1": "pick/wither/coal_block",
		"2": "pick/wither/netherite_block",
		"particle": "pick/wither/wither_skeleton"
	},
	"elements": [
		{
			"from": [7, 0, 7],
			"to": [9, 15, 9],
			"faces": {
				"north": {"uv": [0, 0, 2, 15], "texture": "#2"},
				"east": {"uv": [0, 0, 2, 15], "texture": "#2"},
				"south": {"uv": [0, 0, 2, 15], "texture": "#2"},
				"west": {"uv": [0, 0, 2, 15], "texture": "#2"},
				"up": {"uv": [0, 0, 2, 2], "texture": "#2"},
				"down": {"uv": [0, 0, 2, 2], "texture": "#2"}
			}
		},
		{
			"from": [4, 14, 4],
			"to": [12, 22, 12],
			"rotation": {"angle": 0, "axis": "y", "origin": [0, 2, 0]},
			"faces": {
				"north": {"uv": [4, 4, 8, 8], "texture": "#0"},
				"east": {"uv": [0, 4, 4, 8], "texture": "#0"},
				"south": {"uv": [12, 4, 16, 8], "texture": "#0"},
				"west": {"uv": [8, 4, 12, 8], "texture": "#0"},
				"up": {"uv": [4, 0, 8, 4], "texture": "#0"},
				"down": {"uv": [13, 6, 5, 14], "texture": "#1"}
			}
		},
		{
			"from": [6.56, -2.46, 6.56],
			"to": [9.44, 0.42, 9.44],
			"rotation": {"angle": 0, "axis": "y", "origin": [5.12, 0.72, 5.12]},
			"faces": {
				"north": {"uv": [4, 4, 8, 8], "texture": "#0"},
				"east": {"uv": [0, 4, 4, 8], "texture": "#0"},
				"south": {"uv": [12, 4, 16, 8], "texture": "#0"},
				"west": {"uv": [8, 4, 12, 8], "texture": "#0"},
				"up": {"uv": [4, 0, 8, 4], "texture": "#0"},
				"down": {"uv": [13, 6, 5, 14], "texture": "#1"}
			}
		},
		{
			"from": [11, 13.8, 4.8],
			"to": [17.4, 20.2, 11.2],
			"rotation": {"angle": -22.5, "axis": "z", "origin": [14.4, 14.8, 8]},
			"faces": {
				"north": {"uv": [4, 4, 8, 8], "texture": "#0"},
				"east": {"uv": [0, 4, 4, 8], "texture": "#0"},
				"south": {"uv": [12, 4, 16, 8], "texture": "#0"},
				"west": {"uv": [8, 4, 12, 8], "texture": "#0"},
				"up": {"uv": [4, 0, 8, 4], "texture": "#0"},
				"down": {"uv": [13, 6, 5, 14], "texture": "#1"}
			}
		},
		{
			"from": [-1.4, 13.8, 4.8],
			"to": [5, 20.2, 11.2],
			"rotation": {"angle": 22.5, "axis": "z", "origin": [1.6, 14.8, 8]},
			"faces": {
				"north": {"uv": [8, 4, 4, 8], "texture": "#0"},
				"east": {"uv": [12, 4, 8, 8], "texture": "#0"},
				"south": {"uv": [16, 4, 12, 8], "texture": "#0"},
				"west": {"uv": [4, 4, 0, 8], "texture": "#0"},
				"up": {"uv": [8, 0, 4, 4], "texture": "#0"},
				"down": {"uv": [13, 6, 5, 14], "texture": "#1"}
			}
		},
		{
			"from": [-5, 13, 6],
			"to": [6, 17, 10],
			"rotation": {"angle": 22.5, "axis": "z", "origin": [-3.5, 15.5, 8]},
			"faces": {
				"north": {"uv": [0, 0, 11, 4], "texture": "#1"},
				"east": {"uv": [0, 0, 4, 4], "texture": "#1"},
				"south": {"uv": [0, 0, 11, 4], "texture": "#1"},
				"west": {"uv": [0, 0, 4, 4], "texture": "#1"},
				"up": {"uv": [0, 0, 11, 4], "texture": "#1"},
				"down": {"uv": [0, 0, 11, 4], "texture": "#1"}
			}
		},
		{
			"from": [-5.5, 12.75, 6.25],
			"to": [-2.75, 15.5, 9.75],
			"rotation": {"angle": -22.5, "axis": "z", "origin": [-3.5, 15.5, 8]},
			"faces": {
				"north": {"uv": [0, 0, 2.75, 2.75], "rotation": 90, "texture": "#1"},
				"east": {"uv": [0, 0, 2.75, 3.5], "rotation": 270, "texture": "#1"},
				"south": {"uv": [0, 0, 2.75, 2.75], "rotation": 270, "texture": "#1"},
				"west": {"uv": [0, 0, 2.75, 3.5], "rotation": 270, "texture": "#1"},
				"up": {"uv": [0, 0, 3.5, 2.75], "rotation": 270, "texture": "#1"},
				"down": {"uv": [0, 0, 3.5, 2.75], "rotation": 270, "texture": "#1"}
			}
		},
		{
			"from": [10, 13, 6],
			"to": [21, 17, 10],
			"rotation": {"angle": -22.5, "axis": "z", "origin": [19.5, 15.5, 8]},
			"faces": {
				"north": {"uv": [5, 0, 16, 4], "texture": "#1"},
				"east": {"uv": [4, 0, 8, 4], "texture": "#1"},
				"south": {"uv": [5, 0, 16, 4], "texture": "#1"},
				"west": {"uv": [4, 0, 8, 4], "texture": "#1"},
				"up": {"uv": [5, 0, 16, 4], "texture": "#1"},
				"down": {"uv": [5, 0, 16, 4], "texture": "#1"}
			}
		},
		{
			"from": [18.75, 12.75, 6.25],
			"to": [21.5, 15.5, 9.75],
			"rotation": {"angle": 22.5, "axis": "z", "origin": [19.5, 15.5, 8]},
			"faces": {
				"north": {"uv": [0, 2.75, 2.75, 5.5], "rotation": 90, "texture": "#1"},
				"east": {"uv": [0, 3.5, 2.75, 7], "rotation": 270, "texture": "#1"},
				"south": {"uv": [0, 2.75, 2.75, 5.5], "rotation": 270, "texture": "#1"},
				"west": {"uv": [0, 3.5, 2.75, 7], "rotation": 270, "texture": "#1"},
				"up": {"uv": [0, 2.75, 3.5, 5.5], "rotation": 270, "texture": "#1"},
				"down": {"uv": [0, 2.75, 3.5, 5.5], "rotation": 270, "texture": "#1"}
			}
		}
	],
	"gui_light": "front",
	"display": {
		"thirdperson_righthand": {
			"rotation": [0, 90, 0],
			"translation": [0, 1.5, 0],
			"scale": [0.75, 0.75, 0.75]
		},
		"firstperson_righthand": {
			"rotation": [-10, 91, 0],
			"translation": [0, 2.25, 0],
			"scale": [0.57, 0.57, 0.57]
		},
		"firstperson_lefthand": {
			"rotation": [-10, 91, 0],
			"translation": [0, 2.25, 0],
			"scale": [0.57, 0.57, 0.57]
		},
		"ground": {
			"scale": [0.6, 0.6, 0.6]
		},
		"gui": {
			"rotation": [0, -180, 45],
			"translation": [-2, -2, 0],
			"scale": [0.7, 0.7, 0.7]
		}
	}
}