{
	"parent": "item/handheld_rod",
	"textures": {
		"layer0": "item/warped_fungus_on_a_stick"
	},
	"overrides": [
		{ "predicate": {"custom_model_data": 1}, "model": "item/totems/bat_of_undying" },
		{ "predicate": {"custom_model_data": 2}, "model": "item/totems/blaze_of_undying" },
		{ "predicate": {"custom_model_data": 3}, "model": "item/totems/creeper_of_undying" },
		{ "predicate": {"custom_model_data": 4}, "model": "item/totems/enderman_of_undying" },
		{ "predicate": {"custom_model_data": 5}, "model": "item/totems/ghast_of_undying" },
		{ "predicate": {"custom_model_data": 6}, "model": "item/totems/guardian_of_undying" },
		{ "predicate": {"custom_model_data": 7}, "model": "item/totems/illiger_of_undying" },
		{ "predicate": {"custom_model_data": 8}, "model": "item/totems/shulker_of_undying" },
		{ "predicate": {"custom_model_data": 9}, "model": "item/totems/slime_of_undying" },
		{ "predicate": {"custom_model_data": 10}, "model": "item/totems/spider_of_undying" },
		{ "predicate": {"custom_model_data": 11}, "model": "item/totems/squid_of_undying" },
		{ "predicate": {"custom_model_data": 12}, "model": "item/totems/steve_of_undying" },
		{ "predicate": {"custom_model_data": 13}, "model": "item/totems/wither_of_undying" },
		{ "predicate": {"custom_model_data": 14}, "model": "item/totems/golem_of_undying" },
		{ "predicate": {"custom_model_data": 15}, "model": "item/totems/witch_of_undying" },
		{ "predicate": {"custom_model_data": 16}, "model": "item/totems/dark_totem_of_undying" },

		{"predicate": {"custom_model_data": 6360001},"model": "totems/passive/bat"},
		{"predicate": {"custom_model_data": 6360002},"model": "totems/passive/cat"},
		{"predicate": {"custom_model_data": 6360003},"model": "totems/passive/chicken"},
		{"predicate": {"custom_model_data": 6360004},"model": "totems/passive/cow"},
		{"predicate": {"custom_model_data": 6360005},"model": "totems/passive/dog"},
		{"predicate": {"custom_model_data": 6360006},"model": "totems/passive/fish"},
		{"predicate": {"custom_model_data": 6360007},"model": "totems/passive/fox"},
		{"predicate": {"custom_model_data": 6360008},"model": "totems/passive/horse"},
		{"predicate": {"custom_model_data": 6360009},"model": "totems/passive/mooshroom"},
		{"predicate": {"custom_model_data": 6360010},"model": "totems/passive/ocelot"},
		{"predicate": {"custom_model_data": 6360011},"model": "totems/passive/parrot"},
		{"predicate": {"custom_model_data": 6360012},"model": "totems/passive/pig"},
		{"predicate": {"custom_model_data": 6360013},"model": "totems/passive/sheep"},
		{"predicate": {"custom_model_data": 6360014},"model": "totems/passive/snow_golem"},
		{"predicate": {"custom_model_data": 6360015},"model": "totems/passive/squid"},
		{"predicate": {"custom_model_data": 6360016},"model": "totems/passive/strider"},
		{"predicate": {"custom_model_data": 6360017},"model": "totems/passive/turtle"},
		{"predicate": {"custom_model_data": 6360018},"model": "totems/passive/villager"},
		{"predicate": {"custom_model_data": 6360019},"model": "totems/passive/wandering_trader"},
		{"predicate": {"custom_model_data": 6360020},"model": "totems/passive/wolf"},

		{"predicate": {"custom_model_data": 6360021},"model": "totems/neutral/bee"},
		{"predicate": {"custom_model_data": 6360022},"model": "totems/neutral/cave_spider"},
		{"predicate": {"custom_model_data": 6360023},"model": "totems/neutral/dolphin"},
		{"predicate": {"custom_model_data": 6360024},"model": "totems/neutral/enderman"},
		{"predicate": {"custom_model_data": 6360025},"model": "totems/neutral/iron_golem"},
		{"predicate": {"custom_model_data": 6360026},"model": "totems/neutral/llama"},
		{"predicate": {"custom_model_data": 6360027},"model": "totems/neutral/panda"},
		{"predicate": {"custom_model_data": 6360028},"model": "totems/neutral/piglin"},
		{"predicate": {"custom_model_data": 6360029},"model": "totems/neutral/polar_bear"},
		{"predicate": {"custom_model_data": 6360030},"model": "totems/neutral/pufferfish"},
		{"predicate": {"custom_model_data": 6360031},"model": "totems/neutral/spider"},
		{"predicate": {"custom_model_data": 6360032},"model": "totems/neutral/zombified_piglin"},

		{"predicate": {"custom_model_data": 6360033},"model": "totems/hostile/blaze"},
		{"predicate": {"custom_model_data": 6360034},"model": "totems/hostile/creeper"},
		{"predicate": {"custom_model_data": 6360035},"model": "totems/hostile/drowned"},
		{"predicate": {"custom_model_data": 6360036},"model": "totems/hostile/elder_guardian"},
		{"predicate": {"custom_model_data": 6360037},"model": "totems/hostile/endermite"},
		{"predicate": {"custom_model_data": 6360038},"model": "totems/hostile/evoker"},
		{"predicate": {"custom_model_data": 6360039},"model": "totems/hostile/ghast"},
		{"predicate": {"custom_model_data": 6360040},"model": "totems/hostile/guardian"},
		{"predicate": {"custom_model_data": 6360041},"model": "totems/hostile/hoglin"},
		{"predicate": {"custom_model_data": 6360042},"model": "totems/hostile/husk"},
		{"predicate": {"custom_model_data": 6360043},"model": "totems/hostile/magma_cube"},
		{"predicate": {"custom_model_data": 6360044},"model": "totems/hostile/phantom"},
		{"predicate": {"custom_model_data": 6360045},"model": "totems/hostile/piglin_brute"},
		{"predicate": {"custom_model_data": 6360046},"model": "totems/hostile/pillager"},
		{"predicate": {"custom_model_data": 6360047},"model": "totems/hostile/ravager"},
		{"predicate": {"custom_model_data": 6360048},"model": "totems/hostile/shulker"},
		{"predicate": {"custom_model_data": 6360049},"model": "totems/hostile/silverfish"},
		{"predicate": {"custom_model_data": 6360050},"model": "totems/hostile/skeleton"},
		{"predicate": {"custom_model_data": 6360051},"model": "totems/hostile/slime"},
		{"predicate": {"custom_model_data": 6360052},"model": "totems/hostile/stray"},
		{"predicate": {"custom_model_data": 6360053},"model": "totems/hostile/vex"},
		{"predicate": {"custom_model_data": 6360054},"model": "totems/hostile/witch"},
		{"predicate": {"custom_model_data": 6360055},"model": "totems/hostile/wither_skeleton"},
		{"predicate": {"custom_model_data": 6360056},"model": "totems/hostile/zoglin"},
		{"predicate": {"custom_model_data": 6360057},"model": "totems/hostile/zombie"},

		{"predicate": {"custom_model_data": 6360058},"model": "totems/boss/wither"},
		{"predicate": {"custom_model_data": 6360059},"model": "totems/boss/ender_dragon"},

		{"predicate": {"custom_model_data": 6360060},"model": "totems/hostile/illusioner"},

		{"predicate": {"custom_model_data": 6370000},"model": "blank"},
		{"predicate": {"custom_model_data": 6370001},"model": "random/potato_cannon"},

		{"predicate": {"custom_model_data": 6370101},"model": "wands/fireball"},
		{"predicate": {"custom_model_data": 6370102},"model": "wands/meteor"},
		{"predicate": {"custom_model_data": 6370103},"model": "wands/flamethrower"},
		{"predicate": {"custom_model_data": 6370104},"model": "wands/magma"},
		{"predicate": {"custom_model_data": 6370105},"model": "wands/ice"},
		{"predicate": {"custom_model_data": 6370106},"model": "wands/ice_spike"},
		{"predicate": {"custom_model_data": 6370107},"model": "wands/frost"},
		{"predicate": {"custom_model_data": 6370108},"model": "wands/lightning"},
		{"predicate": {"custom_model_data": 6370109},"model": "wands/thunder"},
		{"predicate": {"custom_model_data": 6370110},"model": "wands/electric"},
		{"predicate": {"custom_model_data": 6370111},"model": "wands/air"},
		{"predicate": {"custom_model_data": 6370112},"model": "wands/wind"},
		{"predicate": {"custom_model_data": 6370113},"model": "wands/hurricane"},
		{"predicate": {"custom_model_data": 6370114},"model": "wands/gust"},
		{"predicate": {"custom_model_data": 6370115},"model": "wands/rock"},
		{"predicate": {"custom_model_data": 6370116},"model": "wands/boulder"},
		{"predicate": {"custom_model_data": 6370117},"model": "wands/earth"},
		{"predicate": {"custom_model_data": 6370118},"model": "wands/ore"},
		{"predicate": {"custom_model_data": 6370119},"model": "wands/steel"},
		{"predicate": {"custom_model_data": 6370120},"model": "wands/darkness"},
		{"predicate": {"custom_model_data": 6370121},"model": "wands/shadow"},
		{"predicate": {"custom_model_data": 6370122},"model": "wands/cage"},
		{"predicate": {"custom_model_data": 6370123},"model": "wands/poison"},
		{"predicate": {"custom_model_data": 6370124},"model": "wands/dripstone"},
		{"predicate": {"custom_model_data": 6370125},"model": "wands/anvil"},
		{"predicate": {"custom_model_data": 6370126},"model": "wands/water"},
		{"predicate": {"custom_model_data": 6370127},"model": "wands/bubble"},
		{"predicate": {"custom_model_data": 6370128},"model": "wands/kfc"},

		{"predicate": {"custom_model_data": 6370201},"model": "pick/witch"},
		{"predicate": {"custom_model_data": 6370202},"model": "shovels/vacuum"},
		{"predicate": {"custom_model_data": 6370203},"model": "axe/throwing"},
		{"predicate": {"custom_model_data": 6370204},"model": "axe/inverted"},

		{"predicate": {"custom_model_data": 6370301},"model": "helmets/ramming"},
		{"predicate": {"custom_model_data": 6370302},"model": "helmets/pickaxe"},
		{"predicate": {"custom_model_data": 6370303},"model": "helmets/crossbow"},
		{"predicate": {"custom_model_data": 6370304},"model": "helmets/potato"},


		{"predicate": {"custom_model_data": 6372001},"model": "swords/youtuber/admin4cc"},
		{"predicate": {"custom_model_data": 6372002},"model": "swords/youtuber/bionic"},
		{"predicate": {"custom_model_data": 6372003},"model": "swords/youtuber/craftee"},
		{"predicate": {"custom_model_data": 6372004},"model": "swords/youtuber/dream"},
		{"predicate": {"custom_model_data": 6372005},"model": "swords/youtuber/grian"},
		{"predicate": {"custom_model_data": 6372006},"model": "swords/youtuber/henwy"},
		{"predicate": {"custom_model_data": 6372007},"model": "swords/youtuber/jelly"},
		{"predicate": {"custom_model_data": 6372008},"model": "swords/youtuber/logdotzip"},
		{"predicate": {"custom_model_data": 6372009},"model": "swords/youtuber/mumbo"},
		{"predicate": {"custom_model_data": 6372010},"model": "swords/youtuber/preston"},
		{"predicate": {"custom_model_data": 6372011},"model": "swords/youtuber/sigils"},
		{"predicate": {"custom_model_data": 6372012},"model": "swords/youtuber/skeppy"},
		{"predicate": {"custom_model_data": 6372013},"model": "swords/youtuber/technoblade"},
		{"predicate": {"custom_model_data": 6372014},"model": "swords/youtuber/wisp"},
		{"predicate": {"custom_model_data": 6372015},"model": "swords/youtuber/xnestorio"},
		{"predicate": {"custom_model_data": 6372016},"model": "swords/youtuber/aphmau"},
		{"predicate": {"custom_model_data": 6372017},"model": "swords/youtuber/captain_sparkles"},
		{"predicate": {"custom_model_data": 6372018},"model": "swords/youtuber/stampy"},
		{"predicate": {"custom_model_data": 6372019},"model": "swords/youtuber/popularmmo"},
		{"predicate": {"custom_model_data": 6372020},"model": "swords/youtuber/yogcast"},
		{"predicate": {"custom_model_data": 6372021},"model": "swords/youtuber/ldshadowlady"},
		{"predicate": {"custom_model_data": 6372022},"model": "swords/youtuber/mr_beast"},
		{"predicate": {"custom_model_data": 6372023},"model": "swords/youtuber/jerome"},
		{"predicate": {"custom_model_data": 6372024},"model": "swords/youtuber/ssundee"},
		{"predicate": {"custom_model_data": 6372025},"model": "swords/youtuber/dantdm"},
		{"predicate": {"custom_model_data": 6372026},"model": "swords/youtuber/antvenom"},
		{"predicate": {"custom_model_data": 6372027},"model": "swords/youtuber/purpled"},
		{"predicate": {"custom_model_data": 6372028},"model": "swords/youtuber/element_animation"},

		{"predicate": {"custom_model_data": 6372029},"model": "swords/youtuber/yogcast2"},
		{"predicate": {"custom_model_data": 6372030},"model": "swords/youtuber/popularmmo2"}
	]
}
