{"providers":[{"type":"space","advances":{"ﱀ":-960,"ﲨ":-856,"︠":-480,"ﺈ":-376,"ﻀ":-320,"０":-240,"＠":-224,"Ｈ":-216,"］":-195,"ｸ":-136,"ﾇ":-121,"ﾗ":-105,"ﾙ":-103,"ﾛ":-101,"ﾥ":-91,"￫":-21,"￭":-19,"￿":-1,"\u0001":1,"\u0002":2,"\u0003":3,"\u0004":4,"\u0005":5,"\u0006":6,"\u0007":7,"\b":8,"\t":9,"\n":10,"\u000b":11,"\f":12,"\r":13,"\u000e":14,"\u000f":15,"\u0010":16,"\u0011":17,"\u0012":18,"\u0013":19,"\u0014":20,"\u0015":21,"\u0016":22,"\u0017":23,"\u0018":24,"\u0019":25,"\u001a":26,"\u001b":27,"\u001c":28,"\u001d":29,"\u001e":30,"\u001f":31," ":32,"!":33,"\"":34,"#":35,"$":36,"%":37,"&":38,"'":39,"(":40,")":41,"*":42,"+":43,",":44,"-":45,".":46,"/":47,"0":48,"1":49,"2":50,"3":51,"4":52,"5":53,"6":54,"7":55,"8":56,"9":57,":":58,";":59,"<":60,"=":61,">":62,"?":63,"@":64,"A":65,"B":66,"C":67,"D":68,"E":69,"F":70,"G":71,"H":72,"I":73,"J":74,"K":75,"L":76,"M":77,"N":78,"O":79,"P":80,"Q":81,"R":82,"S":83,"T":84,"U":85,"V":86,"W":87,"X":88,"Y":89,"Z":90,"[":91,"y":121,"":136,"Ã":195,"Ø":216,"à":224,"ð":240,"ŀ":320,"Ÿ":376,"Ǡ":480,"͘":856,"π":960}}]}