{"providers":[{"type":"bitmap","file":"fetchr:font/2d_items.png","ascent":8,"height":48,"chars":["\u0000\u0001\u0002\u0003\u0004\u0005\u0006\u0007\b\t\n\u000b\f\r\u000e\u000f","\u0010\u0011\u0012\u0013\u0014\u0015\u0016\u0017\u0018\u0019\u001a\u001b\u001c\u001d\u001e\u001f"," !\"#$%&'()*+,-./","0123456789:;<=>?","@ABCDEFGHIJKLMNO","PQRSTUVWXYZ[\\]^_","`abcdefghijklmno","pqrstuvwxyz{|}~","",""," ¡¢£¤¥¦§¨©ª«¬­®¯","°±²³´µ¶·¸¹º»¼½¾¿","ÀÁÂÃÄÅÆÇÈÉÊËÌÍÎÏ","ÐÑÒÓÔÕÖ×ØÙÚÛÜÝÞß","àáâãäåæçèéêëìíîï","ðñòóôõö÷øùúûüýþÿ"]},{"type":"bitmap","file":"fetchr:font/3d_items.png","ascent":8,"height":48,"chars":["ĀāĂăĄąĆćĈĉĊċČčĎď","ĐđĒēĔĕĖėĘęĚěĜĝĞğ","ĠġĢģĤĥĦħĨĩĪīĬĭĮį","İıĲĳĴĵĶķĸĹĺĻļĽľĿ","ŀŁłŃńŅņŇňŉŊŋŌōŎŏ","ŐőŒœŔŕŖŗŘřŚśŜŝŞş","ŠšŢţŤťŦŧŨũŪūŬŭŮů","ŰűŲųŴŵŶŷŸŹźŻżŽžſ","ƀƁƂƃƄƅƆƇƈƉƊƋƌƍƎƏ","ƐƑƒƓƔƕƖƗƘƙƚƛƜƝƞƟ","ƠơƢƣƤƥƦƧƨƩƪƫƬƭƮƯ","ưƱƲƳƴƵƶƷƸƹƺƻƼƽƾƿ","ǀǁǂǃǄǅǆǇǈǉǊǋǌǍǎǏ","ǐǑǒǓǔǕǖǗǘǙǚǛǜǝǞǟ","ǠǡǢǣǤǥǦǧǨǩǪǫǬǭǮǯ","ǰǱǲǳǴǵǶǷǸǹǺǻǼǽǾǿ"]},{"type":"bitmap","file":"fetchr:font/completed_item.png","ascent":10,"height":60,"chars":["","","","","\u0000\u0000\u0000\u0000\u0000￾￿"]}]}