{
	"credit": "Made with Blockbench",
	"textures": {
		"1": "pick/amethyst/budding_amethyst",
		"2": "pick/amethyst/large_amethyst_bud",
		"3": "pick/amethyst/medium_amethyst_bud",
		"4": "pick/amethyst/purple_shulker_box",
		"6": "pick/amethyst/amethyst_block",
		"7": "pick/amethyst/amethyst_cluster",
		"particle": "pick/amethyst/budding_amethyst"
	},
	"elements": [
		{
			"from": [7, 0, 7],
			"to": [9, 12, 9],
			"faces": {
				"north": {"uv": [0, 0, 2, 12], "texture": "#4"},
				"east": {"uv": [0, 0, 2, 12], "texture": "#4"},
				"south": {"uv": [0, 0, 2, 12], "texture": "#4"},
				"west": {"uv": [0, 0, 2, 12], "texture": "#4"},
				"up": {"uv": [0, 0, 2, 2], "texture": "#4"},
				"down": {"uv": [0, 0, 2, 2], "texture": "#4"}
			}
		},
		{
			"from": [4, 12, 4],
			"to": [12, 20, 12],
			"faces": {
				"north": {"uv": [0, 0, 16, 16], "texture": "#1"},
				"east": {"uv": [0, 0, 16, 16], "texture": "#1"},
				"south": {"uv": [0, 0, 16, 16], "texture": "#1"},
				"west": {"uv": [0, 0, 16, 16], "texture": "#1"},
				"up": {"uv": [0, 0, 16, 16], "texture": "#1"},
				"down": {"uv": [0, 0, 16, 16], "texture": "#1"}
			}
		},
		{
			"from": [2, 20, 8],
			"to": [14, 30, 8],
			"rotation": {"angle": -45, "axis": "y", "origin": [8, 24, 8]},
			"faces": {
				"north": {"uv": [0, 0, 16, 16], "texture": "#7"},
				"south": {"uv": [0, 0, 16, 16], "texture": "#7"}
			}
		},
		{
			"from": [8, 20, 2],
			"to": [8, 30, 14],
			"rotation": {"angle": -45, "axis": "y", "origin": [8, 24, 8]},
			"faces": {
				"east": {"uv": [0, 0, 16, 16], "texture": "#7"},
				"west": {"uv": [0, 0, 16, 16], "texture": "#7"}
			}
		},
		{
			"from": [2, 16, 12],
			"to": [14, 16, 22],
			"rotation": {"angle": -45, "axis": "z", "origin": [8, 16, 8]},
			"faces": {
				"north": {"uv": [0, 0, 0, 0], "rotation": 180, "texture": "#3"},
				"east": {"uv": [0, 0, 0, 0], "rotation": 270, "texture": "#3"},
				"south": {"uv": [0, 0, 0, 0], "texture": "#3"},
				"west": {"uv": [0, 0, 0, 0], "rotation": 90, "texture": "#3"},
				"up": {"uv": [0, 0, 16, 16], "rotation": 180, "texture": "#3"},
				"down": {"uv": [0, 0, 16, 16], "texture": "#3"}
			}
		},
		{
			"from": [8, 10, 12],
			"to": [8, 22, 22],
			"rotation": {"angle": -45, "axis": "z", "origin": [8, 16, 8]},
			"faces": {
				"north": {"uv": [0, 0, 0, 0], "rotation": 270, "texture": "#3"},
				"east": {"uv": [0, 0, 16, 16], "rotation": 270, "texture": "#3"},
				"south": {"uv": [0, 0, 0, 0], "rotation": 270, "texture": "#3"},
				"west": {"uv": [0, 0, 16, 16], "rotation": 90, "texture": "#3"},
				"up": {"uv": [0, 0, 0, 0], "rotation": 180, "texture": "#3"},
				"down": {"uv": [0, 0, 0, 0], "texture": "#3"}
			}
		},
		{
			"from": [2, 16, -6],
			"to": [14, 16, 4],
			"rotation": {"angle": -45, "axis": "z", "origin": [8, 16, 8]},
			"faces": {
				"north": {"uv": [0, 0, 0, 0], "texture": "#3"},
				"east": {"uv": [0, 0, 0, 0], "rotation": 270, "texture": "#3"},
				"south": {"uv": [0, 0, 0, 0], "rotation": 180, "texture": "#3"},
				"west": {"uv": [0, 0, 0, 0], "rotation": 90, "texture": "#3"},
				"up": {"uv": [0, 16, 16, 0], "rotation": 180, "texture": "#3"},
				"down": {"uv": [0, 16, 16, 0], "texture": "#3"}
			}
		},
		{
			"from": [8, 10, -6],
			"to": [8, 22, 4],
			"rotation": {"angle": -45, "axis": "z", "origin": [8, 16, 8]},
			"faces": {
				"north": {"uv": [0, 0, 0, 0], "rotation": 270, "texture": "#3"},
				"east": {"uv": [0, 16, 16, 0], "rotation": 270, "texture": "#3"},
				"south": {"uv": [0, 0, 0, 0], "rotation": 270, "texture": "#3"},
				"west": {"uv": [0, 16, 16, 0], "rotation": 90, "texture": "#3"},
				"up": {"uv": [0, 0, 0, 0], "rotation": 180, "texture": "#3"},
				"down": {"uv": [0, 0, 0, 0], "texture": "#3"}
			}
		},
		{
			"from": [12, 13, 5],
			"to": [15, 19, 11],
			"faces": {
				"north": {"uv": [0, 0, 3, 6], "texture": "#6"},
				"east": {"uv": [0, 0, 6, 6], "texture": "#6"},
				"south": {"uv": [0, 0, 3, 6], "texture": "#6"},
				"west": {"uv": [0, 0, 6, 6], "texture": "#6"},
				"up": {"uv": [0, 0, 3, 6], "texture": "#6"},
				"down": {"uv": [0, 0, 3, 6], "texture": "#6"}
			}
		},
		{
			"from": [14.5, 12.75, 6],
			"to": [22.5, 16.75, 10],
			"rotation": {"angle": -22.5, "axis": "z", "origin": [18, 16, 8]},
			"faces": {
				"north": {"uv": [0, 0, 8, 4], "texture": "#6"},
				"east": {"uv": [0, 0, 4, 4], "texture": "#6"},
				"south": {"uv": [0, 0, 8, 4], "texture": "#6"},
				"west": {"uv": [0, 0, 4, 4], "texture": "#6"},
				"up": {"uv": [0, 0, 8, 4], "texture": "#6"},
				"down": {"uv": [0, 0, 8, 4], "texture": "#6"}
			}
		},
		{
			"from": [22.5, 12.75, 8],
			"to": [26.5, 16.75, 8],
			"rotation": {"angle": -22.5, "axis": "z", "origin": [18, 16, 8]},
			"faces": {
				"north": {"uv": [2, 4, 14, 16], "rotation": 270, "texture": "#2"},
				"east": {"uv": [0, 0, 0, 4], "texture": "#6"},
				"south": {"uv": [2, 4, 14, 16], "rotation": 90, "texture": "#2"},
				"west": {"uv": [0, 0, 0, 4], "texture": "#6"},
				"up": {"uv": [0, 0, 4, 0], "texture": "#6"},
				"down": {"uv": [0, 0, 4, 0], "texture": "#6"}
			}
		},
		{
			"from": [21.52686, 12.35771, 6],
			"to": [25.52686, 12.35771, 10],
			"rotation": {"angle": -22.5, "axis": "z", "origin": [23.52686, 12.35771, 8]},
			"faces": {
				"north": {"uv": [2, 4, 14, 16], "rotation": 270, "texture": "#2"},
				"east": {"uv": [0, 0, 4, 0], "texture": "#6"},
				"south": {"uv": [2, 4, 14, 16], "rotation": 90, "texture": "#2"},
				"west": {"uv": [0, 0, 0, 4], "texture": "#6"},
				"up": {"uv": [2, 4, 14, 16], "rotation": 90, "texture": "#2"},
				"down": {"uv": [2, 4, 14, 16], "rotation": 90, "texture": "#2"}
			}
		},
		{
			"from": [-10.5, 12.75, 8],
			"to": [-6.5, 16.75, 8],
			"rotation": {"angle": 22.5, "axis": "z", "origin": [-2, 16, 8]},
			"faces": {
				"north": {"uv": [2, 16, 14, 4], "rotation": 270, "texture": "#2"},
				"east": {"uv": [0, 0, 0, 4], "texture": "#6"},
				"south": {"uv": [2, 16, 14, 4], "rotation": 90, "texture": "#2"},
				"west": {"uv": [0, 0, 0, 4], "texture": "#6"},
				"up": {"uv": [4, 0, 0, 0], "texture": "#6"},
				"down": {"uv": [4, 0, 0, 0], "texture": "#6"}
			}
		},
		{
			"from": [-9.52686, 12.35771, 6],
			"to": [-5.52686, 12.35771, 10],
			"rotation": {"angle": 22.5, "axis": "z", "origin": [-7.52686, 12.35771, 8]},
			"faces": {
				"north": {"uv": [2, 16, 14, 4], "rotation": 270, "texture": "#2"},
				"east": {"uv": [0, 0, 0, 4], "texture": "#6"},
				"south": {"uv": [2, 16, 14, 4], "rotation": 90, "texture": "#2"},
				"west": {"uv": [4, 0, 0, 0], "texture": "#6"},
				"up": {"uv": [2, 16, 14, 4], "rotation": 90, "texture": "#2"},
				"down": {"uv": [2, 16, 14, 4], "rotation": 90, "texture": "#2"}
			}
		},
		{
			"from": [1, 13, 5],
			"to": [4, 19, 11],
			"rotation": {"angle": 0, "axis": "y", "origin": [16, 0, 0]},
			"faces": {
				"north": {"uv": [3, 0, 0, 6], "texture": "#6"},
				"east": {"uv": [6, 0, 0, 6], "texture": "#6"},
				"south": {"uv": [3, 0, 0, 6], "texture": "#6"},
				"west": {"uv": [6, 0, 0, 6], "texture": "#6"},
				"up": {"uv": [3, 0, 0, 6], "texture": "#6"},
				"down": {"uv": [3, 0, 0, 6], "texture": "#6"}
			}
		},
		{
			"from": [-6.5, 12.75, 6],
			"to": [1.5, 16.75, 10],
			"rotation": {"angle": 22.5, "axis": "z", "origin": [-2, 16, 8]},
			"faces": {
				"north": {"uv": [8, 0, 0, 4], "texture": "#6"},
				"east": {"uv": [4, 0, 0, 4], "texture": "#6"},
				"south": {"uv": [8, 0, 0, 4], "texture": "#6"},
				"west": {"uv": [4, 0, 0, 4], "texture": "#6"},
				"up": {"uv": [8, 0, 0, 4], "texture": "#6"},
				"down": {"uv": [8, 0, 0, 4], "texture": "#6"}
			}
		}
	],
	"gui_light": "front",
	"display": {
		"thirdperson_righthand": {
			"rotation": [0, 90, 0],
			"translation": [0, 1.5, 0],
			"scale": [0.75, 0.75, 0.75]
		},
		"firstperson_righthand": {
			"rotation": [-10, 91, 0],
			"translation": [0, 2.25, 0],
			"scale": [0.57, 0.57, 0.57]
		},
		"firstperson_lefthand": {
			"rotation": [-10, 91, 0],
			"translation": [0, 2.25, 0],
			"scale": [0.57, 0.57, 0.57]
		},
		"ground": {
			"scale": [0.6, 0.6, 0.6]
		},
		"gui": {
			"rotation": [0, -180, 45],
			"translation": [-2, -2, 0],
			"scale": [0.7, 0.7, 0.7]
		}
	}
}