{
	"credit": "Made with Blockbench",
	"texture_size": [32, 32],
	"textures": {
		"0": "pick/cow/cow",
		"1": "pick/cow/light_gray_terracotta",
		"particle": "pick/cow/cow"
	},
	"elements": [
		{
			"from": [4, 12, 5],
			"to": [12, 20, 11],
			"faces": {
				"north": {"uv": [3, 3, 7, 7], "texture": "#0"},
				"east": {"uv": [0, 3, 3, 7], "texture": "#0"},
				"south": {"uv": [10, 3, 14, 7], "texture": "#0"},
				"west": {"uv": [7, 3, 10, 7], "texture": "#0"},
				"up": {"uv": [3, 0, 7, 3], "rotation": 180, "texture": "#0"},
				"down": {"uv": [7, 0, 11, 3], "texture": "#0"}
			}
		},
		{
			"from": [3, 18, 7],
			"to": [4, 21, 8],
			"faces": {
				"north": {"uv": [11.5, 0.5, 12, 2], "texture": "#0"},
				"east": {"uv": [11, 0.5, 11.5, 2], "texture": "#0"},
				"south": {"uv": [12.5, 0.5, 13, 2], "texture": "#0"},
				"west": {"uv": [12, 0.5, 12.5, 2], "texture": "#0"},
				"up": {"uv": [11.5, 0, 12, 0.5], "texture": "#0"},
				"down": {"uv": [12, 0, 12.5, 0.5], "texture": "#0"}
			}
		},
		{
			"from": [12, 18, 7],
			"to": [13, 21, 8],
			"rotation": {"angle": 0, "axis": "y", "origin": [16, 0, 0]},
			"faces": {
				"north": {"uv": [12, 0.5, 11.5, 2], "texture": "#0"},
				"east": {"uv": [12.5, 0.5, 12, 2], "texture": "#0"},
				"south": {"uv": [13, 0.5, 12.5, 2], "texture": "#0"},
				"west": {"uv": [11.5, 0.5, 11, 2], "texture": "#0"},
				"up": {"uv": [12, 0, 11.5, 0.5], "texture": "#0"},
				"down": {"uv": [12.5, 0, 12, 0.5], "texture": "#0"}
			}
		},
		{
			"from": [7, 0, 7],
			"to": [9, 12, 9],
			"faces": {
				"north": {"uv": [0, 0, 2, 12], "texture": "#1"},
				"east": {"uv": [0, 0, 2, 12], "texture": "#1"},
				"south": {"uv": [0, 0, 2, 12], "texture": "#1"},
				"west": {"uv": [0, 0, 2, 12], "texture": "#1"},
				"up": {"uv": [0, 0, 2, 2], "texture": "#1"},
				"down": {"uv": [0, 0, 2, 2], "texture": "#1"}
			}
		},
		{
			"from": [12, 12.5, 5.5],
			"to": [15, 17.5, 10.5],
			"faces": {
				"north": {"uv": [10, 8, 11.5, 10.5], "texture": "#0"},
				"east": {"uv": [13.5, 8.5, 16, 11], "texture": "#0"},
				"south": {"uv": [14.5, 5, 16, 7.5], "texture": "#0"},
				"west": {"uv": [0, 0, 2.5, 2.5], "texture": "#0"},
				"up": {"uv": [9, 13.5, 10.5, 16], "texture": "#0"},
				"down": {"uv": [14, 12.5, 15.5, 15], "texture": "#0"}
			}
		},
		{
			"from": [14.25, 11.5, 6],
			"to": [19.25, 15.5, 10],
			"rotation": {"angle": -22.5, "axis": "z", "origin": [18.5, 15, 8]},
			"faces": {
				"north": {"uv": [11, 3.5, 13.5, 5.5], "texture": "#0"},
				"east": {"uv": [11, 10, 13, 12], "texture": "#0"},
				"south": {"uv": [13.5, 8.5, 16, 10.5], "texture": "#0"},
				"west": {"uv": [0, 0, 2, 2], "texture": "#0"},
				"up": {"uv": [10.5, 8, 13, 10], "texture": "#0"},
				"down": {"uv": [12, 13.5, 14.5, 15.5], "texture": "#0"}
			}
		},
		{
			"from": [1, 12.5, 5.5],
			"to": [4, 17.5, 10.5],
			"rotation": {"angle": 0, "axis": "y", "origin": [16, 0, 0]},
			"faces": {
				"north": {"uv": [11.5, 8, 10, 10.5], "texture": "#0"},
				"east": {"uv": [2.5, 0, 0, 2.5], "texture": "#0"},
				"south": {"uv": [15.5, 2.5, 14, 5], "texture": "#0"},
				"west": {"uv": [16, 6.5, 13.5, 9], "texture": "#0"},
				"up": {"uv": [10.5, 13.5, 9, 16], "texture": "#0"},
				"down": {"uv": [15.5, 12.5, 14, 15], "texture": "#0"}
			}
		},
		{
			"from": [-3.25, 11.5, 6],
			"to": [1.75, 15.5, 10],
			"rotation": {"angle": 22.5, "axis": "z", "origin": [-2.5, 15, 8]},
			"faces": {
				"north": {"uv": [16, 3.5, 13.5, 5.5], "texture": "#0"},
				"east": {"uv": [2, 0, 0, 2], "texture": "#0"},
				"south": {"uv": [13, 10.5, 15.5, 12.5], "texture": "#0"},
				"west": {"uv": [12, 10.5, 10, 12.5], "texture": "#0"},
				"up": {"uv": [13, 8, 10.5, 10], "texture": "#0"},
				"down": {"uv": [14.5, 13.5, 12, 15.5], "texture": "#0"}
			}
		}
	],
	"gui_light": "front",
	"display": {
		"thirdperson_righthand": {
			"rotation": [0, 90, 0],
			"translation": [0, 1.5, 0],
			"scale": [0.75, 0.75, 0.75]
		},
		"firstperson_righthand": {
			"rotation": [-10, 91, 0],
			"translation": [0, 2.25, 0],
			"scale": [0.57, 0.57, 0.57]
		},
		"firstperson_lefthand": {
			"rotation": [-10, 91, 0],
			"translation": [0, 2.25, 0],
			"scale": [0.57, 0.57, 0.57]
		},
		"ground": {
			"scale": [0.6, 0.6, 0.6]
		},
		"gui": {
			"rotation": [0, -180, 45],
			"translation": [-2, -2, 0],
			"scale": [0.7, 0.7, 0.7]
		}
	},
	"groups": [
		{
			"name": "group",
			"origin": [16, 0, 0],
			"color": 0,
			"children": [0, 1, 2, 3]
		},
		4,
		5,
		6,
		7
	]
}