{
	"credit": "Made with Blockbench",
	"texture_size": [32, 32],
	"textures": {
		"0": "pick/creeper/creeper",
		"1": "pick/creeper/green_concrete",
		"2": "pick/creeper/lime_concrete",
		"particle": "pick/creeper/creeper"
	},
	"elements": [
		{
			"from": [7, 0, 7],
			"to": [9, 12, 9],
			"faces": {
				"north": {"uv": [0, 0, 2, 12], "texture": "#2"},
				"east": {"uv": [0, 0, 2, 12], "texture": "#2"},
				"south": {"uv": [0, 0, 2, 12], "texture": "#2"},
				"west": {"uv": [0, 0, 2, 12], "texture": "#2"},
				"up": {"uv": [0, 0, 2, 2], "texture": "#2"},
				"down": {"uv": [0, 0, 2, 2], "texture": "#2"}
			}
		},
		{
			"from": [4, 12, 4],
			"to": [12, 20, 12],
			"faces": {
				"north": {"uv": [4, 4, 8, 8], "texture": "#0"},
				"east": {"uv": [0, 4, 4, 8], "texture": "#0"},
				"south": {"uv": [12, 4, 16, 8], "texture": "#0"},
				"west": {"uv": [8, 4, 12, 8], "texture": "#0"},
				"up": {"uv": [4, 0, 8, 4], "texture": "#0"},
				"down": {"uv": [8, 0, 12, 4], "texture": "#0"}
			}
		},
		{
			"from": [6.8, -2.4, 6.8],
			"to": [9.2, 0, 9.2],
			"rotation": {"angle": 0, "axis": "y", "origin": [5.6, 0, 5.6]},
			"faces": {
				"north": {"uv": [4, 4, 8, 8], "texture": "#0"},
				"east": {"uv": [0, 4, 4, 8], "texture": "#0"},
				"south": {"uv": [12, 4, 16, 8], "texture": "#0"},
				"west": {"uv": [8, 4, 12, 8], "texture": "#0"},
				"up": {"uv": [4, 0, 8, 4], "texture": "#0"},
				"down": {"uv": [8, 0, 12, 4], "texture": "#0"}
			}
		},
		{
			"from": [6, 11, 6],
			"to": [10, 12, 10],
			"faces": {
				"north": {"uv": [0, 0, 4, 1], "texture": "#1"},
				"east": {"uv": [0, 0, 4, 1], "texture": "#1"},
				"south": {"uv": [0, 0, 4, 1], "texture": "#1"},
				"west": {"uv": [0, 0, 4, 1], "texture": "#1"},
				"up": {"uv": [0, 0, 4, 4], "texture": "#1"},
				"down": {"uv": [0, 0, 4, 4], "texture": "#1"}
			}
		},
		{
			"from": [12, 13, 5],
			"to": [16, 19, 11],
			"rotation": {"angle": 0, "axis": "y", "origin": [0, 1, 0]},
			"faces": {
				"north": {"uv": [12, 4, 14, 7], "texture": "#0"},
				"east": {"uv": [10.5, 10, 13.5, 13], "texture": "#0"},
				"south": {"uv": [10, 0, 12, 3], "texture": "#0"},
				"west": {"uv": [13, 7, 16, 10], "texture": "#0"},
				"up": {"uv": [14, 4, 16, 7], "texture": "#0"},
				"down": {"uv": [14, 10, 16, 13], "texture": "#0"}
			}
		},
		{
			"from": [14, 13, 5.5],
			"to": [20, 18, 10.5],
			"rotation": {"angle": -22.5, "axis": "z", "origin": [16.5, 15.5, 8]},
			"faces": {
				"north": {"uv": [13, 4, 16, 6.5], "texture": "#0"},
				"east": {"uv": [10.5, 9.5, 13, 12], "texture": "#0"},
				"south": {"uv": [13, 10, 16, 12.5], "texture": "#0"},
				"west": {"uv": [8.5, 0, 11, 2.5], "texture": "#0"},
				"up": {"uv": [10, 4, 13, 6.5], "texture": "#0"},
				"down": {"uv": [12, 7, 15, 9.5], "texture": "#0"}
			}
		},
		{
			"from": [18.08289, 12.33218, 5.75],
			"to": [21.60789, 15.85718, 10.25],
			"rotation": {"angle": 22.5, "axis": "z", "origin": [19.60789, 13.85718, 8]},
			"faces": {
				"north": {"uv": [5.5, 1, 7.2625, 2.7625], "texture": "#0"},
				"east": {"uv": [9.5, 5.5, 11.75, 7.2625], "texture": "#0"},
				"south": {"uv": [14, 4.5, 15.7625, 6.2625], "texture": "#0"},
				"west": {"uv": [9.5, 2, 11.75, 3.7625], "texture": "#0"},
				"up": {"uv": [11, 11, 12.7625, 13.25], "texture": "#0"},
				"down": {"uv": [13, 8.5, 14.7625, 10.75], "texture": "#0"}
			}
		},
		{
			"from": [0, 13, 5],
			"to": [4, 19, 11],
			"rotation": {"angle": 0, "axis": "y", "origin": [16, 1, 0]},
			"faces": {
				"north": {"uv": [14, 4, 12, 7], "texture": "#0"},
				"east": {"uv": [16, 7, 13, 10], "texture": "#0"},
				"south": {"uv": [12, 0, 10, 3], "texture": "#0"},
				"west": {"uv": [13.5, 10, 10.5, 13], "texture": "#0"},
				"up": {"uv": [16, 4, 14, 7], "texture": "#0"},
				"down": {"uv": [16, 10, 14, 13], "texture": "#0"}
			}
		},
		{
			"from": [-4, 13, 5.5],
			"to": [2, 18, 10.5],
			"rotation": {"angle": 22.5, "axis": "z", "origin": [-0.5, 15.5, 8]},
			"faces": {
				"north": {"uv": [16, 4, 13, 6.5], "texture": "#0"},
				"east": {"uv": [11, 0, 8.5, 2.5], "texture": "#0"},
				"south": {"uv": [16, 10, 13, 12.5], "texture": "#0"},
				"west": {"uv": [13, 9.5, 10.5, 12], "texture": "#0"},
				"up": {"uv": [13, 4, 10, 6.5], "texture": "#0"},
				"down": {"uv": [15, 7, 12, 9.5], "texture": "#0"}
			}
		},
		{
			"from": [-5.60789, 12.33218, 5.75],
			"to": [-2.08289, 15.85718, 10.25],
			"rotation": {"angle": -22.5, "axis": "z", "origin": [-3.60789, 13.85718, 8]},
			"faces": {
				"north": {"uv": [7.2625, 1, 5.5, 2.7625], "texture": "#0"},
				"east": {"uv": [11.75, 2, 9.5, 3.7625], "texture": "#0"},
				"south": {"uv": [15.7625, 4.5, 14, 6.2625], "texture": "#0"},
				"west": {"uv": [11.75, 5.5, 9.5, 7.2625], "texture": "#0"},
				"up": {"uv": [12.7625, 11, 11, 13.25], "texture": "#0"},
				"down": {"uv": [14.7625, 8.5, 13, 10.75], "texture": "#0"}
			}
		}
	],
	"gui_light": "front",
	"display": {
		"thirdperson_righthand": {
			"rotation": [0, 90, 0],
			"translation": [0, 1.5, 0],
			"scale": [0.75, 0.75, 0.75]
		},
		"firstperson_righthand": {
			"rotation": [-10, 91, 0],
			"translation": [0, 2.25, 0],
			"scale": [0.57, 0.57, 0.57]
		},
		"firstperson_lefthand": {
			"rotation": [-10, 91, 0],
			"translation": [0, 2.25, 0],
			"scale": [0.57, 0.57, 0.57]
		},
		"ground": {
			"scale": [0.6, 0.6, 0.6]
		},
		"gui": {
			"rotation": [0, -180, 45],
			"translation": [-2, -2, 0],
			"scale": [0.7, 0.7, 0.7]
		}
	}
}