{
	"credit": "Made with Blockbench",
	"textures": {
		"0": "pick/dragon/crying_obsidian",
		"1": "pick/dragon/dragon",
		"2": "pick/dragon/dragon_egg",
		"particle": "pick/dragon/crying_obsidian"
	},
	"elements": [
		{
			"from": [7, 0, 7],
			"to": [9, 15, 9],
			"faces": {
				"north": {"uv": [0, 0, 2, 15], "texture": "#0"},
				"east": {"uv": [0, 0, 2, 15], "texture": "#0"},
				"south": {"uv": [0, 0, 2, 15], "texture": "#0"},
				"west": {"uv": [0, 0, 2, 15], "texture": "#0"},
				"up": {"uv": [0, 0, 2, 2], "texture": "#0"},
				"down": {"uv": [0, 0, 2, 2], "texture": "#0"}
			}
		},
		{
			"from": [4, 15, 4],
			"to": [12, 23, 12],
			"rotation": {"angle": 0, "axis": "y", "origin": [8, 0, 0]},
			"faces": {
				"north": {"uv": [9, 1.875, 10, 2.875], "rotation": 180, "texture": "#1"},
				"east": {"uv": [7, 2.875, 8, 3.875], "rotation": 270, "texture": "#1"},
				"south": {"uv": [8, 1.875, 9, 2.875], "texture": "#1"},
				"west": {"uv": [9, 2.875, 10, 3.875], "rotation": 90, "texture": "#1"},
				"up": {"uv": [8, 2.875, 9, 3.875], "rotation": 180, "texture": "#1"},
				"down": {"uv": [10, 2.875, 11, 3.875], "texture": "#1"}
			}
		},
		{
			"from": [5, 23, 4],
			"to": [11, 31, 6],
			"rotation": {"angle": 0, "axis": "x", "origin": [12, 4, 1.25]},
			"faces": {
				"north": {"uv": [12, 2.75, 12.75, 3.75], "rotation": 180, "texture": "#1"},
				"east": {"uv": [11, 3.75, 12, 4.0625], "rotation": 270, "texture": "#1"},
				"south": {"uv": [12.75, 2.75, 13.5, 3.75], "rotation": 180, "texture": "#1"},
				"west": {"uv": [12.75, 3.75, 13.75, 4.0625], "rotation": 90, "texture": "#1"},
				"up": {"uv": [12, 3.75, 12.75, 4.0625], "rotation": 180, "texture": "#1"},
				"down": {"uv": [0, 0, 0.75, 0.25], "texture": "#1"}
			}
		},
		{
			"from": [5, 23, 6.5],
			"to": [11, 31, 8.5],
			"rotation": {"angle": 0, "axis": "y", "origin": [8, 0, 0]},
			"faces": {
				"north": {"uv": [12.75, 2.75, 13.5, 3.75], "rotation": 180, "texture": "#1"},
				"east": {"uv": [11, 3.75, 12, 4.0625], "rotation": 270, "texture": "#1"},
				"south": {"uv": [12, 2.75, 12.75, 3.75], "texture": "#1"},
				"west": {"uv": [12.75, 3.75, 13.75, 4.0625], "rotation": 90, "texture": "#1"},
				"up": {"uv": [12, 3.75, 12.75, 4.0625], "rotation": 180, "texture": "#1"},
				"down": {"uv": [13.75, 3.75, 14.5, 4.0625], "texture": "#1"}
			}
		},
		{
			"from": [5.5, 28, 8.5],
			"to": [6.5, 30, 9.5],
			"rotation": {"angle": 0, "axis": "y", "origin": [8, 0, 0]},
			"faces": {
				"north": {"uv": [7.375, 0.25, 7.5, 0.375], "rotation": 180, "texture": "#1"},
				"east": {"uv": [7.25, 0.125, 7.375, 0.25], "rotation": 270, "texture": "#1"},
				"south": {"uv": [7.375, 0, 7.5, 0.125], "texture": "#1"},
				"west": {"uv": [7.25, 0, 7.375, 0.125], "rotation": 90, "texture": "#1"},
				"up": {"uv": [7.25, 0.25, 7.375, 0.375], "rotation": 180, "texture": "#1"},
				"down": {"uv": [7.375, 0.125, 7.5, 0.25], "texture": "#1"}
			}
		},
		{
			"from": [9.5, 28, 8.5],
			"to": [10.5, 30, 9.5],
			"rotation": {"angle": 0, "axis": "y", "origin": [16, 0, 0]},
			"faces": {
				"north": {"uv": [7.5, 0.25, 7.375, 0.375], "rotation": 180, "texture": "#1"},
				"east": {"uv": [7.375, 0, 7.25, 0.125], "rotation": 270, "texture": "#1"},
				"south": {"uv": [7.5, 0, 7.375, 0.125], "texture": "#1"},
				"west": {"uv": [7.375, 0.125, 7.25, 0.25], "rotation": 90, "texture": "#1"},
				"up": {"uv": [7.375, 0.25, 7.25, 0.375], "rotation": 180, "texture": "#1"},
				"down": {"uv": [7.5, 0.125, 7.375, 0.25], "texture": "#1"}
			}
		},
		{
			"from": [5.5, 18, 12],
			"to": [6.5, 21, 14],
			"rotation": {"angle": 0, "axis": "y", "origin": [8, 0, 0]},
			"faces": {
				"north": {"uv": [0.375, 0, 0.5, 0.375], "rotation": 180, "texture": "#1"},
				"east": {"uv": [0.625, 0.375, 1, 0.625], "rotation": 270, "texture": "#1"},
				"south": {"uv": [0.5, 0, 0.625, 0.375], "texture": "#1"},
				"west": {"uv": [0, 0.375, 0.375, 0.625], "rotation": 90, "texture": "#1"},
				"up": {"uv": [0.5, 0.375, 0.625, 0.625], "rotation": 180, "texture": "#1"},
				"down": {"uv": [0.375, 0.375, 0.5, 0.625], "texture": "#1"}
			}
		},
		{
			"from": [9.5, 18, 12],
			"to": [10.5, 21, 14],
			"rotation": {"angle": 0, "axis": "y", "origin": [16, 0, 0]},
			"faces": {
				"north": {"uv": [0.5, 0, 0.375, 0.375], "rotation": 180, "texture": "#1"},
				"east": {"uv": [0.375, 0.375, 0, 0.625], "rotation": 270, "texture": "#1"},
				"south": {"uv": [0.625, 0, 0.5, 0.375], "texture": "#1"},
				"west": {"uv": [1, 0.375, 0.625, 0.625], "rotation": 90, "texture": "#1"},
				"up": {"uv": [0.625, 0.375, 0.5, 0.625], "rotation": 180, "texture": "#1"},
				"down": {"uv": [0.5, 0.375, 0.375, 0.625], "texture": "#1"}
			}
		},
		{
			"from": [11.55, 15.55, 5.05],
			"to": [17.15, 21.15, 10.65],
			"rotation": {"angle": 0, "axis": "z", "origin": [3.95, 17, 0]},
			"faces": {
				"north": {"uv": [9, 2.875, 10, 3.875], "texture": "#1"},
				"east": {"uv": [8, 2.875, 9, 3.875], "texture": "#1"},
				"south": {"uv": [7, 2.875, 8, 3.875], "texture": "#1"},
				"west": {"uv": [10, 2.875, 11, 3.875], "texture": "#1"},
				"up": {"uv": [8, 1.875, 9, 2.875], "rotation": 90, "texture": "#1"},
				"down": {"uv": [9, 1.875, 10, 2.875], "rotation": 270, "texture": "#1"}
			}
		},
		{
			"from": [16.4, 15.3, 5.75],
			"to": [22, 16.7, 9.95],
			"rotation": {"angle": -22.5, "axis": "z", "origin": [16.95, 17.125, 7.85]},
			"faces": {
				"north": {"uv": [12.75, 3.75, 13.75, 4.0625], "texture": "#1"},
				"east": {"uv": [12, 3.75, 12.75, 4.0625], "texture": "#1"},
				"south": {"uv": [11, 3.75, 12, 4.0625], "texture": "#1"},
				"west": {"uv": [0, 0, 0.75, 0.25], "texture": "#1"},
				"up": {"uv": [12.75, 2.75, 13.5, 3.75], "rotation": 270, "texture": "#1"},
				"down": {"uv": [12, 2.75, 12.75, 3.75], "rotation": 270, "texture": "#1"}
			}
		},
		{
			"from": [16.4, 17.05, 5.75],
			"to": [22, 18.45, 9.95],
			"rotation": {"angle": -22.5, "axis": "z", "origin": [16.95, 17.125, 7.85]},
			"faces": {
				"north": {"uv": [12.75, 3.75, 13.75, 4.0625], "texture": "#1"},
				"east": {"uv": [12, 3.75, 12.75, 4.0625], "texture": "#1"},
				"south": {"uv": [11, 3.75, 12, 4.0625], "texture": "#1"},
				"west": {"uv": [13.75, 3.75, 14.5, 4.0625], "texture": "#1"},
				"up": {"uv": [12, 2.75, 12.75, 3.75], "rotation": 90, "texture": "#1"},
				"down": {"uv": [12.75, 2.75, 13.5, 3.75], "rotation": 270, "texture": "#1"}
			}
		},
		{
			"from": [19.9, 18.45, 6.1],
			"to": [21.3, 19.15, 6.8],
			"rotation": {"angle": -22.5, "axis": "z", "origin": [16.95, 17.125, 7.85]},
			"faces": {
				"north": {"uv": [7.25, 0, 7.375, 0.125], "texture": "#1"},
				"east": {"uv": [7.25, 0.25, 7.375, 0.375], "texture": "#1"},
				"south": {"uv": [7.25, 0.125, 7.375, 0.25], "texture": "#1"},
				"west": {"uv": [7.375, 0.125, 7.5, 0.25], "texture": "#1"},
				"up": {"uv": [7.375, 0, 7.5, 0.125], "rotation": 90, "texture": "#1"},
				"down": {"uv": [7.375, 0.25, 7.5, 0.375], "rotation": 270, "texture": "#1"}
			}
		},
		{
			"from": [19.9, 18.45, 8.9],
			"to": [21.3, 19.15, 9.6],
			"rotation": {"angle": -22.5, "axis": "z", "origin": [16.95, 17.125, 7.85]},
			"faces": {
				"north": {"uv": [7.375, 0.125, 7.25, 0.25], "texture": "#1"},
				"east": {"uv": [7.375, 0.25, 7.25, 0.375], "texture": "#1"},
				"south": {"uv": [7.375, 0, 7.25, 0.125], "texture": "#1"},
				"west": {"uv": [7.5, 0.125, 7.375, 0.25], "texture": "#1"},
				"up": {"uv": [7.5, 0, 7.375, 0.125], "rotation": 90, "texture": "#1"},
				"down": {"uv": [7.5, 0.25, 7.375, 0.375], "rotation": 270, "texture": "#1"}
			}
		},
		{
			"from": [13.65, 21.15, 6.1],
			"to": [15.75, 22.55, 6.8],
			"rotation": {"angle": 0, "axis": "z", "origin": [3.95, 17, 0]},
			"faces": {
				"north": {"uv": [0, 0.375, 0.375, 0.625], "texture": "#1"},
				"east": {"uv": [0.5, 0.375, 0.625, 0.625], "texture": "#1"},
				"south": {"uv": [0.625, 0.375, 1, 0.625], "texture": "#1"},
				"west": {"uv": [0.375, 0.375, 0.5, 0.625], "texture": "#1"},
				"up": {"uv": [0.5, 0, 0.625, 0.375], "rotation": 90, "texture": "#1"},
				"down": {"uv": [0.375, 0, 0.5, 0.375], "rotation": 270, "texture": "#1"}
			}
		},
		{
			"from": [13.65, 21.15, 8.9],
			"to": [15.75, 22.55, 9.6],
			"rotation": {"angle": 0, "axis": "z", "origin": [3.95, 17, 0]},
			"faces": {
				"north": {"uv": [1, 0.375, 0.625, 0.625], "texture": "#1"},
				"east": {"uv": [0.625, 0.375, 0.5, 0.625], "texture": "#1"},
				"south": {"uv": [0.375, 0.375, 0, 0.625], "texture": "#1"},
				"west": {"uv": [0.5, 0.375, 0.375, 0.625], "texture": "#1"},
				"up": {"uv": [0.625, 0, 0.5, 0.375], "rotation": 90, "texture": "#1"},
				"down": {"uv": [0.5, 0, 0.375, 0.375], "rotation": 270, "texture": "#1"}
			}
		},
		{
			"from": [-1.15, 15.55, 5.05],
			"to": [4.45, 21.15, 10.65],
			"rotation": {"angle": 0, "axis": "z", "origin": [12.05, 17, 0]},
			"faces": {
				"north": {"uv": [10, 2.875, 9, 3.875], "texture": "#1"},
				"east": {"uv": [11, 2.875, 10, 3.875], "texture": "#1"},
				"south": {"uv": [8, 2.875, 7, 3.875], "texture": "#1"},
				"west": {"uv": [9, 2.875, 8, 3.875], "texture": "#1"},
				"up": {"uv": [8, 2.875, 9, 1.875], "rotation": 90, "texture": "#1"},
				"down": {"uv": [9, 2.875, 10, 1.875], "rotation": 270, "texture": "#1"}
			}
		},
		{
			"from": [-6, 15.3, 5.75],
			"to": [-0.4, 16.7, 9.95],
			"rotation": {"angle": 22.5, "axis": "z", "origin": [-0.95, 17.125, 7.85]},
			"faces": {
				"north": {"uv": [13.75, 3.75, 12.75, 4.0625], "texture": "#1"},
				"east": {"uv": [0.75, 0, 0, 0.25], "texture": "#1"},
				"south": {"uv": [12, 3.75, 11, 4.0625], "texture": "#1"},
				"west": {"uv": [12.75, 3.75, 12, 4.0625], "texture": "#1"},
				"up": {"uv": [12.75, 3.75, 13.5, 2.75], "rotation": 270, "texture": "#1"},
				"down": {"uv": [12, 3.75, 12.75, 2.75], "rotation": 270, "texture": "#1"}
			}
		},
		{
			"from": [-6, 17.05, 5.75],
			"to": [-0.4, 18.45, 9.95],
			"rotation": {"angle": 22.5, "axis": "z", "origin": [-0.95, 17.125, 7.85]},
			"faces": {
				"north": {"uv": [13.75, 3.75, 12.75, 4.0625], "texture": "#1"},
				"east": {"uv": [14.5, 3.75, 13.75, 4.0625], "texture": "#1"},
				"south": {"uv": [12, 3.75, 11, 4.0625], "texture": "#1"},
				"west": {"uv": [12.75, 3.75, 12, 4.0625], "texture": "#1"},
				"up": {"uv": [12, 3.75, 12.75, 2.75], "rotation": 90, "texture": "#1"},
				"down": {"uv": [12.75, 3.75, 13.5, 2.75], "rotation": 270, "texture": "#1"}
			}
		},
		{
			"from": [-5.3, 18.45, 6.1],
			"to": [-3.9, 19.15, 6.8],
			"rotation": {"angle": 22.5, "axis": "z", "origin": [-0.95, 17.125, 7.85]},
			"faces": {
				"north": {"uv": [7.375, 0, 7.25, 0.125], "texture": "#1"},
				"east": {"uv": [7.5, 0.125, 7.375, 0.25], "texture": "#1"},
				"south": {"uv": [7.375, 0.125, 7.25, 0.25], "texture": "#1"},
				"west": {"uv": [7.375, 0.25, 7.25, 0.375], "texture": "#1"},
				"up": {"uv": [7.375, 0.125, 7.5, 0], "rotation": 90, "texture": "#1"},
				"down": {"uv": [7.375, 0.375, 7.5, 0.25], "rotation": 270, "texture": "#1"}
			}
		},
		{
			"from": [-5.3, 18.45, 8.9],
			"to": [-3.9, 19.15, 9.6],
			"rotation": {"angle": 22.5, "axis": "z", "origin": [-0.95, 17.125, 7.85]},
			"faces": {
				"north": {"uv": [7.25, 0.125, 7.375, 0.25], "texture": "#1"},
				"east": {"uv": [7.375, 0.125, 7.5, 0.25], "texture": "#1"},
				"south": {"uv": [7.25, 0, 7.375, 0.125], "texture": "#1"},
				"west": {"uv": [7.25, 0.25, 7.375, 0.375], "texture": "#1"},
				"up": {"uv": [7.5, 0.125, 7.375, 0], "rotation": 90, "texture": "#1"},
				"down": {"uv": [7.5, 0.375, 7.375, 0.25], "rotation": 270, "texture": "#1"}
			}
		},
		{
			"from": [0.25, 21.15, 6.1],
			"to": [2.35, 22.55, 6.8],
			"rotation": {"angle": 0, "axis": "z", "origin": [12.05, 17, 0]},
			"faces": {
				"north": {"uv": [0.375, 0.375, 0, 0.625], "texture": "#1"},
				"east": {"uv": [0.5, 0.375, 0.375, 0.625], "texture": "#1"},
				"south": {"uv": [1, 0.375, 0.625, 0.625], "texture": "#1"},
				"west": {"uv": [0.625, 0.375, 0.5, 0.625], "texture": "#1"},
				"up": {"uv": [0.5, 0.375, 0.625, 0], "rotation": 90, "texture": "#1"},
				"down": {"uv": [0.375, 0.375, 0.5, 0], "rotation": 270, "texture": "#1"}
			}
		},
		{
			"from": [0.25, 21.15, 8.9],
			"to": [2.35, 22.55, 9.6],
			"rotation": {"angle": 0, "axis": "z", "origin": [12.05, 17, 0]},
			"faces": {
				"north": {"uv": [0.625, 0.375, 1, 0.625], "texture": "#1"},
				"east": {"uv": [0.375, 0.375, 0.5, 0.625], "texture": "#1"},
				"south": {"uv": [0, 0.375, 0.375, 0.625], "texture": "#1"},
				"west": {"uv": [0.5, 0.375, 0.625, 0.625], "texture": "#1"},
				"up": {"uv": [0.625, 0.375, 0.5, 0], "rotation": 90, "texture": "#1"},
				"down": {"uv": [0.5, 0.375, 0.375, 0], "rotation": 270, "texture": "#1"}
			}
		},
		{
			"from": [8, -5, 7],
			"to": [10, 0, 9],
			"rotation": {"angle": -22.5, "axis": "z", "origin": [9.5, -2.5, 8]},
			"faces": {
				"north": {"uv": [0, 0, 2, 5], "texture": "#2"},
				"east": {"uv": [0, 0, 2, 5], "texture": "#2"},
				"south": {"uv": [0, 0, 2, 5], "texture": "#2"},
				"west": {"uv": [0, 0, 2, 5], "texture": "#2"},
				"up": {"uv": [0, 0, 2, 2], "texture": "#2"},
				"down": {"uv": [0, 0, 2, 2], "texture": "#2"}
			}
		},
		{
			"from": [6, -5, 7],
			"to": [8, 0, 9],
			"rotation": {"angle": 22.5, "axis": "z", "origin": [6.5, -2.5, 8]},
			"faces": {
				"north": {"uv": [2, 0, 0, 5], "texture": "#2"},
				"east": {"uv": [2, 0, 0, 5], "texture": "#2"},
				"south": {"uv": [2, 0, 0, 5], "texture": "#2"},
				"west": {"uv": [2, 0, 0, 5], "texture": "#2"},
				"up": {"uv": [2, 0, 0, 2], "texture": "#2"},
				"down": {"uv": [2, 0, 0, 2], "texture": "#2"}
			}
		},
		{
			"from": [7, -4.41141, 6.04096],
			"to": [9, 0.58859, 8.04096],
			"rotation": {"angle": -22.5, "axis": "x", "origin": [8, -2.30866, 8]},
			"faces": {
				"north": {"uv": [0.125, 0, 2.125, 5], "texture": "#2"},
				"east": {"uv": [0.125, 0, 2.125, 5], "texture": "#2"},
				"south": {"uv": [0.125, 0, 2.125, 5], "texture": "#2"},
				"west": {"uv": [0.125, 0, 2.125, 5], "texture": "#2"},
				"up": {"uv": [0.125, 0, 2.125, 2], "rotation": 90, "texture": "#2"},
				"down": {"uv": [0.125, 0, 2.125, 2], "rotation": 270, "texture": "#2"}
			}
		},
		{
			"from": [7, -4.41141, 7.95904],
			"to": [9, 0.58859, 9.95904],
			"rotation": {"angle": 22.5, "axis": "x", "origin": [8, -2.30866, 8]},
			"faces": {
				"north": {"uv": [0, 0, 2, 5], "texture": "#2"},
				"east": {"uv": [0, 0, 2, 5], "texture": "#2"},
				"south": {"uv": [0, 0, 2, 5], "texture": "#2"},
				"west": {"uv": [0, 0, 2, 5], "texture": "#2"},
				"up": {"uv": [0, 0, 2, 2], "rotation": 90, "texture": "#2"},
				"down": {"uv": [0, 0, 2, 2], "rotation": 270, "texture": "#2"}
			}
		}
	],
	"gui_light": "front",
	"display": {
		"thirdperson_righthand": {
			"rotation": [0, 90, 0],
			"translation": [0, 1.5, 0],
			"scale": [0.75, 0.75, 0.75]
		},
		"firstperson_righthand": {
			"rotation": [-10, 91, 0],
			"translation": [0, 2.25, 0],
			"scale": [0.57, 0.57, 0.57]
		},
		"firstperson_lefthand": {
			"rotation": [-10, 91, 0],
			"translation": [0, 2.25, 0],
			"scale": [0.57, 0.57, 0.57]
		},
		"ground": {
			"scale": [0.6, 0.6, 0.6]
		},
		"gui": {
			"rotation": [0, -180, 45],
			"translation": [-2, -2, 0],
			"scale": [0.7, 0.7, 0.7]
		}
	},
	"groups": [
		0,
		{
			"name": "group",
			"origin": [16, 0, 0],
			"color": 0,
			"children": [1, 2, 3, 4, 5, 6, 7]
		},
		{
			"name": "group",
			"origin": [16, 0, 0],
			"color": 0,
			"children": [8, 9, 10, 11, 12, 13, 14]
		},
		{
			"name": "group",
			"origin": [16, 0, 0],
			"color": 0,
			"children": [15, 16, 17, 18, 19, 20, 21]
		},
		22,
		23,
		24,
		25
	]
}