{
	"credit": "Made with Blockbench",
	"textures": {
		"1": "pick/fortunate/diamond_block",
		"2": "pick/fortunate/gold_block",
		"3": "pick/fortunate/iron_block",
		"particle": "pick/bookshelf/oak_planks"
	},
	"elements": [
		{
			"from": [7, 0, 7],
			"to": [9, 12, 9],
			"faces": {
				"north": {"uv": [0, 0, 2, 12], "texture": "#3"},
				"east": {"uv": [0, 0, 2, 12], "texture": "#3"},
				"south": {"uv": [0, 0, 2, 12], "texture": "#3"},
				"west": {"uv": [0, 0, 2, 12], "texture": "#3"},
				"up": {"uv": [0, 0, 2, 2], "texture": "#3"},
				"down": {"uv": [0, 0, 2, 2], "texture": "#3"}
			}
		},
		{
			"from": [4, 12, 4],
			"to": [12, 20, 12],
			"rotation": {"angle": 0, "axis": "y", "origin": [4.25, 0.25, 4.25]},
			"faces": {
				"north": {"uv": [0, 0, 16, 16], "texture": "#1"},
				"east": {"uv": [0, 0, 16, 16], "texture": "#1"},
				"south": {"uv": [0, 0, 16, 16], "texture": "#1"},
				"west": {"uv": [0, 0, 16, 16], "texture": "#1"},
				"up": {"uv": [0, 0, 16, 16], "texture": "#1"},
				"down": {"uv": [0, 0, 16, 16], "texture": "#1"}
			}
		},
		{
			"from": [12, 13, 5],
			"to": [15, 19, 11],
			"faces": {
				"north": {"uv": [0, 0, 3, 6], "texture": "#2"},
				"east": {"uv": [0, 0, 6, 6], "texture": "#2"},
				"south": {"uv": [0, 0, 3, 6], "texture": "#2"},
				"west": {"uv": [0, 0, 6, 6], "texture": "#2"},
				"up": {"uv": [0, 0, 3, 6], "texture": "#2"},
				"down": {"uv": [0, 0, 3, 6], "texture": "#2"}
			}
		},
		{
			"from": [14.25, 13, 6],
			"to": [20.25, 17, 10],
			"rotation": {"angle": -22.5, "axis": "z", "origin": [17.5, 15.5, 8]},
			"faces": {
				"north": {"uv": [0, 0, 6, 4], "texture": "#2"},
				"east": {"uv": [0, 0, 4, 4], "texture": "#2"},
				"south": {"uv": [0, 0, 6, 4], "texture": "#2"},
				"west": {"uv": [0, 0, 4, 4], "texture": "#2"},
				"up": {"uv": [0, 0, 6, 4], "texture": "#2"},
				"down": {"uv": [0, 0, 6, 4], "texture": "#2"}
			}
		},
		{
			"from": [-4.25, 13, 6],
			"to": [1.75, 17, 10],
			"rotation": {"angle": 22.5, "axis": "z", "origin": [-1.5, 15.5, 8]},
			"faces": {
				"north": {"uv": [6, 0, 0, 4], "texture": "#2"},
				"east": {"uv": [4, 0, 0, 4], "texture": "#2"},
				"south": {"uv": [6, 0, 0, 4], "texture": "#2"},
				"west": {"uv": [4, 0, 0, 4], "texture": "#2"},
				"up": {"uv": [6, 0, 0, 4], "texture": "#2"},
				"down": {"uv": [6, 0, 0, 4], "texture": "#2"}
			}
		},
		{
			"from": [1, 13, 5],
			"to": [4, 19, 11],
			"rotation": {"angle": 0, "axis": "y", "origin": [16, 0, 0]},
			"faces": {
				"north": {"uv": [3, 0, 0, 6], "texture": "#2"},
				"east": {"uv": [6, 0, 0, 6], "texture": "#2"},
				"south": {"uv": [3, 0, 0, 6], "texture": "#2"},
				"west": {"uv": [6, 0, 0, 6], "texture": "#2"},
				"up": {"uv": [3, 0, 0, 6], "texture": "#2"},
				"down": {"uv": [3, 0, 0, 6], "texture": "#2"}
			}
		}
	],
	"gui_light": "front",
	"display": {
		"thirdperson_righthand": {
			"rotation": [0, 90, 0],
			"translation": [0, 1.5, 0],
			"scale": [0.75, 0.75, 0.75]
		},
		"firstperson_righthand": {
			"rotation": [-10, 91, 0],
			"translation": [0, 2.25, 0],
			"scale": [0.57, 0.57, 0.57]
		},
		"firstperson_lefthand": {
			"rotation": [-10, 91, 0],
			"translation": [0, 2.25, 0],
			"scale": [0.57, 0.57, 0.57]
		},
		"ground": {
			"scale": [0.6, 0.6, 0.6]
		},
		"gui": {
			"rotation": [0, -180, 45],
			"translation": [-2, -2, 0],
			"scale": [0.7, 0.7, 0.7]
		}
	}
}