{
	"credit": "Made with Blockbench",
	"textures": {
		"3": "pick/mega_diamond/diamond_block",
		"4": "pick/mega_diamond/oak_log"
	},
	"elements": [
		{
			"from": [4, 14, 4],
			"to": [12, 22, 12],
			"rotation": {"angle": 0, "axis": "y", "origin": [-2, 2, 0]},
			"faces": {
				"north": {"uv": [4, 4, 12, 12], "texture": "#3"},
				"east": {"uv": [0, 0, 8, 8], "texture": "#3"},
				"south": {"uv": [8, 8, 16, 16], "texture": "#3"},
				"west": {"uv": [8, 0, 16, 8], "texture": "#3"},
				"up": {"uv": [4, 0, 12, 8], "texture": "#3"},
				"down": {"uv": [8, 8, 0, 16], "texture": "#3"}
			}
		},
		{
			"from": [5.25, 0, 7],
			"to": [7.25, 6, 9],
			"rotation": {"angle": 0, "axis": "y", "origin": [-1.75, 0, 0]},
			"faces": {
				"north": {"uv": [0, 0, 2, 6], "texture": "#4"},
				"east": {"uv": [0, 0, 2, 6], "texture": "#4"},
				"south": {"uv": [0, 0, 2, 6], "texture": "#4"},
				"west": {"uv": [0, 0, 2, 6], "texture": "#4"},
				"up": {"uv": [0, 0, 2, 2], "texture": "#4"},
				"down": {"uv": [0, 0, 2, 2], "texture": "#4"}
			}
		},
		{
			"from": [7.01118, 9.85403, 7],
			"to": [9.01118, 14.85403, 9],
			"rotation": {"angle": 0, "axis": "y", "origin": [-1.98882, 0.85403, 0]},
			"faces": {
				"north": {"uv": [0, 0, 2, 5], "texture": "#4"},
				"east": {"uv": [0, 0, 2, 5], "texture": "#4"},
				"south": {"uv": [0, 0, 2, 5], "texture": "#4"},
				"west": {"uv": [0, 0, 2, 5], "texture": "#4"},
				"up": {"uv": [0, 0, 2, 2], "texture": "#4"},
				"down": {"uv": [0, 0, 2, 2], "texture": "#4"}
			}
		},
		{
			"from": [6.13059, 5.42702, 6.975],
			"to": [8.13059, 10.42702, 9.025],
			"rotation": {"angle": -22.5, "axis": "z", "origin": [7.13059, 7.92702, 8]},
			"faces": {
				"north": {"uv": [0, 0, 2, 5], "texture": "#4"},
				"east": {"uv": [0, 0, 2.05, 5], "texture": "#4"},
				"south": {"uv": [0, 0, 2, 5], "texture": "#4"},
				"west": {"uv": [0, 0, 2.05, 5], "texture": "#4"},
				"up": {"uv": [0, 0, 2, 2.05], "texture": "#4"},
				"down": {"uv": [0, 0, 2, 2.05], "texture": "#4"}
			}
		},
		{
			"from": [12, 15, 5],
			"to": [16, 20, 11],
			"faces": {
				"north": {"uv": [0, 0, 4, 5], "texture": "#3"},
				"east": {"uv": [0, 0, 6, 5], "texture": "#3"},
				"south": {"uv": [0, 0, 4, 5], "texture": "#3"},
				"west": {"uv": [0, 0, 6, 5], "texture": "#3"},
				"up": {"uv": [0, 0, 4, 6], "texture": "#3"},
				"down": {"uv": [0, 0, 4, 6], "texture": "#3"}
			}
		},
		{
			"from": [15, 15, 6],
			"to": [21, 18, 10],
			"rotation": {"angle": -22.5, "axis": "z", "origin": [17, 17.5, 8]},
			"faces": {
				"north": {"uv": [0, 0, 6, 3], "texture": "#3"},
				"east": {"uv": [0, 0, 4, 3], "texture": "#3"},
				"south": {"uv": [0, 0, 6, 3], "texture": "#3"},
				"west": {"uv": [0, 0, 4, 3], "texture": "#3"},
				"up": {"uv": [0, 0, 6, 4], "texture": "#3"},
				"down": {"uv": [0, 0, 6, 4], "texture": "#3"}
			}
		},
		{
			"from": [0, 15, 5],
			"to": [4, 20, 11],
			"rotation": {"angle": 0, "axis": "y", "origin": [16, 0, 0]},
			"faces": {
				"north": {"uv": [4, 0, 0, 5], "texture": "#3"},
				"east": {"uv": [6, 0, 0, 5], "texture": "#3"},
				"south": {"uv": [4, 0, 0, 5], "texture": "#3"},
				"west": {"uv": [6, 0, 0, 5], "texture": "#3"},
				"up": {"uv": [4, 0, 0, 6], "texture": "#3"},
				"down": {"uv": [4, 0, 0, 6], "texture": "#3"}
			}
		},
		{
			"from": [-5, 15, 6],
			"to": [1, 18, 10],
			"rotation": {"angle": 22.5, "axis": "z", "origin": [-1, 17.5, 8]},
			"faces": {
				"north": {"uv": [6, 0, 0, 3], "texture": "#3"},
				"east": {"uv": [4, 0, 0, 3], "texture": "#3"},
				"south": {"uv": [6, 0, 0, 3], "texture": "#3"},
				"west": {"uv": [4, 0, 0, 3], "texture": "#3"},
				"up": {"uv": [6, 0, 0, 4], "texture": "#3"},
				"down": {"uv": [6, 0, 0, 4], "texture": "#3"}
			}
		}
	],
	"gui_light": "front",
	"display": {
		"thirdperson_righthand": {
			"rotation": [0, 90, 0],
			"translation": [0, 2.25, -1.25],
			"scale": [0.85, 0.85, 0.85]
		},
		"firstperson_righthand": {
			"rotation": [-10, 91, 0],
			"translation": [0, 2.25, 0],
			"scale": [0.57, 0.57, 0.57]
		},
		"firstperson_lefthand": {
			"rotation": [-10, 91, 0],
			"translation": [0, 2.25, 0],
			"scale": [0.57, 0.57, 0.57]
		},
		"ground": {
			"scale": [0.6, 0.6, 0.6]
		},
		"gui": {
			"rotation": [0, -180, 45],
			"translation": [-2, -2, 0],
			"scale": [0.7, 0.7, 0.7]
		}
	}
}