{
	"credit": "Made with Blockbench",
	"textures": {
		"0": "pick/witch/witch",
		"1": "pick/witch/purple_terracotta",
		"3": "pick/witch/witch2",
		"particle": "pick/witch/witch"
	},
	"elements": [
		{
			"from": [7, -2, 7],
			"to": [9, 10, 9],
			"rotation": {"angle": 0, "axis": "y", "origin": [0, -2, 0]},
			"faces": {
				"north": {"uv": [0, 0, 2, 12], "texture": "#1"},
				"east": {"uv": [0, 0, 2, 12], "texture": "#1"},
				"south": {"uv": [0, 0, 2, 12], "texture": "#1"},
				"west": {"uv": [0, 0, 2, 12], "texture": "#1"},
				"up": {"uv": [0, 0, 2, 2], "texture": "#1"},
				"down": {"uv": [0, 0, 2, 2], "texture": "#1"}
			}
		},
		{
			"from": [4, 10, 4],
			"to": [12, 20, 12],
			"rotation": {"angle": 0, "axis": "y", "origin": [4, 10, 4]},
			"faces": {
				"north": {"uv": [2.46154, 2.46154, 4.92308, 5.53846], "texture": "#0"},
				"east": {"uv": [0, 2.46154, 2.46154, 5.53846], "texture": "#0"},
				"south": {"uv": [7.38462, 2.46154, 9.84615, 5.53846], "texture": "#0"},
				"west": {"uv": [4.92308, 2.46154, 7.38462, 5.53846], "texture": "#0"},
				"up": {"uv": [2.46154, 0, 4.92308, 2.46154], "texture": "#0"},
				"down": {"uv": [4.92308, 0, 7.38462, 2.46154], "texture": "#0"}
			}
		},
		{
			"from": [7, 9, 2],
			"to": [9, 13, 4],
			"rotation": {"angle": 0, "axis": "y", "origin": [4, 10, 4]},
			"faces": {
				"north": {"uv": [8, 0.61538, 8.61538, 1.84615], "texture": "#0"},
				"east": {"uv": [7.38462, 0.61538, 8, 1.84615], "texture": "#0"},
				"south": {"uv": [9.23077, 0.61538, 9.84615, 1.84615], "texture": "#0"},
				"west": {"uv": [8.61538, 0.61538, 9.23077, 1.84615], "texture": "#0"},
				"up": {"uv": [8, 0, 8.61538, 0.61538], "texture": "#0"},
				"down": {"uv": [8.61538, 0, 9.23077, 0.61538], "texture": "#0"}
			}
		},
		{
			"from": [7.5, 10, 1.5],
			"to": [8, 10.5, 2],
			"rotation": {"angle": 0, "axis": "y", "origin": [4, 10, 4]},
			"faces": {
				"north": {"uv": [0.30769, 0.30769, 0.46154, 0.46154], "texture": "#0"},
				"east": {"uv": [0.92308, 0.30769, 1.07692, 0.46154], "texture": "#0"},
				"south": {"uv": [0, 0.30769, 0.15385, 0.46154], "texture": "#0"},
				"west": {"uv": [0.61538, 0, 0.76923, 0.15385], "texture": "#0"},
				"up": {"uv": [0.61538, 0.30769, 0.76923, 0.46154], "texture": "#0"},
				"down": {"uv": [0.30769, 0, 0.46154, 0.15385], "texture": "#0"}
			}
		},
		{
			"from": [3, 20, 3],
			"to": [13, 22, 13],
			"rotation": {"angle": 0, "axis": "y", "origin": [4, 10, 4]},
			"faces": {
				"north": {"uv": [3.07692, 8.61538, 6.15385, 9.23077], "texture": "#0"},
				"east": {"uv": [0, 8.61538, 3.07692, 9.23077], "texture": "#0"},
				"south": {"uv": [9.23077, 8.61538, 12.30769, 9.23077], "texture": "#0"},
				"west": {"uv": [6.15385, 8.61538, 9.23077, 9.23077], "texture": "#0"},
				"up": {"uv": [3.07692, 5.53846, 6.15385, 8.61538], "texture": "#0"},
				"down": {"uv": [6.15385, 5.53846, 9.23077, 8.61538], "texture": "#0"}
			}
		},
		{
			"from": [4.5, 22, 4.5],
			"to": [11.5, 26, 11.5],
			"rotation": {"angle": 0, "axis": "y", "origin": [4, 10, 4]},
			"faces": {
				"north": {"uv": [2.15385, 11.38462, 4.30769, 12.61538], "texture": "#0"},
				"east": {"uv": [0, 11.38462, 2.15385, 12.61538], "texture": "#0"},
				"south": {"uv": [6.46154, 11.38462, 8.61538, 12.61538], "texture": "#0"},
				"west": {"uv": [4.30769, 11.38462, 6.46154, 12.61538], "texture": "#0"},
				"up": {"uv": [2.15385, 9.23077, 4.30769, 11.38462], "texture": "#0"},
				"down": {"uv": [4.30769, 9.23077, 6.46154, 11.38462], "texture": "#0"}
			}
		},
		{
			"from": [4.5, 25.5, 6],
			"to": [8.5, 29.5, 10],
			"rotation": {"angle": 22.5, "axis": "z", "origin": [8, 29.5, 8]},
			"faces": {
				"north": {"uv": [1.23077, 13.84615, 2.46154, 15.07692], "texture": "#0"},
				"east": {"uv": [0, 13.84615, 1.23077, 15.07692], "texture": "#0"},
				"south": {"uv": [3.69231, 13.84615, 4.92308, 15.07692], "texture": "#0"},
				"west": {"uv": [2.46154, 13.84615, 3.69231, 15.07692], "texture": "#0"},
				"up": {"uv": [1.23077, 12.61538, 2.46154, 13.84615], "texture": "#0"},
				"down": {"uv": [2.46154, 12.61538, 3.69231, 13.84615], "texture": "#0"}
			}
		},
		{
			"from": [6, 29.5, 7.5],
			"to": [7, 31.5, 8.5],
			"rotation": {"angle": 22.5, "axis": "z", "origin": [8, 29.5, 8]},
			"faces": {
				"north": {"uv": [0.30769, 15.38462, 0.61538, 16], "texture": "#0"},
				"east": {"uv": [0, 15.38462, 0.30769, 16], "texture": "#0"},
				"south": {"uv": [0.92308, 15.38462, 1.23077, 16], "texture": "#0"},
				"west": {"uv": [0.61538, 15.38462, 0.92308, 16], "texture": "#0"},
				"up": {"uv": [0.30769, 15.07692, 0.61538, 15.38462], "texture": "#0"},
				"down": {"uv": [0.61538, 15.07692, 0.92308, 15.38462], "texture": "#0"}
			}
		},
		{
			"from": [6, 9, 6],
			"to": [10, 10, 10],
			"rotation": {"angle": 0, "axis": "y", "origin": [0, -2, 0]},
			"faces": {
				"north": {"uv": [0, 0, 4, 1], "texture": "#1"},
				"east": {"uv": [0, 0, 4, 1], "texture": "#1"},
				"south": {"uv": [0, 0, 4, 1], "texture": "#1"},
				"west": {"uv": [0, 0, 4, 1], "texture": "#1"},
				"up": {"uv": [0, 0, 4, 4], "texture": "#1"},
				"down": {"uv": [0, 0, 4, 4], "texture": "#1"}
			}
		},
		{
			"from": [6.1, -2.79, 6.1],
			"to": [9.9, -2.03, 9.9],
			"rotation": {"angle": 0, "axis": "y", "origin": [6.48, 1.77, 6.48]},
			"faces": {
				"north": {"uv": [3.07692, 9.23077, 6.15385, 8.61538], "texture": "#0"},
				"east": {"uv": [0, 9.23077, 3.07692, 8.61538], "texture": "#0"},
				"south": {"uv": [9.23077, 9.23077, 12.30769, 8.61538], "texture": "#0"},
				"west": {"uv": [6.15385, 9.23077, 9.23077, 8.61538], "texture": "#0"},
				"up": {"uv": [6.15385, 8.61538, 9.23077, 5.53846], "texture": "#0"},
				"down": {"uv": [3.07692, 8.61538, 6.15385, 5.53846], "texture": "#0"}
			}
		},
		{
			"from": [6.67, -4.31, 6.67],
			"to": [9.33, -2.79, 9.33],
			"rotation": {"angle": 0, "axis": "y", "origin": [6.48, 1.77, 6.48]},
			"faces": {
				"north": {"uv": [2.15385, 12.61538, 4.30769, 11.38462], "texture": "#0"},
				"east": {"uv": [0, 12.61538, 2.15385, 11.38462], "texture": "#0"},
				"south": {"uv": [6.46154, 12.61538, 8.61538, 11.38462], "texture": "#0"},
				"west": {"uv": [4.30769, 12.61538, 6.46154, 11.38462], "texture": "#0"},
				"up": {"uv": [4.30769, 11.38462, 6.46154, 9.23077], "texture": "#0"},
				"down": {"uv": [2.15385, 11.38462, 4.30769, 9.23077], "texture": "#0"}
			}
		},
		{
			"from": [6.67, -5.64, 7.24],
			"to": [8.19, -4.12, 8.76],
			"rotation": {"angle": -22.5, "axis": "z", "origin": [8, -5.64, 8]},
			"faces": {
				"north": {"uv": [1.23077, 15.07692, 2.46154, 13.84615], "texture": "#0"},
				"east": {"uv": [0, 15.07692, 1.23077, 13.84615], "texture": "#0"},
				"south": {"uv": [3.69231, 15.07692, 4.92308, 13.84615], "texture": "#0"},
				"west": {"uv": [2.46154, 15.07692, 3.69231, 13.84615], "texture": "#0"},
				"up": {"uv": [2.46154, 13.84615, 3.69231, 12.61538], "texture": "#0"},
				"down": {"uv": [1.23077, 13.84615, 2.46154, 12.61538], "texture": "#0"}
			}
		},
		{
			"from": [7.24, -6.4, 7.81],
			"to": [7.62, -5.64, 8.19],
			"rotation": {"angle": -22.5, "axis": "z", "origin": [8, -5.64, 8]},
			"faces": {
				"north": {"uv": [0.30769, 16, 0.61538, 15.38462], "texture": "#0"},
				"east": {"uv": [0, 16, 0.30769, 15.38462], "texture": "#0"},
				"south": {"uv": [0.92308, 16, 1.23077, 15.38462], "texture": "#0"},
				"west": {"uv": [0.61538, 16, 0.92308, 15.38462], "texture": "#0"},
				"up": {"uv": [0.61538, 15.38462, 0.92308, 15.07692], "texture": "#0"},
				"down": {"uv": [0.30769, 15.38462, 0.61538, 15.07692], "texture": "#0"}
			}
		},
		{
			"from": [12, 11, 5],
			"to": [15, 18, 11],
			"rotation": {"angle": 0, "axis": "y", "origin": [0, -2, 0]},
			"faces": {
				"north": {"uv": [0, 0, 3, 7], "texture": "#3"},
				"east": {"uv": [2, 7, 8, 14], "texture": "#3"},
				"south": {"uv": [6, 6, 9, 13], "texture": "#3"},
				"west": {"uv": [0, 0, 6, 7], "texture": "#3"},
				"up": {"uv": [7, 0, 10, 6], "texture": "#3"},
				"down": {"uv": [6, 10, 9, 16], "texture": "#3"}
			}
		},
		{
			"from": [14.25, 10.75, 5.5],
			"to": [21.25, 14.75, 10.5],
			"rotation": {"angle": -22.5, "axis": "z", "origin": [18.5, 14, 8]},
			"faces": {
				"north": {"uv": [9, 0, 16, 4], "texture": "#3"},
				"east": {"uv": [11, 4, 16, 8], "texture": "#3"},
				"south": {"uv": [9, 5, 16, 9], "texture": "#3"},
				"west": {"uv": [11, 7, 16, 11], "texture": "#3"},
				"up": {"uv": [9, 9, 16, 14], "texture": "#3"},
				"down": {"uv": [9, 11, 16, 16], "texture": "#3"}
			}
		},
		{
			"from": [19.38223, 10.39375, 5.75],
			"to": [22.20723, 13.21875, 10.25],
			"rotation": {"angle": 22.5, "axis": "z", "origin": [20.70723, 11.21875, 8]},
			"faces": {
				"north": {"uv": [5, 4, 7.825, 6.825], "texture": "#3"},
				"east": {"uv": [3, 6, 7.5, 8.825], "texture": "#3"},
				"south": {"uv": [3, 7, 5.825, 9.825], "texture": "#3"},
				"west": {"uv": [4, 2, 8.5, 4.825], "texture": "#3"},
				"up": {"uv": [3, 0, 5.825, 4.5], "texture": "#3"},
				"down": {"uv": [4, 4, 6.825, 8.5], "texture": "#3"}
			}
		},
		{
			"from": [1, 11, 5],
			"to": [4, 18, 11],
			"rotation": {"angle": 0, "axis": "y", "origin": [16, -2, 0]},
			"faces": {
				"north": {"uv": [3, 0, 0, 7], "texture": "#3"},
				"east": {"uv": [6, 0, 0, 7], "texture": "#3"},
				"south": {"uv": [9, 6, 6, 13], "texture": "#3"},
				"west": {"uv": [8, 7, 2, 14], "texture": "#3"},
				"up": {"uv": [10, 0, 7, 6], "texture": "#3"},
				"down": {"uv": [9, 10, 6, 16], "texture": "#3"}
			}
		},
		{
			"from": [-5.25, 10.75, 5.5],
			"to": [1.75, 14.75, 10.5],
			"rotation": {"angle": 22.5, "axis": "z", "origin": [-2.5, 14, 8]},
			"faces": {
				"north": {"uv": [16, 0, 9, 4], "texture": "#3"},
				"east": {"uv": [16, 7, 11, 11], "texture": "#3"},
				"south": {"uv": [16, 5, 9, 9], "texture": "#3"},
				"west": {"uv": [16, 4, 11, 8], "texture": "#3"},
				"up": {"uv": [16, 9, 9, 14], "texture": "#3"},
				"down": {"uv": [16, 11, 9, 16], "texture": "#3"}
			}
		},
		{
			"from": [-6.20723, 10.39375, 5.75],
			"to": [-3.38223, 13.21875, 10.25],
			"rotation": {"angle": -22.5, "axis": "z", "origin": [-4.70723, 11.21875, 8]},
			"faces": {
				"north": {"uv": [7.825, 4, 5, 6.825], "texture": "#3"},
				"east": {"uv": [8.5, 2, 4, 4.825], "texture": "#3"},
				"south": {"uv": [5.825, 7, 3, 9.825], "texture": "#3"},
				"west": {"uv": [7.5, 6, 3, 8.825], "texture": "#3"},
				"up": {"uv": [5.825, 0, 3, 4.5], "texture": "#3"},
				"down": {"uv": [6.825, 4, 4, 8.5], "texture": "#3"}
			}
		}
	],
	"gui_light": "front",
	"display": {
		"thirdperson_righthand": {
			"rotation": [0, 90, 0],
			"translation": [0, 3, 0],
			"scale": [0.75, 0.75, 0.75]
		},
		"firstperson_righthand": {
			"rotation": [-10, 91, 0],
			"translation": [0, 3.75, 0],
			"scale": [0.57, 0.57, 0.57]
		},
		"firstperson_lefthand": {
			"rotation": [-10, 91, 0],
			"translation": [0, 3.75, 0],
			"scale": [0.57, 0.57, 0.57]
		},
		"ground": {
			"translation": [0, 1.5, 0],
			"scale": [0.6, 0.6, 0.6]
		},
		"gui": {
			"rotation": [0, -180, 45],
			"translation": [-1.5, -1.5, 0],
			"scale": [0.7, 0.7, 0.7]
		},
		"fixed": {
			"translation": [0, 0.5, 0]
		}
	},
	"groups": [
		0,
		{
			"name": "group",
			"origin": [4, 19.5, 4],
			"color": 0,
			"children": [1, 2, 3, 4, 5, 6, 7]
		},
		8,
		9,
		10,
		11,
		12,
		13,
		14,
		15,
		16,
		17,
		18
	]
}