{
	"credit": "Made with Blockbench",
	"textures": {
		"2": "redstone/iron_block",
		"3": "redstone/piston_bottom",
		"4": "redstone/cow",
		"5": "redstone/device_top_1",
		"particle": "redstone/steve"
	},
	"elements": [
		{
			"from": [7, 11, 15.75],
			"to": [9, 12.25, 17],
			"rotation": {"angle": 0, "axis": "y", "origin": [4, 10, 12]},
			"faces": {
				"north": {"uv": [0, 0, 1, 0.25], "texture": "#2"},
				"east": {"uv": [0, 0, 1, 0.25], "texture": "#2"},
				"south": {"uv": [0, 0, 1, 0.25], "texture": "#2"},
				"west": {"uv": [0, 0, 0.25, 0.25], "texture": "#2"},
				"up": {"uv": [0, 0, 1, 0.25], "texture": "#2"},
				"down": {"uv": [0, 0, 1, 0.25], "texture": "#2"}
			}
		},
		{
			"from": [7, 2, 15],
			"to": [9, 11, 17],
			"rotation": {"angle": 0, "axis": "y", "origin": [4, 10, 12]},
			"faces": {
				"north": {"uv": [0, 0, 2, 9], "texture": "#2"},
				"east": {"uv": [0, 0, 2, 9], "texture": "#2"},
				"south": {"uv": [0, 0, 2, 9], "texture": "#2"},
				"west": {"uv": [0, 0, 2, 9], "texture": "#2"},
				"up": {"uv": [0, 0, 2, 2], "texture": "#2"},
				"down": {"uv": [0, 0, 2, 2], "texture": "#2"}
			}
		},
		{
			"from": [4, 10, 12.85],
			"to": [12, 18, 14],
			"rotation": {"angle": 45, "axis": "x", "origin": [4, 10, 12]},
			"faces": {
				"north": {"uv": [0, 0, 16, 16], "texture": "#4"},
				"east": {"uv": [0, 0, 5, 1.15], "rotation": 90, "texture": "#2"},
				"south": {"uv": [0, 0, 5, 5], "texture": "#2"},
				"west": {"uv": [0, 0, 5, 1.15], "rotation": 270, "texture": "#2"},
				"up": {"uv": [0, 0, 5, 1.15], "texture": "#2"},
				"down": {"uv": [0, 0, 5, 1.15], "rotation": 180, "texture": "#2"}
			}
		},
		{
			"from": [3, 10, 12.35],
			"to": [4, 18, 14],
			"rotation": {"angle": 45, "axis": "x", "origin": [4, 10, 12]},
			"faces": {
				"north": {"uv": [2, 2, 3, 10], "texture": "#2"},
				"east": {"uv": [0, 0, 5, 1.15], "rotation": 90, "texture": "#2"},
				"south": {"uv": [0, 0, 5, 5], "texture": "#2"},
				"west": {"uv": [0, 0, 5, 1.15], "rotation": 270, "texture": "#2"},
				"up": {"uv": [0, 0, 5, 1.15], "texture": "#2"},
				"down": {"uv": [0, 0, 5, 1.15], "rotation": 180, "texture": "#2"}
			}
		},
		{
			"from": [4, 10, 12.35],
			"to": [5, 11, 14],
			"rotation": {"angle": 45, "axis": "x", "origin": [4, 10, 12]},
			"faces": {
				"north": {"uv": [2, 2, 3, 3], "texture": "#2"},
				"east": {"uv": [0, 0, 5, 1.15], "rotation": 90, "texture": "#2"},
				"south": {"uv": [0, 0, 5, 5], "texture": "#2"},
				"west": {"uv": [0, 0, 5, 1.15], "rotation": 270, "texture": "#2"},
				"up": {"uv": [0, 0, 5, 1.15], "texture": "#2"},
				"down": {"uv": [0, 0, 5, 1.15], "rotation": 180, "texture": "#2"}
			}
		},
		{
			"from": [4, 17, 12.35],
			"to": [5, 18, 14],
			"rotation": {"angle": 45, "axis": "x", "origin": [4, 10, 12]},
			"faces": {
				"north": {"uv": [2, 2, 3, 3], "texture": "#2"},
				"east": {"uv": [0, 0, 5, 1.15], "rotation": 90, "texture": "#2"},
				"south": {"uv": [0, 0, 5, 5], "texture": "#2"},
				"west": {"uv": [0, 0, 5, 1.15], "rotation": 270, "texture": "#2"},
				"up": {"uv": [0, 0, 5, 1.15], "texture": "#2"},
				"down": {"uv": [0, 0, 5, 1.15], "rotation": 180, "texture": "#2"}
			}
		},
		{
			"from": [11, 17, 12.35],
			"to": [12, 18, 14],
			"rotation": {"angle": 45, "axis": "x", "origin": [4, 10, 12]},
			"faces": {
				"north": {"uv": [2, 2, 3, 3], "texture": "#2"},
				"east": {"uv": [0, 0, 5, 1.15], "rotation": 90, "texture": "#2"},
				"south": {"uv": [0, 0, 5, 5], "texture": "#2"},
				"west": {"uv": [0, 0, 5, 1.15], "rotation": 270, "texture": "#2"},
				"up": {"uv": [0, 0, 5, 1.15], "texture": "#2"},
				"down": {"uv": [0, 0, 5, 1.15], "rotation": 180, "texture": "#2"}
			}
		},
		{
			"from": [11, 10, 12.35],
			"to": [12, 11, 14],
			"rotation": {"angle": 45, "axis": "x", "origin": [4, 10, 12]},
			"faces": {
				"north": {"uv": [2, 2, 3, 3], "texture": "#2"},
				"east": {"uv": [0, 0, 5, 1.15], "rotation": 90, "texture": "#2"},
				"south": {"uv": [0, 0, 5, 5], "texture": "#2"},
				"west": {"uv": [0, 0, 5, 1.15], "rotation": 270, "texture": "#2"},
				"up": {"uv": [0, 0, 5, 1.15], "texture": "#2"},
				"down": {"uv": [0, 0, 5, 1.15], "rotation": 180, "texture": "#2"}
			}
		},
		{
			"from": [4, 9, 12.35],
			"to": [12, 10, 14],
			"rotation": {"angle": 45, "axis": "x", "origin": [4, 10, 12]},
			"faces": {
				"north": {"uv": [2, 2, 10, 3], "texture": "#2"},
				"east": {"uv": [0, 0, 5, 1.15], "rotation": 90, "texture": "#2"},
				"south": {"uv": [0, 0, 5, 5], "texture": "#2"},
				"west": {"uv": [0, 0, 5, 1.15], "rotation": 270, "texture": "#2"},
				"up": {"uv": [0, 0, 5, 1.15], "texture": "#2"},
				"down": {"uv": [0, 0, 5, 1.15], "rotation": 180, "texture": "#2"}
			}
		},
		{
			"from": [4, 18, 12.35],
			"to": [12, 19, 14],
			"rotation": {"angle": 45, "axis": "x", "origin": [4, 10, 12]},
			"faces": {
				"north": {"uv": [2, 2, 10, 3], "texture": "#2"},
				"east": {"uv": [0, 0, 5, 1.15], "rotation": 90, "texture": "#2"},
				"south": {"uv": [0, 0, 5, 5], "texture": "#2"},
				"west": {"uv": [0, 0, 5, 1.15], "rotation": 270, "texture": "#2"},
				"up": {"uv": [0, 0, 5, 1.15], "texture": "#2"},
				"down": {"uv": [0, 0, 5, 1.15], "rotation": 180, "texture": "#2"}
			}
		},
		{
			"from": [12, 10, 12.35],
			"to": [13, 18, 14],
			"rotation": {"angle": 45, "axis": "x", "origin": [4, 10, 12]},
			"faces": {
				"north": {"uv": [2, 2, 3, 10], "texture": "#2"},
				"east": {"uv": [0, 0, 5, 1.15], "rotation": 90, "texture": "#2"},
				"south": {"uv": [0, 0, 5, 5], "texture": "#2"},
				"west": {"uv": [0, 0, 5, 1.15], "rotation": 270, "texture": "#2"},
				"up": {"uv": [0, 0, 5, 1.15], "texture": "#2"},
				"down": {"uv": [0, 0, 5, 1.15], "rotation": 180, "texture": "#2"}
			}
		},
		{
			"from": [0, 0, 0],
			"to": [16, 2.25, 16],
			"rotation": {"angle": 45, "axis": "y", "origin": [8, 1.125, 8]},
			"faces": {
				"north": {"uv": [0, 0, 16, 2.25], "texture": "#3"},
				"east": {"uv": [0, 0, 16, 2.25], "texture": "#3"},
				"south": {"uv": [0, 0, 16, 2.25], "texture": "#3"},
				"west": {"uv": [0, 0, 16, 2.25], "texture": "#3"},
				"up": {"uv": [0, 0, 16, 16], "rotation": 270, "texture": "#5"},
				"down": {"uv": [0, 0, 16, 16], "texture": "#3"}
			}
		}
	],
	"display": {
		"thirdperson_righthand": {
			"rotation": [0, -180, 0],
			"translation": [0, 0.5, -2.5],
			"scale": [0.375, 0.375, 0.375]
		},
		"firstperson_righthand": {
			"rotation": [0, -180, 0],
			"translation": [0, 3.75, 0],
			"scale": [0.4, 0.4, 0.4]
		},
		"firstperson_lefthand": {
			"rotation": [0, -180, 0],
			"translation": [0, 3.75, 0],
			"scale": [0.4, 0.4, 0.4]
		},
		"ground": {
			"scale": [0.25, 0.25, 0.25]
		},
		"gui": {
			"rotation": [30, -180, 0],
			"scale": [0.625, 0.625, 0.625]
		},
		"head": {
			"rotation": [0, -45, 0]
		},
		"fixed": {
			"rotation": [-90, -45, 0],
			"translation": [0, 0, -16],
			"scale": [2.01, 2.01, 2.01]
		}
	},
	"groups": [
		0,
		1,
		{
			"name": "dish",
			"origin": [8, 8, 8],
			"color": 0,
			"children": [2, 3, 4, 5, 6, 7, 8, 9, 10]
		},
		11
	]
}