{
	"credit": "Made with Blockbench",
	"textures": {
		"1": "redstone/diamond_block",
		"2": "redstone/iron_block",
		"3": "redstone/piston_bottom",
		"4": "redstone/redstone_block",
		"5": "redstone/device_top_2",
		"particle": "redstone/piston_bottom"
	},
	"elements": [
		{
			"from": [7, 11, 15.75],
			"to": [9, 12.25, 17],
			"rotation": {"angle": 0, "axis": "y", "origin": [8, 11.48154, 15.25574]},
			"faces": {
				"north": {"uv": [0, 0, 1, 0.25], "texture": "#2"},
				"east": {"uv": [0, 0, 1, 0.25], "texture": "#2"},
				"south": {"uv": [0, 0, 1, 0.25], "texture": "#2"},
				"west": {"uv": [0, 0, 0.25, 0.25], "texture": "#2"},
				"up": {"uv": [0, 0, 1, 0.25], "texture": "#2"},
				"down": {"uv": [0, 0, 1, 0.25], "texture": "#2"}
			}
		},
		{
			"from": [7, 2, 15],
			"to": [9, 11, 17],
			"rotation": {"angle": 0, "axis": "y", "origin": [8, 11.48154, 15.25574]},
			"faces": {
				"north": {"uv": [0, 0, 2, 9], "texture": "#2"},
				"east": {"uv": [0, 0, 2, 9], "texture": "#2"},
				"south": {"uv": [0, 0, 2, 9], "texture": "#2"},
				"west": {"uv": [0, 0, 2, 9], "texture": "#2"},
				"up": {"uv": [0, 0, 2, 2], "texture": "#2"},
				"down": {"uv": [0, 0, 2, 2], "texture": "#2"}
			}
		},
		{
			"name": "cube2",
			"from": [6.5, 15.13177, 14.60119],
			"to": [9.5, 15.63177, 15.50119],
			"rotation": {"angle": 45, "axis": "x", "origin": [8, 11.48154, 15.25574]},
			"faces": {
				"north": {"uv": [2, 2, 5, 2.5], "rotation": 180, "texture": "#2"},
				"east": {"uv": [0, 0, 0.5, 0.9], "rotation": 90, "texture": "#2"},
				"south": {"uv": [0, 0, 3, 0.5], "texture": "#2"},
				"west": {"uv": [0, 0, 0.5, 0.9], "rotation": 270, "texture": "#2"},
				"up": {"uv": [0, 0, 3, 0.9], "texture": "#2"},
				"down": {"uv": [0, 0, 3, 0.9], "rotation": 180, "texture": "#2"}
			}
		},
		{
			"name": "cube3",
			"from": [6.5, 7.63177, 14.60119],
			"to": [9.5, 8.13177, 15.50119],
			"rotation": {"angle": 45, "axis": "x", "origin": [8, 11.48154, 15.25574]},
			"faces": {
				"north": {"uv": [2, 2, 5, 2.5], "rotation": 180, "texture": "#2"},
				"east": {"uv": [0, 0, 0.5, 0.9], "rotation": 90, "texture": "#2"},
				"south": {"uv": [0, 0, 3, 0.5], "texture": "#2"},
				"west": {"uv": [0, 0, 0.5, 0.9], "rotation": 270, "texture": "#2"},
				"up": {"uv": [0, 0, 3, 0.9], "texture": "#2"},
				"down": {"uv": [0, 0, 3, 0.9], "rotation": 180, "texture": "#2"}
			}
		},
		{
			"from": [11.5, 10.13177, 14.60119],
			"to": [12, 13.13177, 15.50119],
			"rotation": {"angle": 45, "axis": "x", "origin": [8, 11.48154, 15.25574]},
			"faces": {
				"north": {"uv": [2, 2, 2.5, 5], "rotation": 180, "texture": "#2"},
				"east": {"uv": [0, 0, 3, 0.75], "rotation": 90, "texture": "#2"},
				"south": {"uv": [0, 0, 0.5, 3], "texture": "#2"},
				"west": {"uv": [0, 0, 3, 0.75], "rotation": 270, "texture": "#2"},
				"up": {"uv": [0, 0, 0.5, 0.75], "texture": "#2"},
				"down": {"uv": [0, 0, 0.5, 0.75], "rotation": 180, "texture": "#2"}
			}
		},
		{
			"from": [4, 10.13177, 14.60119],
			"to": [4.5, 13.13177, 15.50119],
			"rotation": {"angle": 45, "axis": "x", "origin": [8, 11.48154, 15.25574]},
			"faces": {
				"north": {"uv": [2, 2, 2.5, 5], "rotation": 180, "texture": "#2"},
				"east": {"uv": [0, 0, 3, 0.75], "rotation": 90, "texture": "#2"},
				"south": {"uv": [0, 0, 0.5, 3], "texture": "#2"},
				"west": {"uv": [0, 0, 3, 0.75], "rotation": 270, "texture": "#2"},
				"up": {"uv": [0, 0, 0.5, 0.75], "texture": "#2"},
				"down": {"uv": [0, 0, 0.5, 0.75], "rotation": 180, "texture": "#2"}
			}
		},
		{
			"from": [10.5, 9.13177, 14.60119],
			"to": [11.5, 14.13177, 15.50119],
			"rotation": {"angle": 45, "axis": "x", "origin": [8, 11.48154, 15.25574]},
			"faces": {
				"north": {"uv": [2, 2, 10.999, 10.999], "rotation": 180, "texture": "#2"},
				"east": {"uv": [0, 0, 9, 1], "rotation": 90, "texture": "#2"},
				"south": {"uv": [0, 0, 9, 9], "texture": "#2"},
				"west": {"uv": [0, 0, 9, 1], "rotation": 270, "texture": "#2"},
				"up": {"uv": [0, 0, 9, 1], "texture": "#2"},
				"down": {"uv": [0, 0, 9, 1], "rotation": 180, "texture": "#2"}
			}
		},
		{
			"from": [4.5, 9.13177, 14.60119],
			"to": [5.5, 14.13177, 15.50119],
			"rotation": {"angle": 45, "axis": "x", "origin": [8, 11.48154, 15.25574]},
			"faces": {
				"north": {"uv": [2, 2, 10.999, 10.999], "rotation": 180, "texture": "#2"},
				"east": {"uv": [0, 0, 9, 1], "rotation": 90, "texture": "#2"},
				"south": {"uv": [0, 0, 9, 9], "texture": "#2"},
				"west": {"uv": [0, 0, 9, 1], "rotation": 270, "texture": "#2"},
				"up": {"uv": [0, 0, 9, 1], "texture": "#2"},
				"down": {"uv": [0, 0, 9, 1], "rotation": 180, "texture": "#2"}
			}
		},
		{
			"from": [5.5, 14.13177, 14.60119],
			"to": [10.5, 15.13177, 15.50119],
			"rotation": {"angle": 45, "axis": "x", "origin": [8, 11.48154, 15.25574]},
			"faces": {
				"north": {"uv": [2, 2, 7, 3], "rotation": 180, "texture": "#2"},
				"east": {"uv": [0, 0, 1, 0.9], "rotation": 90, "texture": "#2"},
				"south": {"uv": [0, 0, 5, 1], "texture": "#2"},
				"west": {"uv": [0, 0, 1, 0.9], "rotation": 270, "texture": "#2"},
				"up": {"uv": [0, 0, 5, 0.9], "texture": "#2"},
				"down": {"uv": [0, 0, 5, 0.9], "rotation": 180, "texture": "#2"}
			}
		},
		{
			"from": [5.5, 9.13177, 14.85119],
			"to": [10.5, 14.13177, 16.00119],
			"rotation": {"angle": 45, "axis": "x", "origin": [8, 11.48154, 15.25574]},
			"faces": {
				"north": {"uv": [2, 2, 7, 7], "rotation": 180, "texture": "#2"},
				"east": {"uv": [0, 0, 5, 1.15], "rotation": 90, "texture": "#2"},
				"south": {"uv": [0, 0, 5, 5], "texture": "#2"},
				"west": {"uv": [0, 0, 5, 1.15], "rotation": 270, "texture": "#2"},
				"up": {"uv": [0, 0, 5, 1.15], "texture": "#2"},
				"down": {"uv": [0, 0, 5, 1.15], "rotation": 180, "texture": "#2"}
			}
		},
		{
			"from": [5.5, 8.13177, 14.60119],
			"to": [10.5, 9.13177, 15.50119],
			"rotation": {"angle": 45, "axis": "x", "origin": [8, 11.48154, 15.25574]},
			"faces": {
				"north": {"uv": [2, 2, 7, 3], "rotation": 180, "texture": "#2"},
				"east": {"uv": [0, 0, 1, 0.9], "rotation": 90, "texture": "#2"},
				"south": {"uv": [0, 0, 5, 1], "texture": "#2"},
				"west": {"uv": [0, 0, 1, 0.9], "rotation": 270, "texture": "#2"},
				"up": {"uv": [0, 0, 5, 0.9], "texture": "#2"},
				"down": {"uv": [0, 0, 5, 0.9], "rotation": 180, "texture": "#2"}
			}
		},
		{
			"from": [7.5, 11.13177, 13.00119],
			"to": [8.5, 12.13177, 15.00119],
			"rotation": {"angle": 45, "axis": "x", "origin": [8, 11.48154, 15.25574]},
			"faces": {
				"north": {"uv": [2, 2, 3, 3], "rotation": 180, "texture": "#1"},
				"east": {"uv": [0, 0, 1, 2], "rotation": 90, "texture": "#1"},
				"south": {"uv": [0, 0, 1, 1], "texture": "#1"},
				"west": {"uv": [0, 0, 1, 2], "rotation": 270, "texture": "#1"},
				"up": {"uv": [0, 0, 1, 2], "texture": "#1"},
				"down": {"uv": [0, 0, 1, 2], "rotation": 180, "texture": "#1"}
			}
		},
		{
			"from": [11.5, 11.13177, 14.25119],
			"to": [12.5, 12.13177, 15.25119],
			"rotation": {"angle": 45, "axis": "x", "origin": [8, 11.48154, 15.25574]},
			"faces": {
				"north": {"uv": [2, 2, 3, 3], "rotation": 180, "texture": "#4"},
				"east": {"uv": [0, 0, 1, 1], "rotation": 90, "texture": "#4"},
				"south": {"uv": [0, 0, 1, 1], "texture": "#4"},
				"west": {"uv": [0, 0, 1, 1], "rotation": 270, "texture": "#4"},
				"up": {"uv": [0, 0, 1, 1], "texture": "#4"},
				"down": {"uv": [0, 0, 1, 1], "rotation": 180, "texture": "#4"}
			}
		},
		{
			"from": [7.5, 7.13177, 14.25119],
			"to": [8.5, 8.13177, 15.25119],
			"rotation": {"angle": 45, "axis": "x", "origin": [8, 11.48154, 15.25574]},
			"faces": {
				"north": {"uv": [2, 2, 3, 3], "rotation": 180, "texture": "#4"},
				"east": {"uv": [0, 0, 1, 1], "rotation": 90, "texture": "#4"},
				"south": {"uv": [0, 0, 1, 1], "texture": "#4"},
				"west": {"uv": [0, 0, 1, 1], "rotation": 270, "texture": "#4"},
				"up": {"uv": [0, 0, 1, 1], "texture": "#4"},
				"down": {"uv": [0, 0, 1, 1], "rotation": 180, "texture": "#4"}
			}
		},
		{
			"from": [3.5, 11.13177, 14.25119],
			"to": [4.5, 12.13177, 15.25119],
			"rotation": {"angle": 45, "axis": "x", "origin": [8, 11.48154, 15.25574]},
			"faces": {
				"north": {"uv": [2, 2, 3, 3], "rotation": 180, "texture": "#4"},
				"east": {"uv": [0, 0, 1, 1], "rotation": 90, "texture": "#4"},
				"south": {"uv": [0, 0, 1, 1], "texture": "#4"},
				"west": {"uv": [0, 0, 1, 1], "rotation": 270, "texture": "#4"},
				"up": {"uv": [0, 0, 1, 1], "texture": "#4"},
				"down": {"uv": [0, 0, 1, 1], "rotation": 180, "texture": "#4"}
			}
		},
		{
			"from": [7.5, 15.13177, 14.25119],
			"to": [8.5, 16.13177, 15.25119],
			"rotation": {"angle": 45, "axis": "x", "origin": [8, 11.48154, 15.25574]},
			"faces": {
				"north": {"uv": [2, 2, 3, 3], "rotation": 180, "texture": "#4"},
				"east": {"uv": [0, 0, 1, 1], "rotation": 90, "texture": "#4"},
				"south": {"uv": [0, 0, 1, 1], "texture": "#4"},
				"west": {"uv": [0, 0, 1, 1], "rotation": 270, "texture": "#4"},
				"up": {"uv": [0, 0, 1, 1], "texture": "#4"},
				"down": {"uv": [0, 0, 1, 1], "rotation": 180, "texture": "#4"}
			}
		},
		{
			"from": [0, 0, 0],
			"to": [16, 2.25, 16],
			"rotation": {"angle": 45, "axis": "y", "origin": [8, 1.125, 8]},
			"faces": {
				"north": {"uv": [0, 0, 16, 2.25], "texture": "#3"},
				"east": {"uv": [0, 0, 16, 2.25], "texture": "#3"},
				"south": {"uv": [0, 0, 16, 2.25], "texture": "#3"},
				"west": {"uv": [0, 0, 16, 2.25], "texture": "#3"},
				"up": {"uv": [0, 0, 16, 16], "rotation": 90, "texture": "#5"},
				"down": {"uv": [0, 0, 16, 16], "texture": "#3"}
			}
		}
	],
	"display": {
		"thirdperson_righthand": {
			"rotation": [0, -180, 0],
			"translation": [0, 0.5, -2.5],
			"scale": [0.375, 0.375, 0.375]
		},
		"firstperson_righthand": {
			"rotation": [0, -180, 0],
			"translation": [0, 3.75, 0],
			"scale": [0.4, 0.4, 0.4]
		},
		"firstperson_lefthand": {
			"rotation": [0, -180, 0],
			"translation": [0, 3.75, 0],
			"scale": [0.4, 0.4, 0.4]
		},
		"ground": {
			"scale": [0.25, 0.25, 0.25]
		},
		"gui": {
			"rotation": [30, -180, 0],
			"scale": [0.625, 0.625, 0.625]
		},
		"head": {
			"rotation": [0, -45, 0]
		},
		"fixed": {
			"rotation": [-90, -45, 0],
			"translation": [0, 0, -16],
			"scale": [2.01, 2.01, 2.01]
		}
	},
	"groups": [
		0,
		1,
		{
			"name": "dish",
			"origin": [8, 8, 8],
			"color": 0,
			"children": [2, 3, 4, 5, 6, 7, 8, 9, 10, 11, 12, 13, 14, 15]
		},
		16
	]
}