{
	"credit": "Made with Blockbench",
	"textures": {
		"2": "redstone/iron_block",
		"3": "redstone/red_stained_glass",
		"4": "redstone/redstone_block",
		"5": "redstone/piston_bottom",
		"6": "redstone/timer_top",
		"particle": "redstone/stone"
	},
	"elements": [
		{
			"from": [0, 0, 0],
			"to": [16, 2.25, 16],
			"faces": {
				"north": {"uv": [0, 0, 16, 2.25], "texture": "#5"},
				"east": {"uv": [0, 0, 16, 2.25], "texture": "#5"},
				"south": {"uv": [0, 0, 16, 2.25], "texture": "#5"},
				"west": {"uv": [0, 0, 16, 2.25], "texture": "#5"},
				"up": {"uv": [0, 0, 16, 16], "rotation": 90, "texture": "#6"},
				"down": {"uv": [0, 0, 16, 16], "texture": "#5"}
			}
		},
		{
			"from": [1, 2, 13],
			"to": [3, 6, 15],
			"rotation": {"angle": 45, "axis": "y", "origin": [2, 11, 14]},
			"faces": {
				"north": {"uv": [0, 0, 2, 4], "texture": "#2"},
				"east": {"uv": [0, 0, 2, 4], "texture": "#2"},
				"south": {"uv": [0, 0, 2, 4], "texture": "#2"},
				"west": {"uv": [0, 0, 2, 4], "texture": "#2"},
				"up": {"uv": [0, 0, 2, 2], "texture": "#2"},
				"down": {"uv": [0, 0, 2, 2], "texture": "#2"}
			}
		},
		{
			"from": [1, 6, 13],
			"to": [3, 8, 15],
			"rotation": {"angle": 45, "axis": "y", "origin": [2, 11, 14]},
			"faces": {
				"north": {"uv": [0, 0, 2, 2], "texture": "#4"},
				"east": {"uv": [0, 0, 2, 2], "texture": "#4"},
				"south": {"uv": [0, 0, 2, 2], "texture": "#4"},
				"west": {"uv": [0, 0, 2, 2], "texture": "#4"},
				"up": {"uv": [0, 0, 2, 2], "texture": "#4"},
				"down": {"uv": [0, 0, 2, 2], "texture": "#4"}
			}
		},
		{
			"from": [0.5, 5.5, 12.5],
			"to": [3.5, 8.5, 15.5],
			"rotation": {"angle": 45, "axis": "y", "origin": [2, 11, 14]},
			"faces": {
				"north": {"uv": [0, 0, 16, 16], "texture": "#3"},
				"east": {"uv": [0, 0, 16, 16], "texture": "#3"},
				"south": {"uv": [0, 0, 16, 16], "texture": "#3"},
				"west": {"uv": [0, 0, 16, 16], "texture": "#3"},
				"up": {"uv": [0, 0, 16, 16], "texture": "#3"},
				"down": {"uv": [0, 0, 16, 16], "texture": "#3"}
			}
		},
		{
			"from": [13, 2, 13],
			"to": [15, 6, 15],
			"rotation": {"angle": -45, "axis": "y", "origin": [14, 11, 14]},
			"faces": {
				"north": {"uv": [2, 0, 0, 4], "texture": "#2"},
				"east": {"uv": [2, 0, 0, 4], "texture": "#2"},
				"south": {"uv": [2, 0, 0, 4], "texture": "#2"},
				"west": {"uv": [2, 0, 0, 4], "texture": "#2"},
				"up": {"uv": [2, 0, 0, 2], "texture": "#2"},
				"down": {"uv": [2, 0, 0, 2], "texture": "#2"}
			}
		},
		{
			"from": [13, 6, 13],
			"to": [15, 8, 15],
			"rotation": {"angle": -45, "axis": "y", "origin": [14, 11, 14]},
			"faces": {
				"north": {"uv": [2, 0, 0, 2], "texture": "#4"},
				"east": {"uv": [2, 0, 0, 2], "texture": "#4"},
				"south": {"uv": [2, 0, 0, 2], "texture": "#4"},
				"west": {"uv": [2, 0, 0, 2], "texture": "#4"},
				"up": {"uv": [2, 0, 0, 2], "texture": "#4"},
				"down": {"uv": [2, 0, 0, 2], "texture": "#4"}
			}
		},
		{
			"from": [12.5, 5.5, 12.5],
			"to": [15.5, 8.5, 15.5],
			"rotation": {"angle": -45, "axis": "y", "origin": [14, 11, 14]},
			"faces": {
				"north": {"uv": [16, 0, 0, 16], "texture": "#3"},
				"east": {"uv": [16, 0, 0, 16], "texture": "#3"},
				"south": {"uv": [16, 0, 0, 16], "texture": "#3"},
				"west": {"uv": [16, 0, 0, 16], "texture": "#3"},
				"up": {"uv": [16, 0, 0, 16], "texture": "#3"},
				"down": {"uv": [16, 0, 0, 16], "texture": "#3"}
			}
		},
		{
			"from": [1, 2, 1],
			"to": [3, 6, 3],
			"rotation": {"angle": -45, "axis": "y", "origin": [2, 11, 2]},
			"faces": {
				"north": {"uv": [2, 0, 0, 4], "texture": "#2"},
				"east": {"uv": [2, 0, 0, 4], "texture": "#2"},
				"south": {"uv": [2, 0, 0, 4], "texture": "#2"},
				"west": {"uv": [2, 0, 0, 4], "texture": "#2"},
				"up": {"uv": [0, 2, 2, 0], "texture": "#2"},
				"down": {"uv": [0, 2, 2, 0], "texture": "#2"}
			}
		},
		{
			"from": [1, 6, 1],
			"to": [3, 8, 3],
			"rotation": {"angle": -45, "axis": "y", "origin": [2, 11, 2]},
			"faces": {
				"north": {"uv": [2, 0, 0, 2], "texture": "#4"},
				"east": {"uv": [2, 0, 0, 2], "texture": "#4"},
				"south": {"uv": [2, 0, 0, 2], "texture": "#4"},
				"west": {"uv": [2, 0, 0, 2], "texture": "#4"},
				"up": {"uv": [0, 2, 2, 0], "texture": "#4"},
				"down": {"uv": [0, 2, 2, 0], "texture": "#4"}
			}
		},
		{
			"from": [0.5, 5.5, 0.5],
			"to": [3.5, 8.5, 3.5],
			"rotation": {"angle": -45, "axis": "y", "origin": [2, 11, 2]},
			"faces": {
				"north": {"uv": [16, 0, 0, 16], "texture": "#3"},
				"east": {"uv": [16, 0, 0, 16], "texture": "#3"},
				"south": {"uv": [16, 0, 0, 16], "texture": "#3"},
				"west": {"uv": [16, 0, 0, 16], "texture": "#3"},
				"up": {"uv": [0, 16, 16, 0], "texture": "#3"},
				"down": {"uv": [0, 16, 16, 0], "texture": "#3"}
			}
		},
		{
			"from": [13, 2, 1],
			"to": [15, 6, 3],
			"rotation": {"angle": 45, "axis": "y", "origin": [14, 11, 2]},
			"faces": {
				"north": {"uv": [0, 0, 2, 4], "texture": "#2"},
				"east": {"uv": [0, 0, 2, 4], "texture": "#2"},
				"south": {"uv": [0, 0, 2, 4], "texture": "#2"},
				"west": {"uv": [0, 0, 2, 4], "texture": "#2"},
				"up": {"uv": [2, 2, 0, 0], "texture": "#2"},
				"down": {"uv": [2, 2, 0, 0], "texture": "#2"}
			}
		},
		{
			"from": [13, 6, 1],
			"to": [15, 8, 3],
			"rotation": {"angle": 45, "axis": "y", "origin": [14, 11, 2]},
			"faces": {
				"north": {"uv": [0, 0, 2, 2], "texture": "#4"},
				"east": {"uv": [0, 0, 2, 2], "texture": "#4"},
				"south": {"uv": [0, 0, 2, 2], "texture": "#4"},
				"west": {"uv": [0, 0, 2, 2], "texture": "#4"},
				"up": {"uv": [2, 2, 0, 0], "texture": "#4"},
				"down": {"uv": [2, 2, 0, 0], "texture": "#4"}
			}
		},
		{
			"from": [12.5, 5.5, 0.5],
			"to": [15.5, 8.5, 3.5],
			"rotation": {"angle": 45, "axis": "y", "origin": [14, 11, 2]},
			"faces": {
				"north": {"uv": [0, 0, 16, 16], "texture": "#3"},
				"east": {"uv": [0, 0, 16, 16], "texture": "#3"},
				"south": {"uv": [0, 0, 16, 16], "texture": "#3"},
				"west": {"uv": [0, 0, 16, 16], "texture": "#3"},
				"up": {"uv": [16, 16, 0, 0], "texture": "#3"},
				"down": {"uv": [16, 16, 0, 0], "texture": "#3"}
			}
		}
	],
	"gui_light": "front",
	"display": {
		"thirdperson_righthand": {
			"rotation": [0, -135, 0],
			"translation": [0, 0.5, -2.5],
			"scale": [0.375, 0.375, 0.375]
		},
		"firstperson_righthand": {
			"rotation": [0, -135, 0],
			"translation": [0, 3.75, 0],
			"scale": [0.4, 0.4, 0.4]
		},
		"firstperson_lefthand": {
			"rotation": [0, 90, 0],
			"translation": [0, 3.75, 0],
			"scale": [0.4, 0.4, 0.4]
		},
		"ground": {
			"scale": [0.25, 0.25, 0.25]
		},
		"gui": {
			"rotation": [30, 225, 0],
			"scale": [0.625, 0.625, 0.625]
		},
		"fixed": {
			"rotation": [-90, 0, 0],
			"translation": [0, 0, -16],
			"scale": [2.01, 2.01, 2.01]
		}
	},
	"groups": [
		0,
		{
			"name": "group",
			"origin": [2, 11, 14],
			"color": 0,
			"children": [1, 2, 3]
		},
		{
			"name": "group",
			"origin": [2, 11, 14],
			"color": 0,
			"children": [4, 5, 6]
		},
		{
			"name": "group",
			"origin": [2, 11, 14],
			"color": 0,
			"children": [7, 8, 9]
		},
		{
			"name": "group",
			"origin": [2, 11, 14],
			"color": 0,
			"children": [10, 11, 12]
		}
	]
}