{
	"credit": "Made with Blockbench",
	"textures": {
		"2": "redstone/iron_block",
		"3": "redstone/red_stained_glass",
		"4": "redstone/redstone_block",
		"5": "redstone/piston_bottom",
		"6": "redstone/device_top_2",
		"particle": "redstone/stone"
	},
	"elements": [
		{
			"from": [1, 2, 13],
			"to": [3, 12, 15],
			"rotation": {"angle": 45, "axis": "y", "origin": [2, 11, 14]},
			"faces": {
				"north": {"uv": [0, 0, 2, 10], "texture": "#2"},
				"east": {"uv": [0, 0, 2, 10], "texture": "#2"},
				"south": {"uv": [0, 0, 2, 10], "texture": "#2"},
				"west": {"uv": [0, 0, 2, 10], "texture": "#2"},
				"up": {"uv": [0, 0, 2, 2], "texture": "#2"},
				"down": {"uv": [0, 0, 2, 2], "texture": "#2"}
			}
		},
		{
			"from": [1, 12, 13],
			"to": [3, 14, 15],
			"rotation": {"angle": 45, "axis": "y", "origin": [2, 11, 14]},
			"faces": {
				"north": {"uv": [0, 0, 2, 2], "texture": "#4"},
				"east": {"uv": [0, 0, 2, 2], "texture": "#4"},
				"south": {"uv": [0, 0, 2, 2], "texture": "#4"},
				"west": {"uv": [0, 0, 2, 2], "texture": "#4"},
				"up": {"uv": [0, 0, 2, 2], "texture": "#4"},
				"down": {"uv": [0, 0, 2, 2], "texture": "#4"}
			}
		},
		{
			"from": [0, 11, 12],
			"to": [4, 15, 16],
			"rotation": {"angle": 45, "axis": "y", "origin": [2, 11, 14]},
			"faces": {
				"north": {"uv": [0, 0, 16, 16], "texture": "#3"},
				"east": {"uv": [0, 0, 16, 16], "texture": "#3"},
				"south": {"uv": [0, 0, 16, 16], "texture": "#3"},
				"west": {"uv": [0, 0, 16, 16], "texture": "#3"},
				"up": {"uv": [0, 0, 16, 16], "texture": "#3"},
				"down": {"uv": [0, 0, 16, 16], "texture": "#3"}
			}
		},
		{
			"from": [0, 0, 0],
			"to": [16, 2.25, 16],
			"faces": {
				"north": {"uv": [0, 0, 16, 2.25], "texture": "#5"},
				"east": {"uv": [0, 0, 16, 2.25], "texture": "#5"},
				"south": {"uv": [0, 0, 16, 2.25], "texture": "#5"},
				"west": {"uv": [0, 0, 16, 2.25], "texture": "#5"},
				"up": {"uv": [0, 0, 16, 16], "rotation": 90, "texture": "#6"},
				"down": {"uv": [0, 0, 16, 16], "texture": "#5"}
			}
		}
	],
	"gui_light": "front",
	"display": {
		"thirdperson_righthand": {
			"rotation": [0, -135, 0],
			"translation": [0, 0.5, -2.5],
			"scale": [0.375, 0.375, 0.375]
		},
		"firstperson_righthand": {
			"rotation": [0, -135, 0],
			"translation": [0, 3.75, 0],
			"scale": [0.4, 0.4, 0.4]
		},
		"firstperson_lefthand": {
			"rotation": [0, 90, 0],
			"translation": [0, 3.75, 0],
			"scale": [0.4, 0.4, 0.4]
		},
		"ground": {
			"scale": [0.25, 0.25, 0.25]
		},
		"gui": {
			"rotation": [30, 225, 0],
			"scale": [0.625, 0.625, 0.625]
		},
		"fixed": {
			"rotation": [-90, 0, 0],
			"translation": [0, 0, -16],
			"scale": [2.01, 2.01, 2.01]
		}
	}
}