{
	"credit": "Made with Blockbench",
	"textures": {
		"0": "wands/iron_block",
		"1": "wands/light_gray_concrete_powder",
		"2": "wands/light_gray_stained_glass",
		"3": "wands/powder_snow",
		"5": "wands/white_concrete",
		"particle": "wands/light_gray_concrete_powder"
	},
	"elements": [
		{
			"from": [7, 0, 7],
			"to": [9, 16, 9],
			"faces": {
				"north": {"uv": [0, 0, 2, 16], "texture": "#0"},
				"east": {"uv": [0, 0, 2, 16], "texture": "#0"},
				"south": {"uv": [0, 0, 2, 16], "texture": "#0"},
				"west": {"uv": [0, 0, 2, 16], "texture": "#0"},
				"up": {"uv": [0, 0, 2, 2], "texture": "#0"},
				"down": {"uv": [0, 0, 2, 2], "texture": "#0"}
			}
		},
		{
			"from": [6, 16, 6],
			"to": [10, 20, 10],
			"faces": {
				"north": {"uv": [0, 0, 4, 4], "texture": "#5"},
				"east": {"uv": [0, 0, 4, 4], "texture": "#5"},
				"south": {"uv": [0, 0, 4, 4], "texture": "#5"},
				"west": {"uv": [0, 0, 4, 4], "texture": "#5"},
				"up": {"uv": [0, 0, 4, 4], "texture": "#5"},
				"down": {"uv": [0, 0, 4, 4], "texture": "#5"}
			}
		},
		{
			"from": [5.5, 20, 5.5],
			"to": [10.5, 25, 10.5],
			"faces": {
				"north": {"uv": [0, 0, 5, 5], "texture": "#3"},
				"east": {"uv": [0, 0, 5, 5], "texture": "#3"},
				"south": {"uv": [0, 0, 5, 5], "texture": "#3"},
				"west": {"uv": [0, 0, 5, 5], "texture": "#3"},
				"up": {"uv": [0, 0, 5, 5], "texture": "#3"},
				"down": {"uv": [0, 0, 5, 5], "texture": "#3"}
			}
		},
		{
			"from": [3, 17, 7],
			"to": [5, 29, 9],
			"rotation": {"angle": 22.5, "axis": "z", "origin": [5, 24.5, 8]},
			"faces": {
				"north": {"uv": [0, 0, 2, 12], "texture": "#1"},
				"east": {"uv": [0, 0, 2, 12], "texture": "#1"},
				"south": {"uv": [0, 0, 2, 12], "texture": "#1"},
				"west": {"uv": [0, 0, 2, 12], "texture": "#1"},
				"up": {"uv": [0, 0, 2, 2], "texture": "#1"},
				"down": {"uv": [0, 0, 2, 2], "texture": "#1"}
			}
		},
		{
			"from": [11, 17, 7],
			"to": [13, 29, 9],
			"rotation": {"angle": -22.5, "axis": "z", "origin": [11, 24.5, 8]},
			"faces": {
				"north": {"uv": [2, 0, 0, 12], "texture": "#1"},
				"east": {"uv": [2, 0, 0, 12], "texture": "#1"},
				"south": {"uv": [2, 0, 0, 12], "texture": "#1"},
				"west": {"uv": [2, 0, 0, 12], "texture": "#1"},
				"up": {"uv": [2, 0, 0, 2], "texture": "#1"},
				"down": {"uv": [2, 0, 0, 2], "texture": "#1"}
			}
		},
		{
			"from": [7, 18.01343, 10.09486],
			"to": [9, 30.01343, 12.09486],
			"rotation": {"angle": 22.5, "axis": "x", "origin": [8, 22.7315, 8]},
			"faces": {
				"north": {"uv": [2, 0, 4, 12], "texture": "#1"},
				"east": {"uv": [2, 0, 4, 12], "texture": "#1"},
				"south": {"uv": [2, 0, 4, 12], "texture": "#1"},
				"west": {"uv": [2, 0, 4, 12], "texture": "#1"},
				"up": {"uv": [2, 0, 4, 2], "rotation": 90, "texture": "#1"},
				"down": {"uv": [2, 0, 4, 2], "rotation": 270, "texture": "#1"}
			}
		},
		{
			"from": [7, 18.01343, 3.90514],
			"to": [9, 30.01343, 5.90514],
			"rotation": {"angle": -22.5, "axis": "x", "origin": [8, 22.7315, 8]},
			"faces": {
				"north": {"uv": [0, 0, 2, 12], "texture": "#1"},
				"east": {"uv": [0, 0, 2, 12], "texture": "#1"},
				"south": {"uv": [0, 0, 2, 12], "texture": "#1"},
				"west": {"uv": [0, 0, 2, 12], "texture": "#1"},
				"up": {"uv": [0, 0, 2, 2], "rotation": 90, "texture": "#1"},
				"down": {"uv": [0, 0, 2, 2], "rotation": 270, "texture": "#1"}
			}
		},
		{
			"from": [5, 19.75, 5],
			"to": [11, 25.75, 11],
			"faces": {
				"north": {"uv": [0, 0, 16, 16], "texture": "#2"},
				"east": {"uv": [0, 0, 16, 16], "texture": "#2"},
				"south": {"uv": [0, 0, 16, 16], "texture": "#2"},
				"west": {"uv": [0, 0, 16, 16], "texture": "#2"},
				"up": {"uv": [0, 0, 16, 16], "texture": "#2"},
				"down": {"uv": [0, 0, 16, 16], "texture": "#2"}
			}
		},
		{
			"from": [6.6, -2.8, 6.95],
			"to": [7.3, 0, 9.05],
			"rotation": {"angle": 22.5, "axis": "z", "origin": [6.25, -1.75, 8]},
			"faces": {
				"north": {"uv": [0, 0, 1, 4], "texture": "#1"},
				"east": {"uv": [0, 0, 3, 4], "texture": "#1"},
				"south": {"uv": [0, 0, 1, 4], "texture": "#1"},
				"west": {"uv": [0, 0, 3, 4], "texture": "#1"},
				"up": {"uv": [0, 0, 1, 3], "texture": "#1"},
				"down": {"uv": [0, 0, 1, 3], "texture": "#1"}
			}
		},
		{
			"from": [6.425, -1.1025, 6.425],
			"to": [9.575, 0.2975, 9.575],
			"rotation": {"angle": 0, "axis": "y", "origin": [8, -0.4025, 8]},
			"faces": {
				"north": {"uv": [0, 0, 4.5, 2], "texture": "#3"},
				"east": {"uv": [0, 0, 4.5, 2], "texture": "#3"},
				"south": {"uv": [0, 0, 4.5, 2], "texture": "#3"},
				"west": {"uv": [0, 0, 4.5, 2], "texture": "#3"},
				"up": {"uv": [0, 0, 4.5, 4.5], "texture": "#3"},
				"down": {"uv": [0, 0, 4.5, 4.5], "texture": "#3"}
			}
		},
		{
			"from": [6.95, -2.10991, 8.6693],
			"to": [9.05, 0.69009, 9.3693],
			"rotation": {"angle": 22.5, "axis": "x", "origin": [8, -1.48212, 8]},
			"faces": {
				"north": {"uv": [3, 0, 6, 4], "texture": "#1"},
				"east": {"uv": [1, 0, 2, 4], "texture": "#1"},
				"south": {"uv": [3, 0, 6, 4], "texture": "#1"},
				"west": {"uv": [1, 0, 2, 4], "texture": "#1"},
				"up": {"uv": [1, 0, 2, 3], "rotation": 90, "texture": "#1"},
				"down": {"uv": [1, 0, 2, 3], "rotation": 270, "texture": "#1"}
			}
		},
		{
			"from": [8.7, -2.8, 6.95],
			"to": [9.4, 0, 9.05],
			"rotation": {"angle": -22.5, "axis": "z", "origin": [9.75, -1.75, 8]},
			"faces": {
				"north": {"uv": [1, 0, 2, 4], "texture": "#1"},
				"east": {"uv": [3, 0, 6, 4], "texture": "#1"},
				"south": {"uv": [1, 0, 2, 4], "texture": "#1"},
				"west": {"uv": [3, 0, 6, 4], "texture": "#1"},
				"up": {"uv": [1, 0, 2, 3], "texture": "#1"},
				"down": {"uv": [1, 0, 2, 3], "texture": "#1"}
			}
		},
		{
			"from": [6.95, -2.10991, 6.6307],
			"to": [9.05, 0.69009, 7.3307],
			"rotation": {"angle": -22.5, "axis": "x", "origin": [8, -1.48212, 8]},
			"faces": {
				"north": {"uv": [0, 0, 3, 4], "texture": "#1"},
				"east": {"uv": [0, 0, 1, 4], "texture": "#1"},
				"south": {"uv": [0, 0, 3, 4], "texture": "#1"},
				"west": {"uv": [0, 0, 1, 4], "texture": "#1"},
				"up": {"uv": [0, 0, 1, 3], "rotation": 90, "texture": "#1"},
				"down": {"uv": [0, 0, 1, 3], "rotation": 270, "texture": "#1"}
			}
		},
		{
			"from": [6.9675, -2.5725, 6.9675],
			"to": [9.0325, -1.8725, 9.0325],
			"rotation": {"angle": 0, "axis": "y", "origin": [2.4, 0, 2.4]},
			"faces": {
				"north": {"uv": [0, 0, 2.95, 1], "texture": "#3"},
				"east": {"uv": [0, 0, 2.95, 1], "texture": "#3"},
				"south": {"uv": [0, 0, 2.95, 1], "texture": "#3"},
				"west": {"uv": [0, 0, 2.95, 1], "texture": "#3"},
				"up": {"uv": [0, 0, 2.95, 2.95], "texture": "#3"},
				"down": {"uv": [0, 0, 2.95, 2.95], "texture": "#3"}
			}
		}
	],
	"gui_light": "front",
	"display": {
		"thirdperson_righthand": {
			"translation": [0, 1.5, 0]
		},
		"firstperson_righthand": {
			"rotation": [-30, 11, 0],
			"translation": [-1, 4.75, 2.25],
			"scale": [0.6, 0.6, 0.6]
		},
		"firstperson_lefthand": {
			"rotation": [-30, 11, 0],
			"translation": [-1, 4.75, 2.25],
			"scale": [0.6, 0.6, 0.6]
		},
		"ground": {
			"translation": [0, 5.25, 0],
			"scale": [0.7, 0.7, 0.7]
		},
		"gui": {
			"rotation": [0, 2, -45],
			"translation": [-1.25, -1.5, 0],
			"scale": [0.7, 0.7, 0.7]
		},
		"fixed": {
			"rotation": [0, 0, 45],
			"translation": [2, -2, -1]
		}
	},
	"groups": [0, 1, 2, 3, 4, 5, 6, 7,
		{
			"name": "group",
			"origin": [0, 0, 0],
			"color": 0,
			"children": [8, 9, 10, 11, 12, 13]
		}
	]
}