{
	"parent": "item/handheld_rod",
	"textures": {
		"layer0": "item/warped_fungus_on_a_stick"
	},
	"overrides": [
		{ "predicate": {"custom_model_data": 1}, "model": "item/totems/bat_of_undying" },
		{ "predicate": {"custom_model_data": 2}, "model": "item/totems/blaze_of_undying" },
		{ "predicate": {"custom_model_data": 3}, "model": "item/totems/creeper_of_undying" },
		{ "predicate": {"custom_model_data": 4}, "model": "item/totems/enderman_of_undying" },
		{ "predicate": {"custom_model_data": 5}, "model": "item/totems/ghast_of_undying" },
		{ "predicate": {"custom_model_data": 6}, "model": "item/totems/guardian_of_undying" },
		{ "predicate": {"custom_model_data": 7}, "model": "item/totems/illiger_of_undying" },
		{ "predicate": {"custom_model_data": 8}, "model": "item/totems/shulker_of_undying" },
		{ "predicate": {"custom_model_data": 9}, "model": "item/totems/slime_of_undying" },
		{ "predicate": {"custom_model_data": 10}, "model": "item/totems/spider_of_undying" },
		{ "predicate": {"custom_model_data": 11}, "model": "item/totems/squid_of_undying" },
		{ "predicate": {"custom_model_data": 12}, "model": "item/totems/steve_of_undying" },
		{ "predicate": {"custom_model_data": 13}, "model": "item/totems/wither_of_undying" },
		{ "predicate": {"custom_model_data": 14}, "model": "item/totems/golem_of_undying" },
		{ "predicate": {"custom_model_data": 15}, "model": "item/totems/witch_of_undying" },
		{ "predicate": {"custom_model_data": 16}, "model": "item/totems/dark_totem_of_undying" }
	]
}
