{
	"credit": "Made with Blockbench",
	"textures": {
		"0": "shovels/vacuum/blue_concrete",
		"1": "shovels/vacuum/cyan_terracotta",
		"2": "shovels/vacuum/gray_concrete",
		"3": "shovels/vacuum/green_concrete",
		"4": "shovels/vacuum/light_gray_shulker_box",
		"5": "shovels/vacuum/lime_concrete",
		"6": "shovels/vacuum/red_terracotta",
		"7": "shovels/vacuum/white_concrete",
		"8": "shovels/vacuum/white_concrete_powder",
		"9": "shovels/vacuum/white_shulker_box",
		"10": "shovels/vacuum/yellow_concrete",
		"particle": "shovels/vacuum/blue_concrete"
	},
	"elements": [
		{
			"from": [7, 3, -2],
			"to": [9, 5, 11],
			"faces": {
				"north": {"uv": [0, 0, 2, 2], "texture": "#9"},
				"east": {"uv": [0, 0, 13, 2], "texture": "#9"},
				"south": {"uv": [0, 0, 2, 2], "texture": "#9"},
				"west": {"uv": [0, 0, 13, 2], "texture": "#9"},
				"up": {"uv": [0, 0, 2, 13], "texture": "#9"},
				"down": {"uv": [0, 0, 2, 13], "texture": "#9"}
			}
		},
		{
			"from": [3.5, 5.5, -5],
			"to": [12.5, 6.5, -3],
			"faces": {
				"north": {"uv": [0, 0, 9, 1], "texture": "#7"},
				"east": {"uv": [0, 0, 2, 1], "texture": "#7"},
				"south": {"uv": [0, 0, 9, 1], "texture": "#7"},
				"west": {"uv": [0, 0, 2, 1], "texture": "#7"},
				"up": {"uv": [0, 0, 9, 2], "texture": "#7"},
				"down": {"uv": [0, 12, 9, 14], "texture": "#7"}
			}
		},
		{
			"from": [3.5, 1.5, -5],
			"to": [12.5, 2.5, -3],
			"faces": {
				"north": {"uv": [0, 0, 9, 1], "texture": "#7"},
				"east": {"uv": [0, 0, 2, 1], "texture": "#7"},
				"south": {"uv": [0, 0, 9, 1], "texture": "#7"},
				"west": {"uv": [0, 0, 2, 1], "texture": "#7"},
				"up": {"uv": [0, 14, 9, 16], "texture": "#7"},
				"down": {"uv": [0, 0, 9, 2], "texture": "#7"}
			}
		},
		{
			"from": [3.5, 2.5, -5],
			"to": [4.5, 5.5, -3],
			"faces": {
				"north": {"uv": [0, 0, 1, 3], "texture": "#7"},
				"east": {"uv": [14, 13, 16, 16], "texture": "#7"},
				"south": {"uv": [0, 0, 1, 3], "texture": "#7"},
				"west": {"uv": [0, 0, 2, 3], "texture": "#7"},
				"up": {"uv": [0, 0, 1, 2], "texture": "#7"},
				"down": {"uv": [0, 0, 1, 2], "texture": "#7"}
			}
		},
		{
			"from": [11.5, 2.5, -5],
			"to": [12.5, 5.5, -3],
			"faces": {
				"north": {"uv": [0, 0, 1, 3], "texture": "#7"},
				"east": {"uv": [0, 0, 2, 3], "texture": "#7"},
				"south": {"uv": [0, 0, 1, 3], "texture": "#7"},
				"west": {"uv": [12, 13, 14, 16], "texture": "#7"},
				"up": {"uv": [0, 0, 1, 2], "texture": "#7"},
				"down": {"uv": [0, 0, 1, 2], "texture": "#7"}
			}
		},
		{
			"from": [3.5, 1.5, -3],
			"to": [12.5, 6.5, -2],
			"faces": {
				"north": {"uv": [7, 11, 16, 16], "texture": "#8"},
				"east": {"uv": [0, 0, 1, 5], "texture": "#7"},
				"south": {"uv": [0, 0, 9, 5], "texture": "#7"},
				"west": {"uv": [0, 0, 1, 5], "texture": "#7"},
				"up": {"uv": [0, 0, 9, 1], "texture": "#7"},
				"down": {"uv": [0, 0, 9, 1], "texture": "#7"}
			}
		},
		{
			"from": [4.5, 2.5, -2],
			"to": [11.5, 5.5, -1],
			"faces": {
				"north": {"uv": [0, 0, 7, 3], "texture": "#7"},
				"east": {"uv": [0, 0, 1, 3], "texture": "#7"},
				"south": {"uv": [0, 0, 7, 3], "texture": "#7"},
				"west": {"uv": [0, 0, 1, 3], "texture": "#7"},
				"up": {"uv": [0, 0, 7, 1], "texture": "#7"},
				"down": {"uv": [0, 0, 7, 1], "texture": "#7"}
			}
		},
		{
			"from": [-2, 2, 11],
			"to": [6, 15, 12],
			"faces": {
				"north": {"uv": [0, 0, 8, 13], "texture": "#2"},
				"east": {"uv": [0, 0, 1, 13], "texture": "#2"},
				"south": {"uv": [0, 0, 8, 13], "texture": "#2"},
				"west": {"uv": [0, 0, 1, 13], "texture": "#2"},
				"up": {"uv": [0, 0, 8, 1], "texture": "#2"},
				"down": {"uv": [0, 0, 8, 1], "texture": "#2"}
			}
		},
		{
			"from": [7, 3, 11],
			"to": [9, 5, 13],
			"faces": {
				"north": {"uv": [0, 0, 2, 2], "texture": "#4"},
				"east": {"uv": [0, 0, 2, 2], "texture": "#4"},
				"south": {"uv": [0, 0, 2, 2], "texture": "#4"},
				"west": {"uv": [0, 0, 2, 2], "texture": "#4"},
				"up": {"uv": [0, 0, 2, 2], "texture": "#4"},
				"down": {"uv": [0, 0, 2, 2], "texture": "#4"}
			}
		},
		{
			"from": [8, 4, 12],
			"to": [10, 12, 14],
			"faces": {
				"north": {"uv": [0, 0, 2, 8], "texture": "#4"},
				"east": {"uv": [0, 0, 2, 8], "texture": "#4"},
				"south": {"uv": [0, 0, 2, 8], "texture": "#4"},
				"west": {"uv": [0, 0, 2, 8], "texture": "#4"},
				"up": {"uv": [0, 0, 2, 2], "texture": "#4"},
				"down": {"uv": [0, 0, 2, 2], "texture": "#4"}
			}
		},
		{
			"from": [6, 11, 12],
			"to": [8, 13, 14],
			"faces": {
				"north": {"uv": [0, 0, 2, 2], "texture": "#4"},
				"east": {"uv": [0, 0, 2, 2], "texture": "#4"},
				"south": {"uv": [0, 0, 2, 2], "texture": "#4"},
				"west": {"uv": [0, 0, 2, 2], "texture": "#4"},
				"up": {"uv": [0, 0, 2, 2], "texture": "#4"},
				"down": {"uv": [0, 0, 2, 2], "texture": "#4"}
			}
		},
		{
			"from": [-2, 2, 12],
			"to": [6, 5, 17],
			"faces": {
				"north": {"uv": [0, 0, 8, 3], "texture": "#6"},
				"east": {"uv": [0, 0, 5, 3], "texture": "#6"},
				"south": {"uv": [0, 0, 8, 3], "texture": "#6"},
				"west": {"uv": [0, 0, 5, 3], "texture": "#6"},
				"up": {"uv": [0, 0, 8, 5], "texture": "#6"},
				"down": {"uv": [0, 0, 8, 5], "texture": "#6"}
			}
		},
		{
			"from": [-2.525, 3, 12],
			"to": [6.525, 6, 15],
			"rotation": {"angle": 0, "axis": "y", "origin": [2.5, 4.5, 13.5]},
			"faces": {
				"north": {"uv": [0, 0, 9.05, 3], "texture": "#7"},
				"east": {"uv": [0, 0, 3, 3], "texture": "#7"},
				"south": {"uv": [0, 0, 9.05, 3], "texture": "#7"},
				"west": {"uv": [0, 0, 3, 3], "texture": "#7"},
				"up": {"uv": [0, 0, 9.05, 3], "texture": "#7"},
				"down": {"uv": [0, 0, 9.05, 3], "texture": "#7"}
			}
		},
		{
			"from": [-2.475, 3, 12],
			"to": [6.475, 6, 15],
			"rotation": {"angle": -45, "axis": "x", "origin": [2.5, 4.5, 13.5]},
			"faces": {
				"north": {"uv": [0, 0, 8.95, 3], "texture": "#7"},
				"east": {"uv": [0, 0, 3, 3], "texture": "#7"},
				"south": {"uv": [0, 0, 8.95, 3], "texture": "#7"},
				"west": {"uv": [0, 0, 3, 3], "texture": "#7"},
				"up": {"uv": [0, 0, 8.95, 3], "texture": "#7"},
				"down": {"uv": [0, 0, 8.95, 3], "texture": "#7"}
			}
		},
		{
			"from": [-2.5, 3, 12],
			"to": [6.5, 6, 15],
			"rotation": {"angle": 22.5, "axis": "x", "origin": [2.5, 4.5, 13.5]},
			"faces": {
				"north": {"uv": [0, 0, 9, 3], "rotation": 180, "texture": "#7"},
				"east": {"uv": [0, 0, 3, 3], "rotation": 90, "texture": "#7"},
				"south": {"uv": [0, 0, 9, 3], "texture": "#7"},
				"west": {"uv": [0, 0, 3, 3], "rotation": 270, "texture": "#7"},
				"up": {"uv": [0, 0, 9, 3], "texture": "#7"},
				"down": {"uv": [0, 0, 9, 3], "rotation": 180, "texture": "#7"}
			}
		},
		{
			"from": [-2.5, 3, 12],
			"to": [6.5, 6, 15],
			"rotation": {"angle": -22.5, "axis": "x", "origin": [2.5, 4.5, 13.5]},
			"faces": {
				"north": {"uv": [0, 0, 9, 3], "texture": "#7"},
				"east": {"uv": [0, 0, 3, 3], "texture": "#7"},
				"south": {"uv": [0, 0, 9, 3], "texture": "#7"},
				"west": {"uv": [0, 0, 3, 3], "texture": "#7"},
				"up": {"uv": [0, 0, 9, 3], "texture": "#7"},
				"down": {"uv": [0, 0, 9, 3], "texture": "#7"}
			}
		},
		{
			"from": [-2, 5, 12],
			"to": [6, 10, 16],
			"faces": {
				"north": {"uv": [0, 0, 8, 5], "texture": "#6"},
				"east": {"uv": [0, 0, 4, 5], "texture": "#6"},
				"south": {"uv": [0, 0, 8, 5], "texture": "#6"},
				"west": {"uv": [0, 0, 4, 5], "texture": "#6"},
				"up": {"uv": [0, 0, 8, 4], "texture": "#6"},
				"down": {"uv": [0, 0, 8, 4], "texture": "#6"}
			}
		},
		{
			"from": [-2, 10, 12],
			"to": [6, 13, 15],
			"faces": {
				"north": {"uv": [0, 0, 8, 3], "texture": "#6"},
				"east": {"uv": [0, 0, 3, 3], "texture": "#6"},
				"south": {"uv": [0, 0, 8, 3], "texture": "#6"},
				"west": {"uv": [0, 0, 3, 3], "texture": "#6"},
				"up": {"uv": [0, 0, 8, 3], "texture": "#6"},
				"down": {"uv": [0, 0, 8, 3], "texture": "#6"}
			}
		},
		{
			"from": [-2, 13, 12],
			"to": [6, 15, 14],
			"faces": {
				"north": {"uv": [0, 0, 8, 2], "texture": "#6"},
				"east": {"uv": [0, 0, 2, 2], "texture": "#6"},
				"south": {"uv": [0, 0, 8, 2], "texture": "#6"},
				"west": {"uv": [0, 0, 2, 2], "texture": "#6"},
				"up": {"uv": [0, 0, 8, 2], "texture": "#6"},
				"down": {"uv": [0, 0, 8, 2], "texture": "#6"}
			}
		},
		{
			"from": [1, 5, 15],
			"to": [3, 11, 17],
			"faces": {
				"north": {"uv": [0, 0, 2, 6], "texture": "#1"},
				"east": {"uv": [0, 0, 2, 6], "texture": "#1"},
				"south": {"uv": [0, 0, 2, 6], "texture": "#1"},
				"west": {"uv": [0, 0, 2, 6], "texture": "#1"},
				"up": {"uv": [0, 0, 2, 2], "texture": "#1"},
				"down": {"uv": [0, 0, 2, 2], "texture": "#1"}
			}
		},
		{
			"from": [1, 3, 17],
			"to": [3, 5, 18],
			"rotation": {"angle": -45, "axis": "z", "origin": [2, 4, 17.5]},
			"faces": {
				"north": {"uv": [0, 0, 2, 2], "texture": "#1"},
				"east": {"uv": [0, 0, 1, 2], "texture": "#1"},
				"south": {"uv": [0, 0, 2, 2], "texture": "#1"},
				"west": {"uv": [0, 0, 1, 2], "texture": "#1"},
				"up": {"uv": [0, 0, 2, 1], "texture": "#1"},
				"down": {"uv": [0, 0, 2, 1], "texture": "#1"}
			}
		},
		{
			"from": [1, 11, 14],
			"to": [3, 14, 16],
			"faces": {
				"north": {"uv": [0, 0, 2, 3], "texture": "#1"},
				"east": {"uv": [0, 0, 2, 3], "texture": "#1"},
				"south": {"uv": [0, 0, 2, 3], "texture": "#1"},
				"west": {"uv": [0, 0, 2, 3], "texture": "#1"},
				"up": {"uv": [0, 0, 2, 2], "texture": "#1"},
				"down": {"uv": [0, 0, 2, 2], "texture": "#1"}
			}
		},
		{
			"from": [-1.25, 2.75, 17],
			"to": [0.25, 4.25, 17.5],
			"faces": {
				"north": {"uv": [0, 0, 1.5, 1.5], "texture": "#3"},
				"east": {"uv": [0, 0, 0.5, 1.5], "texture": "#3"},
				"south": {"uv": [0, 0, 1.5, 1.5], "texture": "#3"},
				"west": {"uv": [0, 0, 0.5, 1.5], "texture": "#3"},
				"up": {"uv": [0, 0, 1.5, 0.5], "texture": "#3"},
				"down": {"uv": [0, 0, 1.5, 0.5], "texture": "#3"}
			}
		},
		{
			"from": [3, 2.25, 17],
			"to": [4, 3.25, 17.5],
			"faces": {
				"north": {"uv": [0, 0, 1, 1], "texture": "#10"},
				"east": {"uv": [0, 0, 0.5, 1], "texture": "#10"},
				"south": {"uv": [0, 0, 1, 1], "texture": "#10"},
				"west": {"uv": [0, 0, 0.5, 1], "texture": "#10"},
				"up": {"uv": [0, 0, 1, 0.5], "texture": "#10"},
				"down": {"uv": [0, 0, 1, 0.5], "texture": "#10"}
			}
		},
		{
			"from": [4.5, 2.25, 17],
			"to": [5.5, 3.25, 17.5],
			"faces": {
				"north": {"uv": [0, 0, 1, 1], "texture": "#5"},
				"east": {"uv": [0, 0, 0.5, 1], "texture": "#5"},
				"south": {"uv": [0, 0, 1, 1], "texture": "#5"},
				"west": {"uv": [0, 0, 0.5, 1], "texture": "#5"},
				"up": {"uv": [0, 0, 1, 0.5], "texture": "#5"},
				"down": {"uv": [0, 0, 1, 0.5], "texture": "#5"}
			}
		},
		{
			"from": [4.5, 3.75, 17],
			"to": [5.5, 4.75, 17.5],
			"faces": {
				"north": {"uv": [0, 0, 1, 1], "texture": "#0"},
				"east": {"uv": [0, 0, 0.5, 1], "texture": "#0"},
				"south": {"uv": [0, 0, 1, 1], "texture": "#0"},
				"west": {"uv": [0, 0, 0.5, 1], "texture": "#0"},
				"up": {"uv": [0, 0, 1, 0.5], "texture": "#0"},
				"down": {"uv": [0, 0, 1, 0.5], "texture": "#0"}
			}
		}
	],
	"gui_light": "front",
	"display": {
		"thirdperson_righthand": {
			"rotation": [66, 0, 0],
			"translation": [0, -3.5, 5]
		},
		"firstperson_righthand": {
			"rotation": [-21, 11, 0],
			"translation": [0, 8, 7],
			"scale": [0.57, 0.57, 0.57]
		},
		"firstperson_lefthand": {
			"rotation": [-21, 11, 0],
			"translation": [0, 8, 7],
			"scale": [0.57, 0.57, 0.57]
		},
		"ground": {
			"scale": [0.6, 0.6, 0.6]
		},
		"gui": {
			"rotation": [45, -45, 0],
			"translation": [1, -0.25, 0],
			"scale": [0.7, 0.7, 0.7]
		},
		"fixed": {
			"rotation": [0, 90, 0],
			"translation": [0, 0, -7.5]
		}
	}
}