{
	"credit": "Made with Blockbench",
	"textures": {
		"1": "machine/blast_furnace_top",
		"4": "machine/cyan_terracotta",
		"5": "machine/darker_cyan",
		"6": "machine/obsidian",
		"8": "machine/gray_concrete",
		"9": "machine/iron_block",
		"10": "machine/diamond_block",
		"11": "machine/ender_pearl_block",
		"particle": "machine/iron_block"
	},
	"elements": [
		{
			"from": [2, -2, 2],
			"to": [14, 0, 14],
			"faces": {
				"north": {"uv": [0, 0, 12, 2], "texture": "#10"},
				"east": {"uv": [0, 0, 12, 2], "texture": "#10"},
				"south": {"uv": [0, 0, 12, 2], "texture": "#10"},
				"west": {"uv": [0, 0, 12, 2], "texture": "#10"},
				"up": {"uv": [0, 0, 12, 12], "texture": "#10"},
				"down": {"uv": [0, 0, 12, 12], "texture": "#10"}
			}
		},
		{
			"from": [3, -5, 3],
			"to": [13, -2, 13],
			"faces": {
				"north": {"uv": [0, 0, 10, 3], "texture": "#10"},
				"east": {"uv": [0, 0, 10, 3], "texture": "#10"},
				"south": {"uv": [0, 0, 10, 3], "texture": "#10"},
				"west": {"uv": [0, 0, 10, 3], "texture": "#10"},
				"up": {"uv": [0, 0, 10, 10], "texture": "#10"},
				"down": {"uv": [0, 0, 10, 10], "texture": "#10"}
			}
		},
		{
			"from": [5, -9.75, 5],
			"to": [11, -8.75, 11],
			"faces": {
				"north": {"uv": [0, 0, 6, 1], "texture": "#10"},
				"east": {"uv": [0, 0, 6, 1], "texture": "#10"},
				"south": {"uv": [0, 0, 6, 1], "texture": "#10"},
				"west": {"uv": [0, 0, 6, 1], "texture": "#10"},
				"up": {"uv": [0, 0, 6, 6], "texture": "#10"},
				"down": {"uv": [0, 0, 6, 6], "texture": "#10"}
			}
		},
		{
			"from": [6, -10.75, 6],
			"to": [10, -10.75, 10],
			"faces": {
				"north": {"uv": [0, 0, 4, 0], "texture": "#10"},
				"east": {"uv": [0, 0, 4, 0], "texture": "#10"},
				"south": {"uv": [0, 0, 4, 0], "texture": "#10"},
				"west": {"uv": [0, 0, 4, 0], "texture": "#10"},
				"up": {"uv": [0, 0, 4, 4], "texture": "#10"},
				"down": {"uv": [6, 6, 10, 10], "texture": "#10"}
			}
		},
		{
			"from": [3.47449, -6.10526, 4],
			"to": [4.47449, 2.89474, 12],
			"rotation": {"angle": 22.5, "axis": "z", "origin": [8, -5.27268, 8]},
			"faces": {
				"north": {"uv": [0, 0, 1, 9], "texture": "#8"},
				"east": {"uv": [0, 0, 8, 9], "texture": "#8"},
				"south": {"uv": [0, 0, 1, 9], "texture": "#8"},
				"west": {"uv": [0, 0, 8, 9], "texture": "#8"},
				"up": {"uv": [0, 0, 1, 8], "texture": "#8"},
				"down": {"uv": [0, 0, 1, 8], "texture": "#8"}
			}
		},
		{
			"from": [3.47449, -8.10526, 5],
			"to": [4.47449, -6.10526, 11],
			"rotation": {"angle": 22.5, "axis": "z", "origin": [8, -5.27268, 8]},
			"faces": {
				"north": {"uv": [0, 0, 1, 2], "texture": "#8"},
				"east": {"uv": [0, 0, 6, 2], "texture": "#8"},
				"south": {"uv": [0, 0, 1, 2], "texture": "#8"},
				"west": {"uv": [0, 0, 6, 2], "texture": "#8"},
				"up": {"uv": [0, 0, 1, 6], "texture": "#8"},
				"down": {"uv": [0, 0, 1, 6], "texture": "#8"}
			}
		},
		{
			"from": [3.47449, -10.10526, 6],
			"to": [4.47449, -8.10526, 10],
			"rotation": {"angle": 22.5, "axis": "z", "origin": [8, -5.27268, 8]},
			"faces": {
				"north": {"uv": [0, 0, 1, 2], "texture": "#8"},
				"east": {"uv": [0, 0, 4, 2], "texture": "#8"},
				"south": {"uv": [0, 0, 1, 2], "texture": "#8"},
				"west": {"uv": [0, 0, 4, 2], "texture": "#8"},
				"up": {"uv": [0, 0, 1, 4], "texture": "#8"},
				"down": {"uv": [0, 0, 1, 4], "texture": "#8"}
			}
		},
		{
			"from": [11.52551, -6.10526, 4],
			"to": [12.52551, 2.89474, 12],
			"rotation": {"angle": -22.5, "axis": "z", "origin": [8, -5.27268, 8]},
			"faces": {
				"north": {"uv": [1, 0, 0, 9], "texture": "#8"},
				"east": {"uv": [8, 0, 0, 9], "texture": "#8"},
				"south": {"uv": [1, 0, 0, 9], "texture": "#8"},
				"west": {"uv": [8, 0, 0, 9], "texture": "#8"},
				"up": {"uv": [1, 0, 0, 8], "texture": "#8"},
				"down": {"uv": [1, 0, 0, 8], "texture": "#8"}
			}
		},
		{
			"from": [11.52551, -8.10526, 5],
			"to": [12.52551, -6.10526, 11],
			"rotation": {"angle": -22.5, "axis": "z", "origin": [8, -5.27268, 8]},
			"faces": {
				"north": {"uv": [1, 0, 0, 2], "texture": "#8"},
				"east": {"uv": [6, 0, 0, 2], "texture": "#8"},
				"south": {"uv": [1, 0, 0, 2], "texture": "#8"},
				"west": {"uv": [6, 0, 0, 2], "texture": "#8"},
				"up": {"uv": [1, 0, 0, 6], "texture": "#8"},
				"down": {"uv": [1, 0, 0, 6], "texture": "#8"}
			}
		},
		{
			"from": [11.52551, -10.10526, 6],
			"to": [12.52551, -8.10526, 10],
			"rotation": {"angle": -22.5, "axis": "z", "origin": [8, -5.27268, 8]},
			"faces": {
				"north": {"uv": [1, 0, 0, 2], "texture": "#8"},
				"east": {"uv": [4, 0, 0, 2], "texture": "#8"},
				"south": {"uv": [1, 0, 0, 2], "texture": "#8"},
				"west": {"uv": [4, 0, 0, 2], "texture": "#8"},
				"up": {"uv": [1, 0, 0, 4], "texture": "#8"},
				"down": {"uv": [1, 0, 0, 4], "texture": "#8"}
			}
		},
		{
			"from": [4, -6.26935, 4.29945],
			"to": [12, 2.73065, 5.29945],
			"rotation": {"angle": -22.5, "axis": "x", "origin": [8, -7.4284, 8]},
			"faces": {
				"north": {"uv": [0, 0, 8, 9], "texture": "#8"},
				"east": {"uv": [0, 0, 1, 9], "texture": "#8"},
				"south": {"uv": [0, 0, 8, 9], "texture": "#8"},
				"west": {"uv": [0, 0, 1, 9], "texture": "#8"},
				"up": {"uv": [0, 0, 1, 8], "rotation": 90, "texture": "#8"},
				"down": {"uv": [0, 0, 1, 8], "rotation": 270, "texture": "#8"}
			}
		},
		{
			"from": [7, -9.26935, 3.79945],
			"to": [9, 2.73065, 5.79945],
			"rotation": {"angle": -22.5, "axis": "x", "origin": [8, -7.4284, 8]},
			"faces": {
				"north": {"uv": [0, 0, 2, 12], "texture": "#11"},
				"east": {"uv": [0, 0, 2, 12], "texture": "#11"},
				"south": {"uv": [0, 0, 2, 12], "texture": "#11"},
				"west": {"uv": [0, 0, 2, 12], "texture": "#11"},
				"up": {"uv": [0, 0, 2, 2], "rotation": 90, "texture": "#11"},
				"down": {"uv": [0, 0, 2, 2], "rotation": 270, "texture": "#11"}
			}
		},
		{
			"from": [7, -9.26935, 10.20055],
			"to": [9, 2.73065, 12.20055],
			"rotation": {"angle": 22.5, "axis": "x", "origin": [8, -7.4284, 8]},
			"faces": {
				"north": {"uv": [2, 0, 0, 12], "texture": "#11"},
				"east": {"uv": [2, 0, 0, 12], "texture": "#11"},
				"south": {"uv": [2, 0, 0, 12], "texture": "#11"},
				"west": {"uv": [2, 0, 0, 12], "texture": "#11"},
				"up": {"uv": [2, 0, 0, 2], "rotation": 90, "texture": "#11"},
				"down": {"uv": [2, 0, 0, 2], "rotation": 270, "texture": "#11"}
			}
		},
		{
			"from": [2.79771, -9.0701, 7],
			"to": [4.79771, 2.9299, 9],
			"rotation": {"angle": 22.5, "axis": "z", "origin": [8, -4.81074, 8]},
			"faces": {
				"north": {"uv": [2, 0, 4, 12], "texture": "#11"},
				"east": {"uv": [2, 0, 4, 12], "texture": "#11"},
				"south": {"uv": [2, 0, 4, 12], "texture": "#11"},
				"west": {"uv": [14, 0, 16, 12], "texture": "#11"},
				"up": {"uv": [2, 0, 4, 2], "rotation": 180, "texture": "#11"},
				"down": {"uv": [2, 0, 4, 2], "rotation": 180, "texture": "#11"}
			}
		},
		{
			"from": [11.20229, -9.0701, 7],
			"to": [13.20229, 2.9299, 9],
			"rotation": {"angle": -22.5, "axis": "z", "origin": [8, -4.81074, 8]},
			"faces": {
				"north": {"uv": [0, 0, 2, 12], "texture": "#11"},
				"east": {"uv": [0, 0, 2, 12], "texture": "#11"},
				"south": {"uv": [0, 0, 2, 12], "texture": "#11"},
				"west": {"uv": [0, 0, 2, 12], "texture": "#11"},
				"up": {"uv": [0, 0, 2, 2], "rotation": 180, "texture": "#11"},
				"down": {"uv": [0, 0, 2, 2], "rotation": 180, "texture": "#11"}
			}
		},
		{
			"from": [5, -8.26935, 4.29945],
			"to": [11, -6.26935, 5.29945],
			"rotation": {"angle": -22.5, "axis": "x", "origin": [8, -7.4284, 8]},
			"faces": {
				"north": {"uv": [0, 0, 6, 2], "texture": "#8"},
				"east": {"uv": [0, 0, 1, 2], "texture": "#8"},
				"south": {"uv": [0, 0, 6, 2], "texture": "#8"},
				"west": {"uv": [0, 0, 1, 2], "texture": "#8"},
				"up": {"uv": [0, 0, 1, 6], "rotation": 90, "texture": "#8"},
				"down": {"uv": [0, 0, 1, 6], "rotation": 270, "texture": "#8"}
			}
		},
		{
			"from": [6, -10.26935, 4.29945],
			"to": [10, -8.26935, 5.29945],
			"rotation": {"angle": -22.5, "axis": "x", "origin": [8, -7.4284, 8]},
			"faces": {
				"north": {"uv": [0, 0, 4, 2], "texture": "#8"},
				"east": {"uv": [0, 0, 1, 2], "texture": "#8"},
				"south": {"uv": [0, 0, 4, 2], "texture": "#8"},
				"west": {"uv": [0, 0, 1, 2], "texture": "#8"},
				"up": {"uv": [0, 0, 1, 4], "rotation": 90, "texture": "#8"},
				"down": {"uv": [0, 0, 1, 4], "rotation": 270, "texture": "#8"}
			}
		},
		{
			"from": [4, -6.26935, 10.70055],
			"to": [12, 2.73065, 11.70055],
			"rotation": {"angle": 22.5, "axis": "x", "origin": [8, -7.4284, 8]},
			"faces": {
				"north": {"uv": [8, 0, 16, 9], "texture": "#8"},
				"east": {"uv": [1, 0, 2, 9], "texture": "#8"},
				"south": {"uv": [8, 0, 16, 9], "texture": "#8"},
				"west": {"uv": [1, 0, 2, 9], "texture": "#8"},
				"up": {"uv": [1, 0, 2, 8], "rotation": 90, "texture": "#8"},
				"down": {"uv": [1, 0, 2, 8], "rotation": 270, "texture": "#8"}
			}
		},
		{
			"from": [5, -8.26935, 10.70055],
			"to": [11, -6.26935, 11.70055],
			"rotation": {"angle": 22.5, "axis": "x", "origin": [8, -7.4284, 8]},
			"faces": {
				"north": {"uv": [6, 0, 12, 2], "texture": "#8"},
				"east": {"uv": [1, 0, 2, 2], "texture": "#8"},
				"south": {"uv": [6, 0, 12, 2], "texture": "#8"},
				"west": {"uv": [1, 0, 2, 2], "texture": "#8"},
				"up": {"uv": [1, 0, 2, 6], "rotation": 90, "texture": "#8"},
				"down": {"uv": [1, 0, 2, 6], "rotation": 270, "texture": "#8"}
			}
		},
		{
			"from": [6, -10.26935, 10.70055],
			"to": [10, -8.26935, 11.70055],
			"rotation": {"angle": 22.5, "axis": "x", "origin": [8, -7.4284, 8]},
			"faces": {
				"north": {"uv": [4, 0, 8, 2], "texture": "#8"},
				"east": {"uv": [1, 0, 2, 2], "texture": "#8"},
				"south": {"uv": [4, 0, 8, 2], "texture": "#8"},
				"west": {"uv": [1, 0, 2, 2], "texture": "#8"},
				"up": {"uv": [1, 0, 2, 4], "rotation": 90, "texture": "#8"},
				"down": {"uv": [1, 0, 2, 4], "rotation": 270, "texture": "#8"}
			}
		},
		{
			"from": [3, 16, 3],
			"to": [13, 22, 13],
			"faces": {
				"north": {"uv": [0, 0, 10, 6], "texture": "#9"},
				"east": {"uv": [0, 0, 10, 6], "texture": "#9"},
				"south": {"uv": [0, 0, 10, 6], "texture": "#9"},
				"west": {"uv": [0, 0, 10, 6], "texture": "#9"},
				"up": {"uv": [0, 0, 10, 10], "texture": "#9"},
				"down": {"uv": [0, 0, 10, 10], "texture": "#9"}
			}
		},
		{
			"from": [11.5, 19.5, 5],
			"to": [24.5, 25.5, 11],
			"rotation": {"angle": 22.5, "axis": "z", "origin": [20, 21, 8]},
			"faces": {
				"north": {"uv": [0, 0, 13, 6], "texture": "#5"},
				"east": {"uv": [0, 0, 6, 6], "texture": "#5"},
				"south": {"uv": [0, 0, 13, 6], "texture": "#5"},
				"west": {"uv": [0, 0, 6, 6], "texture": "#5"},
				"up": {"uv": [0, 0, 13, 6], "texture": "#5"},
				"down": {"uv": [0, 0, 13, 6], "texture": "#5"}
			}
		},
		{
			"from": [25, 28.5, 7],
			"to": [27, 32, 9],
			"faces": {
				"north": {"uv": [0, 0, 2, 3.5], "texture": "#1"},
				"east": {"uv": [0, 0, 2, 3.5], "texture": "#1"},
				"south": {"uv": [0, 0, 2, 3.5], "texture": "#1"},
				"west": {"uv": [0, 0, 2, 3.5], "texture": "#1"},
				"up": {"uv": [0, 0, 2, 2], "texture": "#1"},
				"down": {"uv": [0, 0, 2, 2], "texture": "#1"}
			}
		},
		{
			"from": [22, 19.5, 4],
			"to": [30, 27.5, 12],
			"faces": {
				"north": {"uv": [0, 0, 8, 8], "texture": "#4"},
				"east": {"uv": [0, 0, 8, 8], "texture": "#4"},
				"south": {"uv": [0, 0, 8, 8], "texture": "#4"},
				"west": {"uv": [0, 0, 8, 8], "texture": "#4"},
				"up": {"uv": [0, 0, 8, 8], "texture": "#4"},
				"down": {"uv": [0, 0, 8, 8], "texture": "#4"}
			}
		},
		{
			"from": [23, 18.5, 5],
			"to": [29, 28.5, 11],
			"faces": {
				"north": {"uv": [0, 0, 6, 10], "texture": "#6"},
				"east": {"uv": [0, 0, 6, 10], "texture": "#6"},
				"south": {"uv": [0, 0, 6, 10], "texture": "#6"},
				"west": {"uv": [0, 0, 6, 10], "texture": "#6"},
				"up": {"uv": [0, 0, 6, 6], "texture": "#6"},
				"down": {"uv": [0, 0, 6, 6], "texture": "#6"}
			}
		},
		{
			"from": [25, 4, 5.5],
			"to": [27, 14, 6.5],
			"faces": {
				"north": {"uv": [0, 0, 2, 10], "texture": "#10"},
				"east": {"uv": [0, 0, 1, 10], "texture": "#10"},
				"south": {"uv": [0, 0, 2, 10], "texture": "#10"},
				"west": {"uv": [0, 0, 1, 10], "texture": "#10"},
				"up": {"uv": [0, 0, 2, 1], "texture": "#10"},
				"down": {"uv": [0, 0, 2, 1], "texture": "#10"}
			}
		},
		{
			"from": [27.5, 4, 7],
			"to": [28.5, 14, 9],
			"rotation": {"angle": 0, "axis": "y", "origin": [26, -5, 8]},
			"faces": {
				"north": {"uv": [0, 0, 1, 10], "texture": "#10"},
				"east": {"uv": [0, 0, 2, 10], "texture": "#10"},
				"south": {"uv": [0, 0, 1, 10], "texture": "#10"},
				"west": {"uv": [0, 0, 2, 10], "texture": "#10"},
				"up": {"uv": [0, 0, 2, 1], "rotation": 90, "texture": "#10"},
				"down": {"uv": [0, 0, 2, 1], "rotation": 270, "texture": "#10"}
			}
		},
		{
			"from": [24, 3.5, 6],
			"to": [28, 19.5, 10],
			"faces": {
				"north": {"uv": [0, 0, 4, 16], "texture": "#1"},
				"east": {"uv": [0, 0, 4, 16], "texture": "#1"},
				"south": {"uv": [0, 0, 4, 16], "texture": "#1"},
				"west": {"uv": [0, 0, 4, 16], "texture": "#1"},
				"up": {"uv": [0, 0, 4, 4], "texture": "#1"},
				"down": {"uv": [0, 0, 4, 4], "texture": "#1"}
			}
		},
		{
			"from": [23.5, 4, 7],
			"to": [24.5, 14, 9],
			"rotation": {"angle": 0, "axis": "y", "origin": [26, -5, 8]},
			"faces": {
				"north": {"uv": [0, 0, 1, 10], "texture": "#10"},
				"east": {"uv": [0, 0, 2, 10], "texture": "#10"},
				"south": {"uv": [0, 0, 1, 10], "texture": "#10"},
				"west": {"uv": [0, 0, 2, 10], "texture": "#10"},
				"up": {"uv": [0, 0, 2, 1], "rotation": 90, "texture": "#10"},
				"down": {"uv": [0, 0, 2, 1], "rotation": 270, "texture": "#10"}
			}
		},
		{
			"from": [25, 4, 9.5],
			"to": [27, 14, 10.5],
			"faces": {
				"north": {"uv": [0, 0, 2, 10], "texture": "#10"},
				"east": {"uv": [0, 0, 1, 10], "texture": "#10"},
				"south": {"uv": [0, 0, 2, 10], "texture": "#10"},
				"west": {"uv": [0, 0, 1, 10], "texture": "#10"},
				"up": {"uv": [0, 0, 2, 1], "texture": "#10"},
				"down": {"uv": [0, 0, 2, 1], "texture": "#10"}
			}
		},
		{
			"from": [23, -10, 5],
			"to": [29, 4, 11],
			"faces": {
				"north": {"uv": [0, 0, 6, 14], "texture": "#1"},
				"east": {"uv": [0, 0, 6, 14], "texture": "#1"},
				"south": {"uv": [0, 0, 6, 14], "texture": "#1"},
				"west": {"uv": [0, 0, 6, 14], "texture": "#1"},
				"up": {"uv": [0, 0, 6, 6], "texture": "#1"},
				"down": {"uv": [0, 0, 6, 6], "texture": "#1"}
			}
		},
		{
			"from": [25, -10, 11],
			"to": [27, 0, 12],
			"faces": {
				"north": {"uv": [0, 0, 2, 10], "texture": "#10"},
				"east": {"uv": [0, 0, 1, 10], "texture": "#10"},
				"south": {"uv": [0, 0, 2, 10], "texture": "#10"},
				"west": {"uv": [0, 0, 1, 10], "texture": "#10"},
				"up": {"uv": [0, 0, 2, 1], "texture": "#10"},
				"down": {"uv": [0, 0, 2, 1], "texture": "#10"}
			}
		},
		{
			"from": [29, -10, 7],
			"to": [30, 0, 9],
			"rotation": {"angle": 0, "axis": "y", "origin": [26, -5, 8]},
			"faces": {
				"north": {"uv": [0, 0, 1, 10], "texture": "#10"},
				"east": {"uv": [0, 0, 2, 10], "texture": "#10"},
				"south": {"uv": [0, 0, 1, 10], "texture": "#10"},
				"west": {"uv": [0, 0, 2, 10], "texture": "#10"},
				"up": {"uv": [0, 0, 2, 1], "rotation": 90, "texture": "#10"},
				"down": {"uv": [0, 0, 2, 1], "rotation": 270, "texture": "#10"}
			}
		},
		{
			"from": [21, -12, 3],
			"to": [31, -10, 13],
			"faces": {
				"north": {"uv": [0, 0, 10, 2], "texture": "#6"},
				"east": {"uv": [0, 0, 10, 2], "texture": "#6"},
				"south": {"uv": [0, 0, 10, 2], "texture": "#6"},
				"west": {"uv": [0, 0, 10, 2], "texture": "#6"},
				"up": {"uv": [0, 0, 10, 10], "texture": "#6"},
				"down": {"uv": [0, 0, 10, 10], "texture": "#6"}
			}
		},
		{
			"from": [20, -16, 2],
			"to": [32, -12, 14],
			"faces": {
				"north": {"uv": [0, 0, 12, 4], "texture": "#8"},
				"east": {"uv": [0, 0, 12, 4], "texture": "#8"},
				"south": {"uv": [0, 0, 12, 4], "texture": "#8"},
				"west": {"uv": [0, 0, 12, 4], "texture": "#8"},
				"up": {"uv": [0, 0, 12, 12], "texture": "#8"},
				"down": {"uv": [0, 0, 12, 12], "texture": "#8"}
			}
		},
		{
			"from": [25, -10, 4],
			"to": [27, 0, 5],
			"faces": {
				"north": {"uv": [0, 0, 2, 10], "texture": "#10"},
				"east": {"uv": [0, 0, 1, 10], "texture": "#10"},
				"south": {"uv": [0, 0, 2, 10], "texture": "#10"},
				"west": {"uv": [0, 0, 1, 10], "texture": "#10"},
				"up": {"uv": [0, 0, 2, 1], "texture": "#10"},
				"down": {"uv": [0, 0, 2, 1], "texture": "#10"}
			}
		},
		{
			"from": [22, -10, 7],
			"to": [23, 0, 9],
			"rotation": {"angle": 0, "axis": "y", "origin": [26, -5, 8]},
			"faces": {
				"north": {"uv": [0, 0, 1, 10], "texture": "#10"},
				"east": {"uv": [0, 0, 2, 10], "texture": "#10"},
				"south": {"uv": [0, 0, 1, 10], "texture": "#10"},
				"west": {"uv": [0, 0, 2, 10], "texture": "#10"},
				"up": {"uv": [0, 0, 2, 1], "rotation": 90, "texture": "#10"},
				"down": {"uv": [0, 0, 2, 1], "rotation": 270, "texture": "#10"}
			}
		},
		{
			"from": [0, 0, 0],
			"to": [16, 16, 16],
			"faces": {
				"north": {"uv": [0, 0, 16, 16], "texture": "#1"},
				"east": {"uv": [0, 0, 16, 16], "texture": "#1"},
				"south": {"uv": [0, 0, 16, 16], "texture": "#1"},
				"west": {"uv": [0, 0, 16, 16], "texture": "#1"},
				"up": {"uv": [0, 0, 16, 16], "texture": "#1"},
				"down": {"uv": [0, 0, 16, 16], "texture": "#1"}
			}
		},
		{
			"from": [3, 3, -1],
			"to": [13, 13, 0],
			"rotation": {"angle": 0, "axis": "z", "origin": [8, 8, -0.5]},
			"faces": {
				"north": {"uv": [3, 3, 13, 13], "texture": "#6"},
				"east": {"uv": [0, 0, 1, 10], "texture": "#6"},
				"south": {"uv": [0, 0, 10, 10], "texture": "#6"},
				"west": {"uv": [0, 0, 1, 10], "texture": "#6"},
				"up": {"uv": [0, 0, 10, 1], "texture": "#6"},
				"down": {"uv": [0, 0, 10, 1], "texture": "#6"}
			}
		},
		{
			"from": [3, 3, -0.75],
			"to": [13, 13, 0.25],
			"rotation": {"angle": 45, "axis": "z", "origin": [8, 8, -0.5]},
			"faces": {
				"north": {"uv": [0, 0, 10, 10], "texture": "#6"},
				"east": {"uv": [0, 0, 1, 10], "texture": "#6"},
				"south": {"uv": [0, 0, 10, 10], "texture": "#6"},
				"west": {"uv": [0, 0, 1, 10], "texture": "#6"},
				"up": {"uv": [0, 0, 10, 1], "texture": "#6"},
				"down": {"uv": [0, 0, 10, 1], "texture": "#6"}
			}
		},
		{
			"from": [6.5, -1, -0.5],
			"to": [9.5, 3, 3.5],
			"faces": {
				"north": {"uv": [10, 6, 13, 10], "texture": "#11"},
				"east": {"uv": [9, 8, 13, 12], "rotation": 90, "texture": "#11"},
				"south": {"uv": [11, 1, 14, 5], "texture": "#11"},
				"west": {"uv": [5, 2, 9, 6], "texture": "#11"},
				"up": {"uv": [2, 3, 6, 6], "rotation": 270, "texture": "#11"},
				"down": {"uv": [2, 8, 5, 12], "texture": "#11"}
			}
		},
		{
			"from": [6.5, 13, -0.5],
			"to": [9.5, 17, 3.5],
			"rotation": {"angle": 0, "axis": "y", "origin": [0, 16, 0]},
			"faces": {
				"north": {"uv": [10, 10, 13, 6], "texture": "#11"},
				"east": {"uv": [9, 12, 13, 8], "rotation": 90, "texture": "#11"},
				"south": {"uv": [11, 5, 14, 1], "texture": "#11"},
				"west": {"uv": [5, 6, 9, 2], "texture": "#11"},
				"up": {"uv": [6, 3, 2, 6], "rotation": 270, "texture": "#11"},
				"down": {"uv": [2, 12, 5, 8], "texture": "#11"}
			}
		},
		{
			"from": [5, 5, -1.95],
			"to": [11, 11, -0.95],
			"rotation": {"angle": -22.5, "axis": "z", "origin": [8, 8, -1.5]},
			"faces": {
				"north": {"uv": [0, 0, 6, 6], "rotation": 90, "texture": "#10"},
				"east": {"uv": [0, 0, 6, 1], "rotation": 270, "texture": "#10"},
				"south": {"uv": [0, 0, 6, 6], "rotation": 270, "texture": "#10"},
				"west": {"uv": [0, 0, 6, 1], "rotation": 270, "texture": "#10"},
				"up": {"uv": [0, 0, 1, 6], "rotation": 270, "texture": "#10"},
				"down": {"uv": [0, 0, 1, 6], "rotation": 270, "texture": "#10"}
			}
		},
		{
			"from": [5, 5, -1.975],
			"to": [11, 11, -0.975],
			"rotation": {"angle": 45, "axis": "z", "origin": [8, 8, -1.5]},
			"faces": {
				"north": {"uv": [0, 0, 6, 6], "texture": "#10"},
				"east": {"uv": [0, 0, 1, 6], "texture": "#10"},
				"south": {"uv": [0, 0, 6, 6], "texture": "#10"},
				"west": {"uv": [0, 0, 1, 6], "texture": "#10"},
				"up": {"uv": [0, 0, 6, 1], "texture": "#10"},
				"down": {"uv": [0, 0, 6, 1], "texture": "#10"}
			}
		},
		{
			"from": [5, 5, -1.95],
			"to": [11, 11, -0.95],
			"rotation": {"angle": 22.5, "axis": "z", "origin": [8, 8, -1.5]},
			"faces": {
				"north": {"uv": [0, 0, 6, 6], "texture": "#10"},
				"east": {"uv": [0, 0, 1, 6], "texture": "#10"},
				"south": {"uv": [0, 0, 6, 6], "texture": "#10"},
				"west": {"uv": [0, 0, 1, 6], "texture": "#10"},
				"up": {"uv": [0, 0, 6, 1], "texture": "#10"},
				"down": {"uv": [0, 0, 6, 1], "texture": "#10"}
			}
		},
		{
			"from": [5, 5, -2],
			"to": [11, 11, -1],
			"rotation": {"angle": 0, "axis": "y", "origin": [8, 8, -1.5]},
			"faces": {
				"north": {"uv": [5, 6, 11, 12], "texture": "#10"},
				"east": {"uv": [0, 0, 1, 6], "texture": "#10"},
				"south": {"uv": [0, 0, 6, 6], "texture": "#10"},
				"west": {"uv": [0, 0, 1, 6], "texture": "#10"},
				"up": {"uv": [0, 0, 6, 1], "texture": "#10"},
				"down": {"uv": [0, 0, 6, 1], "texture": "#10"}
			}
		},
		{
			"from": [16, 3, 3],
			"to": [17, 13, 13],
			"rotation": {"angle": 0, "axis": "z", "origin": [8, 8, 8]},
			"faces": {
				"north": {"uv": [0, 0, 1, 10], "texture": "#6"},
				"east": {"uv": [3, 3, 13, 13], "texture": "#6"},
				"south": {"uv": [0, 0, 1, 10], "texture": "#6"},
				"west": {"uv": [0, 0, 10, 10], "texture": "#6"},
				"up": {"uv": [0, 0, 10, 1], "rotation": 90, "texture": "#6"},
				"down": {"uv": [0, 0, 10, 1], "rotation": 270, "texture": "#6"}
			}
		},
		{
			"from": [15.75, 3, 3],
			"to": [16.75, 13, 13],
			"rotation": {"angle": -45, "axis": "x", "origin": [8, 8, 8]},
			"faces": {
				"north": {"uv": [0, 0, 1, 10], "texture": "#6"},
				"east": {"uv": [0, 0, 10, 10], "texture": "#6"},
				"south": {"uv": [0, 0, 1, 10], "texture": "#6"},
				"west": {"uv": [0, 0, 10, 10], "texture": "#6"},
				"up": {"uv": [0, 0, 10, 1], "rotation": 90, "texture": "#6"},
				"down": {"uv": [0, 0, 10, 1], "rotation": 270, "texture": "#6"}
			}
		},
		{
			"from": [12.5, -1, 6.5],
			"to": [16.5, 3, 9.5],
			"rotation": {"angle": 0, "axis": "y", "origin": [8, 8, 8]},
			"faces": {
				"north": {"uv": [5, 2, 9, 6], "texture": "#11"},
				"east": {"uv": [10, 6, 13, 10], "texture": "#11"},
				"south": {"uv": [9, 8, 13, 12], "rotation": 90, "texture": "#11"},
				"west": {"uv": [11, 1, 14, 5], "texture": "#11"},
				"up": {"uv": [2, 3, 6, 6], "texture": "#11"},
				"down": {"uv": [2, 8, 5, 12], "rotation": 270, "texture": "#11"}
			}
		},
		{
			"from": [12.5, 13, 6.5],
			"to": [16.5, 17, 9.5],
			"rotation": {"angle": 0, "axis": "y", "origin": [8, 8, 8]},
			"faces": {
				"north": {"uv": [5, 6, 9, 2], "texture": "#11"},
				"east": {"uv": [10, 10, 13, 6], "texture": "#11"},
				"south": {"uv": [9, 12, 13, 8], "rotation": 90, "texture": "#11"},
				"west": {"uv": [11, 5, 14, 1], "texture": "#11"},
				"up": {"uv": [6, 3, 2, 6], "texture": "#11"},
				"down": {"uv": [2, 12, 5, 8], "rotation": 270, "texture": "#11"}
			}
		},
		{
			"from": [16.95, 5, 5],
			"to": [17.95, 11, 11],
			"rotation": {"angle": 22.5, "axis": "x", "origin": [8, 8, 8]},
			"faces": {
				"north": {"uv": [0, 0, 6, 1], "rotation": 270, "texture": "#10"},
				"east": {"uv": [0, 0, 6, 6], "rotation": 90, "texture": "#10"},
				"south": {"uv": [0, 0, 6, 1], "rotation": 270, "texture": "#10"},
				"west": {"uv": [0, 0, 6, 6], "rotation": 270, "texture": "#10"},
				"up": {"uv": [0, 0, 1, 6], "texture": "#10"},
				"down": {"uv": [0, 0, 1, 6], "rotation": 180, "texture": "#10"}
			}
		},
		{
			"from": [16.975, 5, 5],
			"to": [17.975, 11, 11],
			"rotation": {"angle": -45, "axis": "x", "origin": [8, 8, 8]},
			"faces": {
				"north": {"uv": [0, 0, 1, 6], "texture": "#10"},
				"east": {"uv": [0, 0, 6, 6], "texture": "#10"},
				"south": {"uv": [0, 0, 1, 6], "texture": "#10"},
				"west": {"uv": [0, 0, 6, 6], "texture": "#10"},
				"up": {"uv": [0, 0, 6, 1], "rotation": 90, "texture": "#10"},
				"down": {"uv": [0, 0, 6, 1], "rotation": 270, "texture": "#10"}
			}
		},
		{
			"from": [16.95, 5, 5],
			"to": [17.95, 11, 11],
			"rotation": {"angle": -22.5, "axis": "x", "origin": [8, 8, 8]},
			"faces": {
				"north": {"uv": [0, 0, 1, 6], "texture": "#10"},
				"east": {"uv": [0, 0, 6, 6], "texture": "#10"},
				"south": {"uv": [0, 0, 1, 6], "texture": "#10"},
				"west": {"uv": [0, 0, 6, 6], "texture": "#10"},
				"up": {"uv": [0, 0, 6, 1], "rotation": 90, "texture": "#10"},
				"down": {"uv": [0, 0, 6, 1], "rotation": 270, "texture": "#10"}
			}
		},
		{
			"from": [17, 5, 5],
			"to": [18, 11, 11],
			"rotation": {"angle": 0, "axis": "y", "origin": [8, 8, 8]},
			"faces": {
				"north": {"uv": [0, 0, 1, 6], "texture": "#10"},
				"east": {"uv": [5, 6, 11, 12], "texture": "#10"},
				"south": {"uv": [0, 0, 1, 6], "texture": "#10"},
				"west": {"uv": [0, 0, 6, 6], "texture": "#10"},
				"up": {"uv": [0, 0, 6, 1], "rotation": 90, "texture": "#10"},
				"down": {"uv": [0, 0, 6, 1], "rotation": 270, "texture": "#10"}
			}
		},
		{
			"from": [3, 3, 16],
			"to": [13, 13, 17],
			"rotation": {"angle": 0, "axis": "z", "origin": [8, 8, 16.5]},
			"faces": {
				"north": {"uv": [10, 0, 0, 10], "texture": "#6"},
				"east": {"uv": [1, 0, 0, 10], "texture": "#6"},
				"south": {"uv": [13, 3, 3, 13], "texture": "#6"},
				"west": {"uv": [1, 0, 0, 10], "texture": "#6"},
				"up": {"uv": [0, 1, 10, 0], "texture": "#6"},
				"down": {"uv": [0, 1, 10, 0], "texture": "#6"}
			}
		},
		{
			"from": [3, 3, 15.75],
			"to": [13, 13, 16.75],
			"rotation": {"angle": 45, "axis": "z", "origin": [8, 8, 16.5]},
			"faces": {
				"north": {"uv": [10, 0, 0, 10], "texture": "#6"},
				"east": {"uv": [1, 0, 0, 10], "texture": "#6"},
				"south": {"uv": [10, 0, 0, 10], "texture": "#6"},
				"west": {"uv": [1, 0, 0, 10], "texture": "#6"},
				"up": {"uv": [0, 1, 10, 0], "texture": "#6"},
				"down": {"uv": [0, 1, 10, 0], "texture": "#6"}
			}
		},
		{
			"from": [6.5, -1, 12.5],
			"to": [9.5, 3, 16.5],
			"rotation": {"angle": 0, "axis": "y", "origin": [0, 0, 16]},
			"faces": {
				"north": {"uv": [14, 1, 11, 5], "texture": "#11"},
				"east": {"uv": [9, 12, 13, 8], "rotation": 90, "texture": "#11"},
				"south": {"uv": [13, 6, 10, 10], "texture": "#11"},
				"west": {"uv": [9, 2, 5, 6], "texture": "#11"},
				"up": {"uv": [6, 3, 2, 6], "rotation": 270, "texture": "#11"},
				"down": {"uv": [2, 12, 5, 8], "texture": "#11"}
			}
		},
		{
			"from": [6.5, 13, 12.5],
			"to": [9.5, 17, 16.5],
			"rotation": {"angle": 0, "axis": "y", "origin": [0, 16, 16]},
			"faces": {
				"north": {"uv": [14, 5, 11, 1], "texture": "#11"},
				"east": {"uv": [9, 8, 13, 12], "rotation": 90, "texture": "#11"},
				"south": {"uv": [13, 10, 10, 6], "texture": "#11"},
				"west": {"uv": [9, 6, 5, 2], "texture": "#11"},
				"up": {"uv": [2, 3, 6, 6], "rotation": 270, "texture": "#11"},
				"down": {"uv": [2, 8, 5, 12], "texture": "#11"}
			}
		},
		{
			"from": [5, 5, 16.95],
			"to": [11, 11, 17.95],
			"rotation": {"angle": -22.5, "axis": "z", "origin": [8, 8, 17.5]},
			"faces": {
				"north": {"uv": [0, 6, 6, 0], "rotation": 270, "texture": "#10"},
				"east": {"uv": [0, 1, 6, 0], "rotation": 270, "texture": "#10"},
				"south": {"uv": [0, 6, 6, 0], "rotation": 90, "texture": "#10"},
				"west": {"uv": [0, 1, 6, 0], "rotation": 270, "texture": "#10"},
				"up": {"uv": [1, 0, 0, 6], "rotation": 270, "texture": "#10"},
				"down": {"uv": [1, 0, 0, 6], "rotation": 270, "texture": "#10"}
			}
		},
		{
			"from": [5, 5, 16.975],
			"to": [11, 11, 17.975],
			"rotation": {"angle": 45, "axis": "z", "origin": [8, 8, 17.5]},
			"faces": {
				"north": {"uv": [6, 0, 0, 6], "texture": "#10"},
				"east": {"uv": [1, 0, 0, 6], "texture": "#10"},
				"south": {"uv": [6, 0, 0, 6], "texture": "#10"},
				"west": {"uv": [1, 0, 0, 6], "texture": "#10"},
				"up": {"uv": [0, 1, 6, 0], "texture": "#10"},
				"down": {"uv": [0, 1, 6, 0], "texture": "#10"}
			}
		},
		{
			"from": [5, 5, 16.95],
			"to": [11, 11, 17.95],
			"rotation": {"angle": 22.5, "axis": "z", "origin": [8, 8, 17.5]},
			"faces": {
				"north": {"uv": [6, 0, 0, 6], "texture": "#10"},
				"east": {"uv": [1, 0, 0, 6], "texture": "#10"},
				"south": {"uv": [6, 0, 0, 6], "texture": "#10"},
				"west": {"uv": [1, 0, 0, 6], "texture": "#10"},
				"up": {"uv": [0, 1, 6, 0], "texture": "#10"},
				"down": {"uv": [0, 1, 6, 0], "texture": "#10"}
			}
		},
		{
			"from": [5, 5, 17],
			"to": [11, 11, 18],
			"rotation": {"angle": 0, "axis": "y", "origin": [8, 8, 17.5]},
			"faces": {
				"north": {"uv": [6, 0, 0, 6], "texture": "#10"},
				"east": {"uv": [1, 0, 0, 6], "texture": "#10"},
				"south": {"uv": [11, 6, 5, 12], "texture": "#10"},
				"west": {"uv": [1, 0, 0, 6], "texture": "#10"},
				"up": {"uv": [0, 1, 6, 0], "texture": "#10"},
				"down": {"uv": [0, 1, 6, 0], "texture": "#10"}
			}
		},
		{
			"from": [-1, 3, 3],
			"to": [0, 13, 13],
			"rotation": {"angle": 0, "axis": "z", "origin": [8, 8, 8]},
			"faces": {
				"north": {"uv": [1, 0, 0, 10], "texture": "#6"},
				"east": {"uv": [10, 0, 0, 10], "texture": "#6"},
				"south": {"uv": [1, 0, 0, 10], "texture": "#6"},
				"west": {"uv": [13, 3, 3, 13], "texture": "#6"},
				"up": {"uv": [0, 1, 10, 0], "rotation": 90, "texture": "#6"},
				"down": {"uv": [0, 1, 10, 0], "rotation": 270, "texture": "#6"}
			}
		},
		{
			"from": [-0.75, 3, 3],
			"to": [0.25, 13, 13],
			"rotation": {"angle": -45, "axis": "x", "origin": [8, 8, 8]},
			"faces": {
				"north": {"uv": [1, 0, 2, 10], "texture": "#6"},
				"east": {"uv": [6, 0, 16, 10], "texture": "#6"},
				"south": {"uv": [1, 0, 2, 10], "texture": "#6"},
				"west": {"uv": [6, 0, 16, 10], "texture": "#6"},
				"up": {"uv": [0, 1, 10, 2], "rotation": 90, "texture": "#6"},
				"down": {"uv": [0, 1, 10, 2], "rotation": 270, "texture": "#6"}
			}
		},
		{
			"from": [-0.5, -1, 6.5],
			"to": [3.5, 3, 9.5],
			"rotation": {"angle": 0, "axis": "y", "origin": [8, 8, 8]},
			"faces": {
				"north": {"uv": [9, 2, 5, 6], "texture": "#11"},
				"east": {"uv": [14, 1, 11, 5], "texture": "#11"},
				"south": {"uv": [9, 12, 13, 8], "rotation": 90, "texture": "#11"},
				"west": {"uv": [13, 6, 10, 10], "texture": "#11"},
				"up": {"uv": [6, 3, 2, 6], "texture": "#11"},
				"down": {"uv": [2, 12, 5, 8], "rotation": 270, "texture": "#11"}
			}
		},
		{
			"from": [-0.5, 13, 6.5],
			"to": [3.5, 17, 9.5],
			"rotation": {"angle": 0, "axis": "y", "origin": [8, 8, 8]},
			"faces": {
				"north": {"uv": [9, 6, 5, 2], "texture": "#11"},
				"east": {"uv": [14, 5, 11, 1], "texture": "#11"},
				"south": {"uv": [9, 8, 13, 12], "rotation": 90, "texture": "#11"},
				"west": {"uv": [13, 10, 10, 6], "texture": "#11"},
				"up": {"uv": [2, 3, 6, 6], "texture": "#11"},
				"down": {"uv": [2, 8, 5, 12], "rotation": 270, "texture": "#11"}
			}
		},
		{
			"from": [-1.95, 5, 5],
			"to": [-0.95, 11, 11],
			"rotation": {"angle": 22.5, "axis": "x", "origin": [8, 8, 8]},
			"faces": {
				"north": {"uv": [0, 1, 6, 2], "rotation": 270, "texture": "#10"},
				"east": {"uv": [0, 6, 6, 12], "rotation": 270, "texture": "#10"},
				"south": {"uv": [0, 1, 6, 2], "rotation": 270, "texture": "#10"},
				"west": {"uv": [0, 6, 6, 12], "rotation": 90, "texture": "#10"},
				"up": {"uv": [1, 0, 2, 6], "texture": "#10"},
				"down": {"uv": [1, 0, 2, 6], "rotation": 180, "texture": "#10"}
			}
		},
		{
			"from": [-1.975, 5, 5],
			"to": [-0.975, 11, 11],
			"rotation": {"angle": -45, "axis": "x", "origin": [8, 8, 8]},
			"faces": {
				"north": {"uv": [1, 0, 2, 6], "texture": "#10"},
				"east": {"uv": [6, 0, 12, 6], "texture": "#10"},
				"south": {"uv": [1, 0, 2, 6], "texture": "#10"},
				"west": {"uv": [6, 0, 12, 6], "texture": "#10"},
				"up": {"uv": [0, 1, 6, 2], "rotation": 90, "texture": "#10"},
				"down": {"uv": [0, 1, 6, 2], "rotation": 270, "texture": "#10"}
			}
		},
		{
			"from": [-1.95, 5, 5],
			"to": [-0.95, 11, 11],
			"rotation": {"angle": -22.5, "axis": "x", "origin": [8, 8, 8]},
			"faces": {
				"north": {"uv": [1, 0, 2, 6], "texture": "#10"},
				"east": {"uv": [6, 0, 12, 6], "texture": "#10"},
				"south": {"uv": [1, 0, 2, 6], "texture": "#10"},
				"west": {"uv": [6, 0, 12, 6], "texture": "#10"},
				"up": {"uv": [0, 1, 6, 2], "rotation": 90, "texture": "#10"},
				"down": {"uv": [0, 1, 6, 2], "rotation": 270, "texture": "#10"}
			}
		},
		{
			"from": [-2, 5, 5],
			"to": [-1, 11, 11],
			"rotation": {"angle": 0, "axis": "y", "origin": [8, 8, 8]},
			"faces": {
				"north": {"uv": [1, 0, 0, 6], "texture": "#10"},
				"east": {"uv": [6, 0, 0, 6], "texture": "#10"},
				"south": {"uv": [1, 0, 0, 6], "texture": "#10"},
				"west": {"uv": [11, 6, 5, 12], "texture": "#10"},
				"up": {"uv": [0, 1, 6, 0], "rotation": 90, "texture": "#10"},
				"down": {"uv": [0, 1, 6, 0], "rotation": 270, "texture": "#10"}
			}
		},
		{
			"from": [4, 22, 4],
			"to": [12, 25, 12],
			"faces": {
				"north": {"uv": [0, 0, 8, 3], "texture": "#9"},
				"east": {"uv": [0, 0, 8, 3], "texture": "#9"},
				"south": {"uv": [0, 0, 8, 3], "texture": "#9"},
				"west": {"uv": [0, 0, 8, 3], "texture": "#9"},
				"up": {"uv": [0, 0, 8, 8], "texture": "#9"},
				"down": {"uv": [0, 0, 8, 8], "texture": "#9"}
			}
		},
		{
			"from": [-8.5, 19.5, 5],
			"to": [4.5, 25.5, 11],
			"rotation": {"angle": -22.5, "axis": "z", "origin": [-4, 21, 8]},
			"faces": {
				"north": {"uv": [13, 0, 0, 6], "texture": "#5"},
				"east": {"uv": [6, 0, 0, 6], "texture": "#5"},
				"south": {"uv": [13, 0, 0, 6], "texture": "#5"},
				"west": {"uv": [6, 0, 0, 6], "texture": "#5"},
				"up": {"uv": [13, 0, 0, 6], "texture": "#5"},
				"down": {"uv": [13, 0, 0, 6], "texture": "#5"}
			}
		},
		{
			"from": [-11, 28.5, 7],
			"to": [-9, 32, 9],
			"rotation": {"angle": 0, "axis": "y", "origin": [16, 0, 0]},
			"faces": {
				"north": {"uv": [2, 0, 0, 3.5], "texture": "#1"},
				"east": {"uv": [2, 0, 0, 3.5], "texture": "#1"},
				"south": {"uv": [2, 0, 0, 3.5], "texture": "#1"},
				"west": {"uv": [2, 0, 0, 3.5], "texture": "#1"},
				"up": {"uv": [2, 0, 0, 2], "texture": "#1"},
				"down": {"uv": [2, 0, 0, 2], "texture": "#1"}
			}
		},
		{
			"from": [-14, 19.5, 4],
			"to": [-6, 27.5, 12],
			"rotation": {"angle": 0, "axis": "y", "origin": [16, 0, 0]},
			"faces": {
				"north": {"uv": [8, 0, 0, 8], "texture": "#4"},
				"east": {"uv": [8, 0, 0, 8], "texture": "#4"},
				"south": {"uv": [8, 0, 0, 8], "texture": "#4"},
				"west": {"uv": [8, 0, 0, 8], "texture": "#4"},
				"up": {"uv": [8, 0, 0, 8], "texture": "#4"},
				"down": {"uv": [8, 0, 0, 8], "texture": "#4"}
			}
		},
		{
			"from": [-13, 18.5, 5],
			"to": [-7, 28.5, 11],
			"rotation": {"angle": 0, "axis": "y", "origin": [16, 0, 0]},
			"faces": {
				"north": {"uv": [6, 0, 0, 10], "texture": "#6"},
				"east": {"uv": [6, 0, 0, 10], "texture": "#6"},
				"south": {"uv": [6, 0, 0, 10], "texture": "#6"},
				"west": {"uv": [6, 0, 0, 10], "texture": "#6"},
				"up": {"uv": [6, 0, 0, 6], "texture": "#6"},
				"down": {"uv": [6, 0, 0, 6], "texture": "#6"}
			}
		},
		{
			"from": [-11, 4, 5.5],
			"to": [-9, 14, 6.5],
			"rotation": {"angle": 0, "axis": "y", "origin": [16, 0, 0]},
			"faces": {
				"north": {"uv": [2, 0, 0, 10], "texture": "#10"},
				"east": {"uv": [1, 0, 0, 10], "texture": "#10"},
				"south": {"uv": [2, 0, 0, 10], "texture": "#10"},
				"west": {"uv": [1, 0, 0, 10], "texture": "#10"},
				"up": {"uv": [2, 0, 0, 1], "texture": "#10"},
				"down": {"uv": [2, 0, 0, 1], "texture": "#10"}
			}
		},
		{
			"from": [-12.5, 4, 7],
			"to": [-11.5, 14, 9],
			"rotation": {"angle": 0, "axis": "y", "origin": [-10, -5, 8]},
			"faces": {
				"north": {"uv": [1, 0, 0, 10], "texture": "#10"},
				"east": {"uv": [2, 0, 0, 10], "texture": "#10"},
				"south": {"uv": [1, 0, 0, 10], "texture": "#10"},
				"west": {"uv": [2, 0, 0, 10], "texture": "#10"},
				"up": {"uv": [0, 1, 2, 0], "rotation": 90, "texture": "#10"},
				"down": {"uv": [0, 1, 2, 0], "rotation": 270, "texture": "#10"}
			}
		},
		{
			"from": [-12, 3.5, 6],
			"to": [-8, 19.5, 10],
			"rotation": {"angle": 0, "axis": "y", "origin": [16, 0, 0]},
			"faces": {
				"north": {"uv": [4, 0, 0, 16], "texture": "#1"},
				"east": {"uv": [4, 0, 0, 16], "texture": "#1"},
				"south": {"uv": [4, 0, 0, 16], "texture": "#1"},
				"west": {"uv": [4, 0, 0, 16], "texture": "#1"},
				"up": {"uv": [4, 0, 0, 4], "texture": "#1"},
				"down": {"uv": [4, 0, 0, 4], "texture": "#1"}
			}
		},
		{
			"from": [-8.5, 4, 7],
			"to": [-7.5, 14, 9],
			"rotation": {"angle": 0, "axis": "y", "origin": [-10, -5, 8]},
			"faces": {
				"north": {"uv": [1, 0, 0, 10], "texture": "#10"},
				"east": {"uv": [2, 0, 0, 10], "texture": "#10"},
				"south": {"uv": [1, 0, 0, 10], "texture": "#10"},
				"west": {"uv": [2, 0, 0, 10], "texture": "#10"},
				"up": {"uv": [0, 1, 2, 0], "rotation": 90, "texture": "#10"},
				"down": {"uv": [0, 1, 2, 0], "rotation": 270, "texture": "#10"}
			}
		},
		{
			"from": [-11, 4, 9.5],
			"to": [-9, 14, 10.5],
			"rotation": {"angle": 0, "axis": "y", "origin": [16, 0, 0]},
			"faces": {
				"north": {"uv": [2, 0, 0, 10], "texture": "#10"},
				"east": {"uv": [1, 0, 0, 10], "texture": "#10"},
				"south": {"uv": [2, 0, 0, 10], "texture": "#10"},
				"west": {"uv": [1, 0, 0, 10], "texture": "#10"},
				"up": {"uv": [2, 0, 0, 1], "texture": "#10"},
				"down": {"uv": [2, 0, 0, 1], "texture": "#10"}
			}
		},
		{
			"from": [-13, -10, 5],
			"to": [-7, 4, 11],
			"rotation": {"angle": 0, "axis": "y", "origin": [16, 0, 0]},
			"faces": {
				"north": {"uv": [6, 0, 0, 14], "texture": "#1"},
				"east": {"uv": [6, 0, 0, 14], "texture": "#1"},
				"south": {"uv": [6, 0, 0, 14], "texture": "#1"},
				"west": {"uv": [6, 0, 0, 14], "texture": "#1"},
				"up": {"uv": [6, 0, 0, 6], "texture": "#1"},
				"down": {"uv": [6, 0, 0, 6], "texture": "#1"}
			}
		},
		{
			"from": [-11, -10, 11],
			"to": [-9, 0, 12],
			"rotation": {"angle": 0, "axis": "y", "origin": [16, 0, 0]},
			"faces": {
				"north": {"uv": [2, 0, 0, 10], "texture": "#10"},
				"east": {"uv": [1, 0, 0, 10], "texture": "#10"},
				"south": {"uv": [2, 0, 0, 10], "texture": "#10"},
				"west": {"uv": [1, 0, 0, 10], "texture": "#10"},
				"up": {"uv": [2, 0, 0, 1], "texture": "#10"},
				"down": {"uv": [2, 0, 0, 1], "texture": "#10"}
			}
		},
		{
			"from": [-14, -10, 7],
			"to": [-13, 0, 9],
			"rotation": {"angle": 0, "axis": "y", "origin": [-10, -5, 8]},
			"faces": {
				"north": {"uv": [1, 0, 0, 10], "texture": "#10"},
				"east": {"uv": [2, 0, 0, 10], "texture": "#10"},
				"south": {"uv": [1, 0, 0, 10], "texture": "#10"},
				"west": {"uv": [2, 0, 0, 10], "texture": "#10"},
				"up": {"uv": [0, 1, 2, 0], "rotation": 90, "texture": "#10"},
				"down": {"uv": [0, 1, 2, 0], "rotation": 270, "texture": "#10"}
			}
		},
		{
			"from": [-15, -12, 3],
			"to": [-5, -10, 13],
			"rotation": {"angle": 0, "axis": "y", "origin": [16, 0, 0]},
			"faces": {
				"north": {"uv": [10, 0, 0, 2], "texture": "#6"},
				"east": {"uv": [10, 0, 0, 2], "texture": "#6"},
				"south": {"uv": [10, 0, 0, 2], "texture": "#6"},
				"west": {"uv": [10, 0, 0, 2], "texture": "#6"},
				"up": {"uv": [10, 0, 0, 10], "texture": "#6"},
				"down": {"uv": [10, 0, 0, 10], "texture": "#6"}
			}
		},
		{
			"from": [-16, -16, 2],
			"to": [-4, -12, 14],
			"rotation": {"angle": 0, "axis": "y", "origin": [16, 0, 0]},
			"faces": {
				"north": {"uv": [12, 0, 0, 4], "texture": "#8"},
				"east": {"uv": [12, 0, 0, 4], "texture": "#8"},
				"south": {"uv": [12, 0, 0, 4], "texture": "#8"},
				"west": {"uv": [12, 0, 0, 4], "texture": "#8"},
				"up": {"uv": [12, 0, 0, 12], "texture": "#8"},
				"down": {"uv": [12, 0, 0, 12], "texture": "#8"}
			}
		},
		{
			"from": [-11, -10, 4],
			"to": [-9, 0, 5],
			"rotation": {"angle": 0, "axis": "y", "origin": [16, 0, 0]},
			"faces": {
				"north": {"uv": [2, 0, 0, 10], "texture": "#10"},
				"east": {"uv": [1, 0, 0, 10], "texture": "#10"},
				"south": {"uv": [2, 0, 0, 10], "texture": "#10"},
				"west": {"uv": [1, 0, 0, 10], "texture": "#10"},
				"up": {"uv": [2, 0, 0, 1], "texture": "#10"},
				"down": {"uv": [2, 0, 0, 1], "texture": "#10"}
			}
		},
		{
			"from": [-7, -10, 7],
			"to": [-6, 0, 9],
			"rotation": {"angle": 0, "axis": "y", "origin": [-10, -5, 8]},
			"faces": {
				"north": {"uv": [1, 0, 0, 10], "texture": "#10"},
				"east": {"uv": [2, 0, 0, 10], "texture": "#10"},
				"south": {"uv": [1, 0, 0, 10], "texture": "#10"},
				"west": {"uv": [2, 0, 0, 10], "texture": "#10"},
				"up": {"uv": [0, 1, 2, 0], "rotation": 90, "texture": "#10"},
				"down": {"uv": [0, 1, 2, 0], "rotation": 270, "texture": "#10"}
			}
		},
		{
			"from": [5, 13.77727, -13.27011],
			"to": [11, 19.77727, -0.27011],
			"rotation": {"angle": 22.5, "axis": "x", "origin": [8, 6.14815, 8]},
			"faces": {
				"north": {"uv": [6, 0, 12, 6], "texture": "#5"},
				"east": {"uv": [3, 0, 16, 6], "texture": "#5"},
				"south": {"uv": [6, 0, 12, 6], "texture": "#5"},
				"west": {"uv": [3, 0, 16, 6], "texture": "#5"},
				"up": {"uv": [3, 0, 16, 6], "rotation": 90, "texture": "#5"},
				"down": {"uv": [3, 0, 16, 6], "rotation": 270, "texture": "#5"}
			}
		},
		{
			"from": [7, 28.5, -11],
			"to": [9, 32, -9],
			"rotation": {"angle": 0, "axis": "y", "origin": [8, 6.14815, 8]},
			"faces": {
				"north": {"uv": [2, 0, 4, 3.5], "texture": "#1"},
				"east": {"uv": [2, 0, 4, 3.5], "texture": "#1"},
				"south": {"uv": [2, 0, 4, 3.5], "texture": "#1"},
				"west": {"uv": [2, 0, 4, 3.5], "texture": "#1"},
				"up": {"uv": [2, 0, 4, 2], "rotation": 90, "texture": "#1"},
				"down": {"uv": [2, 0, 4, 2], "rotation": 270, "texture": "#1"}
			}
		},
		{
			"from": [4, 19.5, -14],
			"to": [12, 27.5, -6],
			"rotation": {"angle": 0, "axis": "y", "origin": [8, 6.14815, 8]},
			"faces": {
				"north": {"uv": [8, 0, 16, 8], "texture": "#4"},
				"east": {"uv": [8, 0, 16, 8], "texture": "#4"},
				"south": {"uv": [8, 0, 16, 8], "texture": "#4"},
				"west": {"uv": [8, 0, 16, 8], "texture": "#4"},
				"up": {"uv": [8, 0, 16, 8], "rotation": 90, "texture": "#4"},
				"down": {"uv": [8, 0, 16, 8], "rotation": 270, "texture": "#4"}
			}
		},
		{
			"from": [5, 18.5, -13],
			"to": [11, 28.5, -7],
			"rotation": {"angle": 0, "axis": "y", "origin": [8, 6.14815, 8]},
			"faces": {
				"north": {"uv": [6, 0, 12, 10], "texture": "#6"},
				"east": {"uv": [6, 0, 12, 10], "texture": "#6"},
				"south": {"uv": [6, 0, 12, 10], "texture": "#6"},
				"west": {"uv": [6, 0, 12, 10], "texture": "#6"},
				"up": {"uv": [6, 0, 12, 6], "rotation": 90, "texture": "#6"},
				"down": {"uv": [6, 0, 12, 6], "rotation": 270, "texture": "#6"}
			}
		},
		{
			"from": [9.5, 4, -11],
			"to": [10.5, 14, -9],
			"rotation": {"angle": 0, "axis": "y", "origin": [8, 6.14815, 8]},
			"faces": {
				"north": {"uv": [1, 0, 2, 10], "texture": "#10"},
				"east": {"uv": [2, 0, 4, 10], "texture": "#10"},
				"south": {"uv": [1, 0, 2, 10], "texture": "#10"},
				"west": {"uv": [2, 0, 4, 10], "texture": "#10"},
				"up": {"uv": [2, 0, 4, 1], "rotation": 90, "texture": "#10"},
				"down": {"uv": [2, 0, 4, 1], "rotation": 270, "texture": "#10"}
			}
		},
		{
			"from": [7, 4, -12.5],
			"to": [9, 14, -11.5],
			"rotation": {"angle": 0, "axis": "y", "origin": [8, 6.14815, 8]},
			"faces": {
				"north": {"uv": [2, 0, 4, 10], "texture": "#10"},
				"east": {"uv": [1, 0, 2, 10], "texture": "#10"},
				"south": {"uv": [2, 0, 4, 10], "texture": "#10"},
				"west": {"uv": [1, 0, 2, 10], "texture": "#10"},
				"up": {"uv": [0, 1, 2, 2], "rotation": 180, "texture": "#10"},
				"down": {"uv": [0, 1, 2, 2], "rotation": 180, "texture": "#10"}
			}
		},
		{
			"from": [6, 3.5, -12],
			"to": [10, 19.5, -8],
			"rotation": {"angle": 0, "axis": "y", "origin": [8, 6.14815, 8]},
			"faces": {
				"north": {"uv": [4, 0, 8, 16], "texture": "#1"},
				"east": {"uv": [4, 0, 8, 16], "texture": "#1"},
				"south": {"uv": [4, 0, 8, 16], "texture": "#1"},
				"west": {"uv": [4, 0, 8, 16], "texture": "#1"},
				"up": {"uv": [4, 0, 8, 4], "rotation": 90, "texture": "#1"},
				"down": {"uv": [4, 0, 8, 4], "rotation": 270, "texture": "#1"}
			}
		},
		{
			"from": [7, 4, -8.5],
			"to": [9, 14, -7.5],
			"rotation": {"angle": 0, "axis": "y", "origin": [8, 6.14815, 8]},
			"faces": {
				"north": {"uv": [2, 0, 4, 10], "texture": "#10"},
				"east": {"uv": [1, 0, 2, 10], "texture": "#10"},
				"south": {"uv": [2, 0, 4, 10], "texture": "#10"},
				"west": {"uv": [1, 0, 2, 10], "texture": "#10"},
				"up": {"uv": [0, 1, 2, 2], "rotation": 180, "texture": "#10"},
				"down": {"uv": [0, 1, 2, 2], "rotation": 180, "texture": "#10"}
			}
		},
		{
			"from": [5.5, 4, -11],
			"to": [6.5, 14, -9],
			"rotation": {"angle": 0, "axis": "y", "origin": [8, 6.14815, 8]},
			"faces": {
				"north": {"uv": [1, 0, 2, 10], "texture": "#10"},
				"east": {"uv": [2, 0, 4, 10], "texture": "#10"},
				"south": {"uv": [1, 0, 2, 10], "texture": "#10"},
				"west": {"uv": [2, 0, 4, 10], "texture": "#10"},
				"up": {"uv": [2, 0, 4, 1], "rotation": 90, "texture": "#10"},
				"down": {"uv": [2, 0, 4, 1], "rotation": 270, "texture": "#10"}
			}
		},
		{
			"from": [5, -10, -13],
			"to": [11, 4, -7],
			"rotation": {"angle": 0, "axis": "y", "origin": [8, 6.14815, 8]},
			"faces": {
				"north": {"uv": [6, 0, 12, 14], "texture": "#1"},
				"east": {"uv": [6, 0, 12, 14], "texture": "#1"},
				"south": {"uv": [6, 0, 12, 14], "texture": "#1"},
				"west": {"uv": [6, 0, 12, 14], "texture": "#1"},
				"up": {"uv": [6, 0, 12, 6], "rotation": 90, "texture": "#1"},
				"down": {"uv": [6, 0, 12, 6], "rotation": 270, "texture": "#1"}
			}
		},
		{
			"from": [4, -10, -11],
			"to": [5, 0, -9],
			"rotation": {"angle": 0, "axis": "y", "origin": [8, 6.14815, 8]},
			"faces": {
				"north": {"uv": [1, 0, 2, 10], "texture": "#10"},
				"east": {"uv": [2, 0, 4, 10], "texture": "#10"},
				"south": {"uv": [1, 0, 2, 10], "texture": "#10"},
				"west": {"uv": [2, 0, 4, 10], "texture": "#10"},
				"up": {"uv": [2, 0, 4, 1], "rotation": 90, "texture": "#10"},
				"down": {"uv": [2, 0, 4, 1], "rotation": 270, "texture": "#10"}
			}
		},
		{
			"from": [7, -10, -14],
			"to": [9, 0, -13],
			"rotation": {"angle": 0, "axis": "y", "origin": [8, 6.14815, 8]},
			"faces": {
				"north": {"uv": [2, 0, 4, 10], "texture": "#10"},
				"east": {"uv": [1, 0, 2, 10], "texture": "#10"},
				"south": {"uv": [2, 0, 4, 10], "texture": "#10"},
				"west": {"uv": [1, 0, 2, 10], "texture": "#10"},
				"up": {"uv": [0, 1, 2, 2], "rotation": 180, "texture": "#10"},
				"down": {"uv": [0, 1, 2, 2], "rotation": 180, "texture": "#10"}
			}
		},
		{
			"from": [3, -12, -15],
			"to": [13, -10, -5],
			"rotation": {"angle": 0, "axis": "y", "origin": [8, 6.14815, 8]},
			"faces": {
				"north": {"uv": [6, 0, 16, 2], "texture": "#6"},
				"east": {"uv": [6, 0, 16, 2], "texture": "#6"},
				"south": {"uv": [6, 0, 16, 2], "texture": "#6"},
				"west": {"uv": [6, 0, 16, 2], "texture": "#6"},
				"up": {"uv": [6, 0, 16, 10], "rotation": 90, "texture": "#6"},
				"down": {"uv": [6, 0, 16, 10], "rotation": 270, "texture": "#6"}
			}
		},
		{
			"from": [2, -16, -16],
			"to": [14, -12, -4],
			"rotation": {"angle": 0, "axis": "y", "origin": [8, 6.14815, 8]},
			"faces": {
				"north": {"uv": [4, 0, 16, 4], "texture": "#8"},
				"east": {"uv": [4, 0, 16, 4], "texture": "#8"},
				"south": {"uv": [4, 0, 16, 4], "texture": "#8"},
				"west": {"uv": [4, 0, 16, 4], "texture": "#8"},
				"up": {"uv": [4, 0, 16, 12], "rotation": 90, "texture": "#8"},
				"down": {"uv": [4, 0, 16, 12], "rotation": 270, "texture": "#8"}
			}
		},
		{
			"from": [11, -10, -11],
			"to": [12, 0, -9],
			"rotation": {"angle": 0, "axis": "y", "origin": [8, 6.14815, 8]},
			"faces": {
				"north": {"uv": [1, 0, 2, 10], "texture": "#10"},
				"east": {"uv": [2, 0, 4, 10], "texture": "#10"},
				"south": {"uv": [1, 0, 2, 10], "texture": "#10"},
				"west": {"uv": [2, 0, 4, 10], "texture": "#10"},
				"up": {"uv": [2, 0, 4, 1], "rotation": 90, "texture": "#10"},
				"down": {"uv": [2, 0, 4, 1], "rotation": 270, "texture": "#10"}
			}
		},
		{
			"from": [7, -10, -7],
			"to": [9, 0, -6],
			"rotation": {"angle": 0, "axis": "y", "origin": [8, 6.14815, 8]},
			"faces": {
				"north": {"uv": [2, 0, 4, 10], "texture": "#10"},
				"east": {"uv": [1, 0, 2, 10], "texture": "#10"},
				"south": {"uv": [2, 0, 4, 10], "texture": "#10"},
				"west": {"uv": [1, 0, 2, 10], "texture": "#10"},
				"up": {"uv": [0, 1, 2, 2], "rotation": 180, "texture": "#10"},
				"down": {"uv": [0, 1, 2, 2], "rotation": 180, "texture": "#10"}
			}
		},
		{
			"from": [5, 13.77727, 16.27011],
			"to": [11, 19.77727, 29.27011],
			"rotation": {"angle": -22.5, "axis": "x", "origin": [8, 6.14815, 8]},
			"faces": {
				"north": {"uv": [0, 0, 6, 6], "texture": "#5"},
				"east": {"uv": [0, 0, 13, 6], "texture": "#5"},
				"south": {"uv": [0, 0, 6, 6], "texture": "#5"},
				"west": {"uv": [0, 0, 13, 6], "texture": "#5"},
				"up": {"uv": [0, 0, 13, 6], "rotation": 90, "texture": "#5"},
				"down": {"uv": [0, 0, 13, 6], "rotation": 270, "texture": "#5"}
			}
		},
		{
			"from": [7, 28.5, 25],
			"to": [9, 32, 27],
			"rotation": {"angle": 0, "axis": "y", "origin": [8, 6.14815, 8]},
			"faces": {
				"north": {"uv": [0, 0, 2, 3.5], "texture": "#1"},
				"east": {"uv": [0, 0, 2, 3.5], "texture": "#1"},
				"south": {"uv": [0, 0, 2, 3.5], "texture": "#1"},
				"west": {"uv": [0, 0, 2, 3.5], "texture": "#1"},
				"up": {"uv": [0, 0, 2, 2], "rotation": 90, "texture": "#1"},
				"down": {"uv": [0, 0, 2, 2], "rotation": 270, "texture": "#1"}
			}
		},
		{
			"from": [4, 19.5, 22],
			"to": [12, 27.5, 30],
			"rotation": {"angle": 0, "axis": "y", "origin": [8, 6.14815, 8]},
			"faces": {
				"north": {"uv": [0, 0, 8, 8], "texture": "#4"},
				"east": {"uv": [0, 0, 8, 8], "texture": "#4"},
				"south": {"uv": [0, 0, 8, 8], "texture": "#4"},
				"west": {"uv": [0, 0, 8, 8], "texture": "#4"},
				"up": {"uv": [0, 0, 8, 8], "rotation": 90, "texture": "#4"},
				"down": {"uv": [0, 0, 8, 8], "rotation": 270, "texture": "#4"}
			}
		},
		{
			"from": [5, 18.5, 23],
			"to": [11, 28.5, 29],
			"rotation": {"angle": 0, "axis": "y", "origin": [8, 6.14815, 8]},
			"faces": {
				"north": {"uv": [0, 0, 6, 10], "texture": "#6"},
				"east": {"uv": [0, 0, 6, 10], "texture": "#6"},
				"south": {"uv": [0, 0, 6, 10], "texture": "#6"},
				"west": {"uv": [0, 0, 6, 10], "texture": "#6"},
				"up": {"uv": [0, 0, 6, 6], "rotation": 90, "texture": "#6"},
				"down": {"uv": [0, 0, 6, 6], "rotation": 270, "texture": "#6"}
			}
		},
		{
			"from": [9.5, 4, 25],
			"to": [10.5, 14, 27],
			"rotation": {"angle": 0, "axis": "y", "origin": [8, 6.14815, 8]},
			"faces": {
				"north": {"uv": [0, 0, 1, 10], "texture": "#10"},
				"east": {"uv": [0, 0, 2, 10], "texture": "#10"},
				"south": {"uv": [0, 0, 1, 10], "texture": "#10"},
				"west": {"uv": [0, 0, 2, 10], "texture": "#10"},
				"up": {"uv": [0, 0, 2, 1], "rotation": 90, "texture": "#10"},
				"down": {"uv": [0, 0, 2, 1], "rotation": 270, "texture": "#10"}
			}
		},
		{
			"from": [7, 4, 27.5],
			"to": [9, 14, 28.5],
			"rotation": {"angle": 0, "axis": "y", "origin": [8, 6.14815, 8]},
			"faces": {
				"north": {"uv": [0, 0, 2, 10], "texture": "#10"},
				"east": {"uv": [0, 0, 1, 10], "texture": "#10"},
				"south": {"uv": [0, 0, 2, 10], "texture": "#10"},
				"west": {"uv": [0, 0, 1, 10], "texture": "#10"},
				"up": {"uv": [0, 0, 2, 1], "rotation": 180, "texture": "#10"},
				"down": {"uv": [0, 0, 2, 1], "rotation": 180, "texture": "#10"}
			}
		},
		{
			"from": [6, 3.5, 24],
			"to": [10, 19.5, 28],
			"rotation": {"angle": 0, "axis": "y", "origin": [8, 6.14815, 8]},
			"faces": {
				"north": {"uv": [0, 0, 4, 16], "texture": "#1"},
				"east": {"uv": [0, 0, 4, 16], "texture": "#1"},
				"south": {"uv": [0, 0, 4, 16], "texture": "#1"},
				"west": {"uv": [0, 0, 4, 16], "texture": "#1"},
				"up": {"uv": [0, 0, 4, 4], "rotation": 90, "texture": "#1"},
				"down": {"uv": [0, 0, 4, 4], "rotation": 270, "texture": "#1"}
			}
		},
		{
			"from": [7, 4, 23.5],
			"to": [9, 14, 24.5],
			"rotation": {"angle": 0, "axis": "y", "origin": [8, 6.14815, 8]},
			"faces": {
				"north": {"uv": [0, 0, 2, 10], "texture": "#10"},
				"east": {"uv": [0, 0, 1, 10], "texture": "#10"},
				"south": {"uv": [0, 0, 2, 10], "texture": "#10"},
				"west": {"uv": [0, 0, 1, 10], "texture": "#10"},
				"up": {"uv": [0, 0, 2, 1], "rotation": 180, "texture": "#10"},
				"down": {"uv": [0, 0, 2, 1], "rotation": 180, "texture": "#10"}
			}
		},
		{
			"from": [5.5, 4, 25],
			"to": [6.5, 14, 27],
			"rotation": {"angle": 0, "axis": "y", "origin": [8, 6.14815, 8]},
			"faces": {
				"north": {"uv": [0, 0, 1, 10], "texture": "#10"},
				"east": {"uv": [0, 0, 2, 10], "texture": "#10"},
				"south": {"uv": [0, 0, 1, 10], "texture": "#10"},
				"west": {"uv": [0, 0, 2, 10], "texture": "#10"},
				"up": {"uv": [0, 0, 2, 1], "rotation": 90, "texture": "#10"},
				"down": {"uv": [0, 0, 2, 1], "rotation": 270, "texture": "#10"}
			}
		},
		{
			"from": [5, -10, 23],
			"to": [11, 4, 29],
			"rotation": {"angle": 0, "axis": "y", "origin": [8, 6.14815, 8]},
			"faces": {
				"north": {"uv": [0, 0, 6, 14], "texture": "#1"},
				"east": {"uv": [0, 0, 6, 14], "texture": "#1"},
				"south": {"uv": [0, 0, 6, 14], "texture": "#1"},
				"west": {"uv": [0, 0, 6, 14], "texture": "#1"},
				"up": {"uv": [0, 0, 6, 6], "rotation": 90, "texture": "#1"},
				"down": {"uv": [0, 0, 6, 6], "rotation": 270, "texture": "#1"}
			}
		},
		{
			"from": [4, -10, 25],
			"to": [5, 0, 27],
			"rotation": {"angle": 0, "axis": "y", "origin": [8, 6.14815, 8]},
			"faces": {
				"north": {"uv": [0, 0, 1, 10], "texture": "#10"},
				"east": {"uv": [0, 0, 2, 10], "texture": "#10"},
				"south": {"uv": [0, 0, 1, 10], "texture": "#10"},
				"west": {"uv": [0, 0, 2, 10], "texture": "#10"},
				"up": {"uv": [0, 0, 2, 1], "rotation": 90, "texture": "#10"},
				"down": {"uv": [0, 0, 2, 1], "rotation": 270, "texture": "#10"}
			}
		},
		{
			"from": [7, -10, 29],
			"to": [9, 0, 30],
			"rotation": {"angle": 0, "axis": "y", "origin": [8, 6.14815, 8]},
			"faces": {
				"north": {"uv": [0, 0, 2, 10], "texture": "#10"},
				"east": {"uv": [0, 0, 1, 10], "texture": "#10"},
				"south": {"uv": [0, 0, 2, 10], "texture": "#10"},
				"west": {"uv": [0, 0, 1, 10], "texture": "#10"},
				"up": {"uv": [0, 0, 2, 1], "rotation": 180, "texture": "#10"},
				"down": {"uv": [0, 0, 2, 1], "rotation": 180, "texture": "#10"}
			}
		},
		{
			"from": [3, -12, 21],
			"to": [13, -10, 31],
			"rotation": {"angle": 0, "axis": "y", "origin": [8, 6.14815, 8]},
			"faces": {
				"north": {"uv": [0, 0, 10, 2], "texture": "#6"},
				"east": {"uv": [0, 0, 10, 2], "texture": "#6"},
				"south": {"uv": [0, 0, 10, 2], "texture": "#6"},
				"west": {"uv": [0, 0, 10, 2], "texture": "#6"},
				"up": {"uv": [0, 0, 10, 10], "rotation": 90, "texture": "#6"},
				"down": {"uv": [0, 0, 10, 10], "rotation": 270, "texture": "#6"}
			}
		},
		{
			"from": [2, -16, 20],
			"to": [14, -12, 32],
			"rotation": {"angle": 0, "axis": "y", "origin": [8, 6.14815, 8]},
			"faces": {
				"north": {"uv": [0, 0, 12, 4], "texture": "#8"},
				"east": {"uv": [0, 0, 12, 4], "texture": "#8"},
				"south": {"uv": [0, 0, 12, 4], "texture": "#8"},
				"west": {"uv": [0, 0, 12, 4], "texture": "#8"},
				"up": {"uv": [0, 0, 12, 12], "rotation": 90, "texture": "#8"},
				"down": {"uv": [0, 0, 12, 12], "rotation": 270, "texture": "#8"}
			}
		},
		{
			"from": [11, -10, 25],
			"to": [12, 0, 27],
			"rotation": {"angle": 0, "axis": "y", "origin": [8, 6.14815, 8]},
			"faces": {
				"north": {"uv": [0, 0, 1, 10], "texture": "#10"},
				"east": {"uv": [0, 0, 2, 10], "texture": "#10"},
				"south": {"uv": [0, 0, 1, 10], "texture": "#10"},
				"west": {"uv": [0, 0, 2, 10], "texture": "#10"},
				"up": {"uv": [0, 0, 2, 1], "rotation": 90, "texture": "#10"},
				"down": {"uv": [0, 0, 2, 1], "rotation": 270, "texture": "#10"}
			}
		},
		{
			"from": [7, -10, 22],
			"to": [9, 0, 23],
			"rotation": {"angle": 0, "axis": "y", "origin": [8, 6.14815, 8]},
			"faces": {
				"north": {"uv": [0, 0, 2, 10], "texture": "#10"},
				"east": {"uv": [0, 0, 1, 10], "texture": "#10"},
				"south": {"uv": [0, 0, 2, 10], "texture": "#10"},
				"west": {"uv": [0, 0, 1, 10], "texture": "#10"},
				"up": {"uv": [0, 0, 2, 1], "rotation": 180, "texture": "#10"},
				"down": {"uv": [0, 0, 2, 1], "rotation": 180, "texture": "#10"}
			}
		}
	],
	"gui_light": "front",
	"display": {
		"thirdperson_righthand": {
			"rotation": [75, 45, 0],
			"translation": [0, 2.5, 0],
			"scale": [0.18, 0.18, 0.18]
		},
		"firstperson_righthand": {
			"rotation": [0, 45, 0],
			"translation": [0, 2, 0],
			"scale": [0.2, 0.2, 0.2]
		},
		"firstperson_lefthand": {
			"rotation": [0, 45, 0],
			"translation": [0, 2, 0],
			"scale": [0.2, 0.2, 0.2]
		},
		"ground": {
			"translation": [0, 3, 0],
			"scale": [0.2, 0.2, 0.2]
		},
		"gui": {
			"rotation": [30, 225, 0],
			"scale": [0.35, 0.35, 0.35]
		},
		"fixed": {
			"rotation": [-90, 0, 0],
			"translation": [0, 0, 16],
			"scale": [2.01, 2.01, 2.01]
		}
	},
	"groups": [
		0,
		1,
		2,
		3,
		{
			"name": "laser",
			"origin": [8, -5.27268, 8],
			"color": 0,
			"children": [4, 5, 6, 7, 8, 9, 10, 11, 12, 13, 14, 15, 16, 17, 18, 19]
		},
		20,
		{
			"name": "leg",
			"origin": [26, -5, 8],
			"color": 0,
			"children": [21, 22, 23, 24, 25, 26, 27, 28, 29, 30, 31, 32, 33, 34, 35, 36]
		},
		{
			"name": "core",
			"origin": [0, 0, 0],
			"color": 0,
			"children": [
				37,
				{
					"name": "group",
					"origin": [0, 16, 0],
					"color": 0,
					"children": [38, 39, 40, 41, 42, 43, 44, 45]
				},
				{
					"name": "group",
					"origin": [0, 16, 0],
					"color": 0,
					"children": [46, 47, 48, 49, 50, 51, 52, 53]
				},
				{
					"name": "group",
					"origin": [0, 16, 0],
					"color": 0,
					"children": [54, 55, 56, 57, 58, 59, 60, 61]
				},
				{
					"name": "group",
					"origin": [0, 16, 0],
					"color": 0,
					"children": [62, 63, 64, 65, 66, 67, 68, 69]
				}
			]
		},
		70,
		{
			"name": "leg",
			"origin": [26, -5, 8],
			"color": 0,
			"children": [71, 72, 73, 74, 75, 76, 77, 78, 79, 80, 81, 82, 83, 84, 85, 86]
		},
		{
			"name": "leg",
			"origin": [26, -5, 8],
			"color": 0,
			"children": [87, 88, 89, 90, 91, 92, 93, 94, 95, 96, 97, 98, 99, 100, 101, 102]
		},
		{
			"name": "leg",
			"origin": [26, -5, 8],
			"color": 0,
			"children": [103, 104, 105, 106, 107, 108, 109, 110, 111, 112, 113, 114, 115, 116, 117, 118]
		}
	]
}