{
	"credit": "Made with Blockbench",
	"textures": {
		"1": "machine/generic_side",
		"2": "machine/iron_block",
		"3": "machine/cyan_terracotta",
		"4": "machine/light_gray_concrete",
		"5": "machine/arrow_top",
		"particle": "machine/generic_top"
	},
	"elements": [
		{
			"from": [15, 0, 0],
			"to": [16, 16, 16],
			"rotation": {"angle": 0, "axis": "y", "origin": [8, 8, 8]},
			"faces": {
				"east": {"uv": [0, 0, 16, 16], "texture": "#1"},
				"west": {"uv": [0, 0, 16, 16], "texture": "#1"}
			}
		},
		{
			"from": [0, 0, 0],
			"to": [1, 16, 16],
			"rotation": {"angle": 0, "axis": "y", "origin": [8, 8, 8]},
			"faces": {
				"east": {"uv": [16, 0, 0, 16], "texture": "#1"},
				"west": {"uv": [16, 0, 0, 16], "texture": "#1"}
			}
		},
		{
			"from": [0, 0, 15],
			"to": [16, 16, 16],
			"rotation": {"angle": 0, "axis": "y", "origin": [8, 8, 8]},
			"faces": {
				"north": {"uv": [0, 0, 16, 16], "texture": "#1"},
				"south": {"uv": [0, 0, 16, 16], "texture": "#1"}
			}
		},
		{
			"from": [0, 15, 0],
			"to": [16, 16, 16],
			"rotation": {"angle": 0, "axis": "x", "origin": [8, 8, 8]},
			"faces": {
				"up": {"uv": [0, 0, 16, 16], "texture": "#5"},
				"down": {"uv": [0, 0, 16, 16], "rotation": 180, "texture": "#1"}
			}
		},
		{
			"from": [0, 0, 0],
			"to": [16, 1, 16],
			"rotation": {"angle": 0, "axis": "x", "origin": [8, 8, 8]},
			"faces": {
				"up": {"uv": [0, 0, 16, 16], "texture": "#1"},
				"down": {"uv": [0, 0, 16, 16], "rotation": 180, "texture": "#1"}
			}
		},
		{
			"from": [0, 0, 0],
			"to": [16, 1, 0],
			"faces": {
				"north": {"uv": [0, 0, 16, 1], "texture": "#1"},
				"east": {"uv": [0, 0, 0, 1], "texture": "#missing"},
				"south": {"uv": [0, 0, 16, 1], "texture": "#missing"},
				"west": {"uv": [0, 0, 0, 1], "texture": "#missing"},
				"up": {"uv": [0, 0, 16, 0], "texture": "#missing"},
				"down": {"uv": [0, 0, 16, 0], "texture": "#missing"}
			}
		},
		{
			"from": [0, 15, 0],
			"to": [16, 16, 0],
			"rotation": {"angle": 0, "axis": "y", "origin": [8, 15.5, 0]},
			"faces": {
				"north": {"uv": [0, 15, 16, 16], "texture": "#1"},
				"east": {"uv": [0, 0, 0, 1], "texture": "#missing"},
				"south": {"uv": [0, 0, 16, 1], "texture": "#missing"},
				"west": {"uv": [0, 0, 0, 1], "texture": "#missing"},
				"up": {"uv": [0, 0, 16, 0], "texture": "#missing"},
				"down": {"uv": [0, 0, 16, 0], "texture": "#missing"}
			}
		},
		{
			"from": [0, 1, 0],
			"to": [1, 15, 0],
			"faces": {
				"north": {"uv": [0, 1, 1, 15], "texture": "#1"},
				"east": {"uv": [0, 0, 0, 14], "texture": "#missing"},
				"south": {"uv": [0, 0, 1, 14], "texture": "#missing"},
				"west": {"uv": [0, 0, 0, 14], "texture": "#missing"},
				"up": {"uv": [0, 0, 1, 0], "texture": "#missing"},
				"down": {"uv": [0, 0, 1, 0], "texture": "#missing"}
			}
		},
		{
			"from": [15, 1, 0],
			"to": [16, 15, 0],
			"faces": {
				"north": {"uv": [15, 1, 16, 15], "texture": "#1"},
				"east": {"uv": [0, 0, 0, 14], "texture": "#missing"},
				"south": {"uv": [0, 0, 1, 14], "texture": "#missing"},
				"west": {"uv": [0, 0, 0, 14], "texture": "#missing"},
				"up": {"uv": [0, 0, 1, 0], "texture": "#missing"},
				"down": {"uv": [0, 0, 1, 0], "texture": "#missing"}
			}
		},
		{
			"from": [7, 7, 2],
			"to": [9, 9, 15],
			"faces": {
				"north": {"uv": [0, 0, 2, 2], "texture": "#3"},
				"east": {"uv": [0, 0, 13, 2], "texture": "#3"},
				"south": {"uv": [0, 0, 2, 2], "texture": "#3"},
				"west": {"uv": [0, 0, 13, 2], "texture": "#3"},
				"up": {"uv": [0, 0, 2, 13], "texture": "#3"},
				"down": {"uv": [0, 0, 2, 13], "texture": "#3"}
			}
		},
		{
			"from": [7, 1.5, 3],
			"to": [9, 14.5, 4],
			"faces": {
				"north": {"uv": [0, 0, 2, 13], "texture": "#2"},
				"east": {"uv": [0, 0, 1, 13], "texture": "#2"},
				"south": {"uv": [0, 0, 2, 13], "texture": "#2"},
				"west": {"uv": [0, 0, 1, 13], "texture": "#2"},
				"up": {"uv": [0, 0, 2, 1], "texture": "#2"},
				"down": {"uv": [0, 0, 2, 1], "texture": "#2"}
			}
		},
		{
			"from": [1.5, 7, 3],
			"to": [14.5, 9, 4],
			"rotation": {"angle": 0, "axis": "z", "origin": [8, 8, 3.5]},
			"faces": {
				"north": {"uv": [0, 0, 2, 13], "rotation": 90, "texture": "#2"},
				"east": {"uv": [0, 0, 2, 1], "rotation": 270, "texture": "#2"},
				"south": {"uv": [0, 0, 2, 13], "rotation": 270, "texture": "#2"},
				"west": {"uv": [0, 0, 2, 1], "rotation": 270, "texture": "#2"},
				"up": {"uv": [0, 0, 1, 13], "rotation": 270, "texture": "#2"},
				"down": {"uv": [0, 0, 1, 13], "rotation": 270, "texture": "#2"}
			}
		},
		{
			"from": [1.5, 7, 3.25],
			"to": [14.5, 9, 4.25],
			"rotation": {"angle": 45, "axis": "z", "origin": [8, 8, 3.5]},
			"faces": {
				"north": {"uv": [0, 0, 2, 13], "rotation": 90, "texture": "#2"},
				"east": {"uv": [0, 0, 2, 1], "rotation": 270, "texture": "#2"},
				"south": {"uv": [0, 0, 2, 13], "rotation": 270, "texture": "#2"},
				"west": {"uv": [0, 0, 2, 1], "rotation": 270, "texture": "#2"},
				"up": {"uv": [0, 0, 1, 13], "rotation": 270, "texture": "#2"},
				"down": {"uv": [0, 0, 1, 13], "rotation": 270, "texture": "#2"}
			}
		},
		{
			"from": [7, 1.5, 3.25],
			"to": [9, 14.5, 4.25],
			"rotation": {"angle": 45, "axis": "z", "origin": [8, 8, 3.5]},
			"faces": {
				"north": {"uv": [0, 0, 2, 13], "texture": "#2"},
				"east": {"uv": [0, 0, 1, 13], "texture": "#2"},
				"south": {"uv": [0, 0, 2, 13], "texture": "#2"},
				"west": {"uv": [0, 0, 1, 13], "texture": "#2"},
				"up": {"uv": [0, 0, 2, 1], "texture": "#2"},
				"down": {"uv": [0, 0, 2, 1], "texture": "#2"}
			}
		},
		{
			"from": [12.25, 1, 0],
			"to": [12.75, 15, 0.5],
			"faces": {
				"north": {"uv": [0, 0, 0.5, 14], "texture": "#4"},
				"east": {"uv": [0, 0, 0.5, 14], "texture": "#4"},
				"south": {"uv": [0, 0, 0.5, 14], "texture": "#4"},
				"west": {"uv": [0, 0, 0.5, 14], "texture": "#4"},
				"up": {"uv": [0, 0, 0.5, 0.5], "texture": "#4"},
				"down": {"uv": [0, 0, 0.5, 0.5], "texture": "#4"}
			}
		},
		{
			"from": [9.25, 1, 0],
			"to": [9.75, 15, 0.5],
			"faces": {
				"north": {"uv": [0, 0, 0.5, 14], "texture": "#4"},
				"east": {"uv": [0, 0, 0.5, 14], "texture": "#4"},
				"south": {"uv": [0, 0, 0.5, 14], "texture": "#4"},
				"west": {"uv": [0, 0, 0.5, 14], "texture": "#4"},
				"up": {"uv": [0, 0, 0.5, 0.5], "texture": "#4"},
				"down": {"uv": [0, 0, 0.5, 0.5], "texture": "#4"}
			}
		},
		{
			"from": [6.25, 1, 0],
			"to": [6.75, 15, 0.5],
			"faces": {
				"north": {"uv": [0, 0, 0.5, 14], "texture": "#4"},
				"east": {"uv": [0, 0, 0.5, 14], "texture": "#4"},
				"south": {"uv": [0, 0, 0.5, 14], "texture": "#4"},
				"west": {"uv": [0, 0, 0.5, 14], "texture": "#4"},
				"up": {"uv": [0, 0, 0.5, 0.5], "texture": "#4"},
				"down": {"uv": [0, 0, 0.5, 0.5], "texture": "#4"}
			}
		},
		{
			"from": [3.25, 1, 0],
			"to": [3.75, 15, 0.5],
			"faces": {
				"north": {"uv": [0, 0, 0.5, 14], "texture": "#4"},
				"east": {"uv": [0, 0, 0.5, 14], "texture": "#4"},
				"south": {"uv": [0, 0, 0.5, 14], "texture": "#4"},
				"west": {"uv": [0, 0, 0.5, 14], "texture": "#4"},
				"up": {"uv": [0, 0, 0.5, 0.5], "texture": "#4"},
				"down": {"uv": [0, 0, 0.5, 0.5], "texture": "#4"}
			}
		},
		{
			"from": [1, 12.25, 0.1],
			"to": [15, 12.75, 0.6],
			"rotation": {"angle": 0, "axis": "z", "origin": [8, 8, 0.5]},
			"faces": {
				"north": {"uv": [0, 0, 0.5, 14], "rotation": 90, "texture": "#4"},
				"east": {"uv": [0, 0, 0.5, 0.5], "rotation": 270, "texture": "#4"},
				"south": {"uv": [0, 0, 0.5, 14], "rotation": 270, "texture": "#4"},
				"west": {"uv": [0, 0, 0.5, 0.5], "rotation": 270, "texture": "#4"},
				"up": {"uv": [0, 0, 0.5, 14], "rotation": 270, "texture": "#4"},
				"down": {"uv": [0, 0, 0.5, 14], "rotation": 270, "texture": "#4"}
			}
		},
		{
			"from": [1, 9.25, 0.1],
			"to": [15, 9.75, 0.6],
			"rotation": {"angle": 0, "axis": "z", "origin": [8, 8, 0.5]},
			"faces": {
				"north": {"uv": [0, 0, 0.5, 14], "rotation": 90, "texture": "#4"},
				"east": {"uv": [0, 0, 0.5, 0.5], "rotation": 270, "texture": "#4"},
				"south": {"uv": [0, 0, 0.5, 14], "rotation": 270, "texture": "#4"},
				"west": {"uv": [0, 0, 0.5, 0.5], "rotation": 270, "texture": "#4"},
				"up": {"uv": [0, 0, 0.5, 14], "rotation": 270, "texture": "#4"},
				"down": {"uv": [0, 0, 0.5, 14], "rotation": 270, "texture": "#4"}
			}
		},
		{
			"from": [1, 6.25, 0.1],
			"to": [15, 6.75, 0.6],
			"rotation": {"angle": 0, "axis": "z", "origin": [8, 8, 0.5]},
			"faces": {
				"north": {"uv": [0, 0, 0.5, 14], "rotation": 90, "texture": "#4"},
				"east": {"uv": [0, 0, 0.5, 0.5], "rotation": 270, "texture": "#4"},
				"south": {"uv": [0, 0, 0.5, 14], "rotation": 270, "texture": "#4"},
				"west": {"uv": [0, 0, 0.5, 0.5], "rotation": 270, "texture": "#4"},
				"up": {"uv": [0, 0, 0.5, 14], "rotation": 270, "texture": "#4"},
				"down": {"uv": [0, 0, 0.5, 14], "rotation": 270, "texture": "#4"}
			}
		},
		{
			"from": [1, 3.25, 0.1],
			"to": [15, 3.75, 0.6],
			"rotation": {"angle": 0, "axis": "z", "origin": [8, 8, 0.5]},
			"faces": {
				"north": {"uv": [0, 0, 0.5, 14], "rotation": 90, "texture": "#4"},
				"east": {"uv": [0, 0, 0.5, 0.5], "rotation": 270, "texture": "#4"},
				"south": {"uv": [0, 0, 0.5, 14], "rotation": 270, "texture": "#4"},
				"west": {"uv": [0, 0, 0.5, 0.5], "rotation": 270, "texture": "#4"},
				"up": {"uv": [0, 0, 0.5, 14], "rotation": 270, "texture": "#4"},
				"down": {"uv": [0, 0, 0.5, 14], "rotation": 270, "texture": "#4"}
			}
		}
	],
	"gui_light": "front",
	"display": {
		"thirdperson_righthand": {
			"rotation": [75, 45, 0],
			"translation": [0, 2.5, 0],
			"scale": [0.375, 0.375, 0.375]
		},
		"firstperson_righthand": {
			"rotation": [0, 45, 0],
			"scale": [0.4, 0.4, 0.4]
		},
		"firstperson_lefthand": {
			"rotation": [0, 225, 0],
			"scale": [0.4, 0.4, 0.4]
		},
		"ground": {
			"translation": [0, 3, 0],
			"scale": [0.25, 0.25, 0.25]
		},
		"gui": {
			"rotation": [30, 225, 0],
			"scale": [0.625, 0.625, 0.625]
		},
		"fixed": {
			"rotation": [-90, 0, 0],
			"translation": [0, 0, -16],
			"scale": [2.01, 2.01, 2.01]
		}
	},
	"groups": [
		{
			"name": "empty cube",
			"origin": [0, 0, 0],
			"color": 0,
			"children": [0, 1, 2, 3, 4, 5, 6, 7, 8]
		},
		9,
		10,
		11,
		12,
		13,
		{
			"name": "group",
			"origin": [0, 0, 0],
			"color": 0,
			"children": [14, 15, 16, 17, 18, 19, 20, 21]
		}
	]
}