{
	"credit": "Made with Blockbench",
	"textures": {
		"1": "machine/generic_side",
		"4": "machine/iron_block",
		"7": "machine/light_gray_concrete",
		"8": "machine/cyan_terracotta",
		"particle": "machine/generic_top"
	},
	"elements": [
		{
			"from": [15, 0, 0],
			"to": [16, 16, 16],
			"rotation": {"angle": 0, "axis": "y", "origin": [8, 8, 8]},
			"faces": {
				"east": {"uv": [0, 0, 16, 16], "texture": "#1"},
				"west": {"uv": [0, 0, 16, 16], "texture": "#1"}
			}
		},
		{
			"from": [0, 0, 0],
			"to": [1, 16, 16],
			"rotation": {"angle": 0, "axis": "y", "origin": [8, 8, 8]},
			"faces": {
				"east": {"uv": [16, 0, 0, 16], "texture": "#1"},
				"west": {"uv": [16, 0, 0, 16], "texture": "#1"}
			}
		},
		{
			"from": [0, 0, 15],
			"to": [16, 16, 16],
			"rotation": {"angle": 0, "axis": "y", "origin": [8, 8, 8]},
			"faces": {
				"north": {"uv": [0, 0, 16, 16], "texture": "#1"},
				"south": {"uv": [0, 0, 16, 16], "texture": "#1"}
			}
		},
		{
			"from": [0, 15, 0],
			"to": [16, 16, 16],
			"rotation": {"angle": 0, "axis": "y", "origin": [8, 8, 8]},
			"faces": {
				"up": {"uv": [0, 0, 16, 16], "texture": "#1"},
				"down": {"uv": [0, 0, 16, 16], "rotation": 180, "texture": "#1"}
			}
		},
		{
			"from": [0, 0, 0],
			"to": [16, 1, 16],
			"rotation": {"angle": 0, "axis": "y", "origin": [8, 8, 8]},
			"faces": {
				"up": {"uv": [0, 0, 16, 16], "texture": "#1"},
				"down": {"uv": [0, 0, 16, 16], "rotation": 180, "texture": "#1"}
			}
		},
		{
			"from": [0, 0, 0],
			"to": [16, 1, 0],
			"faces": {
				"north": {"uv": [0, 0, 16, 1], "texture": "#1"},
				"east": {"uv": [0, 0, 0, 1], "texture": "#missing"},
				"south": {"uv": [0, 0, 16, 1], "texture": "#missing"},
				"west": {"uv": [0, 0, 0, 1], "texture": "#missing"},
				"up": {"uv": [0, 0, 16, 0], "texture": "#missing"},
				"down": {"uv": [0, 0, 16, 0], "texture": "#missing"}
			}
		},
		{
			"from": [0, 15, 0],
			"to": [16, 16, 0],
			"rotation": {"angle": 0, "axis": "y", "origin": [8, 15.5, 0]},
			"faces": {
				"north": {"uv": [0, 15, 16, 16], "texture": "#1"},
				"east": {"uv": [0, 0, 0, 1], "texture": "#missing"},
				"south": {"uv": [0, 0, 16, 1], "texture": "#missing"},
				"west": {"uv": [0, 0, 0, 1], "texture": "#missing"},
				"up": {"uv": [0, 0, 16, 0], "texture": "#missing"},
				"down": {"uv": [0, 0, 16, 0], "texture": "#missing"}
			}
		},
		{
			"from": [0, 1, 0],
			"to": [1, 15, 0],
			"faces": {
				"north": {"uv": [0, 1, 1, 15], "texture": "#1"},
				"east": {"uv": [0, 0, 0, 14], "texture": "#missing"},
				"south": {"uv": [0, 0, 1, 14], "texture": "#missing"},
				"west": {"uv": [0, 0, 0, 14], "texture": "#missing"},
				"up": {"uv": [0, 0, 1, 0], "texture": "#missing"},
				"down": {"uv": [0, 0, 1, 0], "texture": "#missing"}
			}
		},
		{
			"from": [15, 1, 0],
			"to": [16, 15, 0],
			"faces": {
				"north": {"uv": [15, 1, 16, 15], "texture": "#1"},
				"east": {"uv": [0, 0, 0, 14], "texture": "#missing"},
				"south": {"uv": [0, 0, 1, 14], "texture": "#missing"},
				"west": {"uv": [0, 0, 0, 14], "texture": "#missing"},
				"up": {"uv": [0, 0, 1, 0], "texture": "#missing"},
				"down": {"uv": [0, 0, 1, 0], "texture": "#missing"}
			}
		},
		{
			"from": [0.975, 1, -6.825],
			"to": [15.025, 2, 9],
			"faces": {
				"north": {"uv": [0, 0, 14.05, 1], "texture": "#4"},
				"east": {"uv": [0, 0, 15.825, 1], "texture": "#4"},
				"south": {"uv": [0, 0, 14.05, 1], "texture": "#4"},
				"west": {"uv": [0, 0, 15.825, 1], "texture": "#4"},
				"up": {"uv": [0, 0, 14.05, 15.825], "texture": "#4"},
				"down": {"uv": [0, 0, 14.05, 15.825], "texture": "#4"}
			}
		},
		{
			"from": [1, 4.025, -6.55],
			"to": [15, 5.025, 9.45],
			"rotation": {"angle": -22.5, "axis": "x", "origin": [8, 1.5, 1]},
			"faces": {
				"north": {"uv": [0, 0, 14, 1], "texture": "#4"},
				"east": {"uv": [0, 0, 16, 1], "texture": "#4"},
				"south": {"uv": [0, 0, 14, 1], "texture": "#4"},
				"west": {"uv": [0, 0, 16, 1], "texture": "#4"},
				"up": {"uv": [0, 0, 14, 16], "texture": "#4"},
				"down": {"uv": [0, 0, 14, 16], "texture": "#4"}
			}
		},
		{
			"from": [1, 1.025, 0.45],
			"to": [15, 4.025, 9.45],
			"rotation": {"angle": -22.5, "axis": "x", "origin": [8, 1.5, 1]},
			"faces": {
				"north": {"uv": [0, 0, 14, 1], "texture": "#4"},
				"east": {"uv": [0, 0, 12, 1], "texture": "#4"},
				"south": {"uv": [0, 0, 14, 1], "texture": "#4"},
				"west": {"uv": [0, 0, 12, 1], "texture": "#4"},
				"up": {"uv": [0, 0, 14, 12], "texture": "#4"},
				"down": {"uv": [0, 0, 14, 12], "texture": "#4"}
			}
		},
		{
			"from": [1, 3.025, -3.8],
			"to": [15, 4.025, 9.45],
			"rotation": {"angle": -22.5, "axis": "x", "origin": [8, 1.5, 1]},
			"faces": {
				"north": {"uv": [0, 0, 14, 1], "texture": "#4"},
				"east": {"uv": [0, 0, 13.25, 1], "texture": "#4"},
				"south": {"uv": [0, 0, 14, 1], "texture": "#4"},
				"west": {"uv": [0, 0, 13.25, 1], "texture": "#4"},
				"up": {"uv": [0, 0, 14, 12], "texture": "#4"},
				"down": {"uv": [0, 0, 14, 12], "texture": "#4"}
			}
		},
		{
			"from": [1, 2.025, -1.55],
			"to": [15, 3.025, 9.45],
			"rotation": {"angle": -22.5, "axis": "x", "origin": [8, 1.5, 1]},
			"faces": {
				"north": {"uv": [0, 0, 14, 1], "texture": "#4"},
				"east": {"uv": [0, 0, 11, 1], "texture": "#4"},
				"south": {"uv": [0, 0, 14, 1], "texture": "#4"},
				"west": {"uv": [0, 0, 11, 1], "texture": "#4"},
				"up": {"uv": [0, 0, 14, 12], "texture": "#4"},
				"down": {"uv": [0, 0, 14, 12], "texture": "#4"}
			}
		},
		{
			"from": [1, 4.025, 9.2],
			"to": [15, 5.025, 18.2],
			"rotation": {"angle": -22.5, "axis": "x", "origin": [8, 1.5, 1]},
			"faces": {
				"north": {"uv": [0, 0, 14, 1], "texture": "#4"},
				"east": {"uv": [0, 0, 9, 1], "texture": "#4"},
				"south": {"uv": [0, 0, 14, 1], "texture": "#4"},
				"west": {"uv": [0, 0, 9, 1], "texture": "#4"},
				"up": {"uv": [0, 0, 14, 9], "texture": "#4"},
				"down": {"uv": [0, 0, 14, 9], "texture": "#4"}
			}
		},
		{
			"from": [1, 9.5, 0],
			"to": [15, 11.5, 2],
			"faces": {
				"north": {"uv": [0, 0, 14, 2], "texture": "#8"},
				"east": {"uv": [0, 0, 2, 2], "texture": "#8"},
				"south": {"uv": [0, 0, 14, 2], "texture": "#8"},
				"west": {"uv": [0, 0, 2, 2], "texture": "#8"},
				"up": {"uv": [0, 0, 14, 2], "texture": "#8"},
				"down": {"uv": [0, 0, 14, 2], "texture": "#8"}
			}
		},
		{
			"from": [1.5, 6.5, 0.5],
			"to": [2.5, 14.5, 1.5],
			"rotation": {"angle": 45, "axis": "x", "origin": [2, 10.5, 1]},
			"faces": {
				"north": {"uv": [0, 0, 1, 8], "rotation": 180, "texture": "#7"},
				"east": {"uv": [0, 0, 8, 1], "rotation": 270, "texture": "#7"},
				"south": {"uv": [0, 0, 1, 8], "texture": "#7"},
				"west": {"uv": [0, 0, 8, 1], "rotation": 90, "texture": "#7"},
				"up": {"uv": [0, 0, 1, 1], "rotation": 180, "texture": "#7"},
				"down": {"uv": [0, 0, 1, 1], "texture": "#7"}
			}
		},
		{
			"from": [1.5, 10, -3],
			"to": [2.5, 11, 5],
			"rotation": {"angle": 0, "axis": "y", "origin": [2, 10.5, 1]},
			"faces": {
				"north": {"uv": [0, 0, 1, 1], "texture": "#7"},
				"east": {"uv": [0, 0, 8, 1], "texture": "#7"},
				"south": {"uv": [0, 0, 1, 1], "texture": "#7"},
				"west": {"uv": [0, 0, 8, 1], "texture": "#7"},
				"up": {"uv": [0, 0, 1, 8], "texture": "#7"},
				"down": {"uv": [0, 0, 1, 8], "texture": "#7"}
			}
		},
		{
			"from": [1.5, 6.5, 0.5],
			"to": [2.5, 14.5, 1.5],
			"rotation": {"angle": 0, "axis": "x", "origin": [2, 10.5, 1]},
			"faces": {
				"north": {"uv": [0, 0, 1, 8], "rotation": 180, "texture": "#7"},
				"east": {"uv": [0, 0, 8, 1], "rotation": 270, "texture": "#7"},
				"south": {"uv": [0, 0, 1, 8], "texture": "#7"},
				"west": {"uv": [0, 0, 8, 1], "rotation": 90, "texture": "#7"},
				"up": {"uv": [0, 0, 1, 1], "rotation": 180, "texture": "#7"},
				"down": {"uv": [0, 0, 1, 1], "texture": "#7"}
			}
		},
		{
			"from": [1.5, 10, -3],
			"to": [2.5, 11, 5],
			"rotation": {"angle": 45, "axis": "x", "origin": [2, 10.5, 1]},
			"faces": {
				"north": {"uv": [0, 0, 1, 1], "texture": "#7"},
				"east": {"uv": [0, 0, 8, 1], "texture": "#7"},
				"south": {"uv": [0, 0, 1, 1], "texture": "#7"},
				"west": {"uv": [0, 0, 8, 1], "texture": "#7"},
				"up": {"uv": [0, 0, 1, 8], "texture": "#7"},
				"down": {"uv": [0, 0, 1, 8], "texture": "#7"}
			}
		},
		{
			"from": [3.5, 6.5, 0.5],
			"to": [4.5, 14.5, 1.5],
			"rotation": {"angle": 45, "axis": "x", "origin": [2, 10.5, 1]},
			"faces": {
				"north": {"uv": [0, 0, 1, 8], "rotation": 180, "texture": "#7"},
				"east": {"uv": [0, 0, 8, 1], "rotation": 270, "texture": "#7"},
				"south": {"uv": [0, 0, 1, 8], "texture": "#7"},
				"west": {"uv": [0, 0, 8, 1], "rotation": 90, "texture": "#7"},
				"up": {"uv": [0, 0, 1, 1], "rotation": 180, "texture": "#7"},
				"down": {"uv": [0, 0, 1, 1], "texture": "#7"}
			}
		},
		{
			"from": [3.5, 10, -3],
			"to": [4.5, 11, 5],
			"rotation": {"angle": 0, "axis": "y", "origin": [2, 10.5, 1]},
			"faces": {
				"north": {"uv": [0, 0, 1, 1], "texture": "#7"},
				"east": {"uv": [0, 0, 8, 1], "texture": "#7"},
				"south": {"uv": [0, 0, 1, 1], "texture": "#7"},
				"west": {"uv": [0, 0, 8, 1], "texture": "#7"},
				"up": {"uv": [0, 0, 1, 8], "texture": "#7"},
				"down": {"uv": [0, 0, 1, 8], "texture": "#7"}
			}
		},
		{
			"from": [3.5, 6.5, 0.5],
			"to": [4.5, 14.5, 1.5],
			"rotation": {"angle": 0, "axis": "x", "origin": [2, 10.5, 1]},
			"faces": {
				"north": {"uv": [0, 0, 1, 8], "rotation": 180, "texture": "#7"},
				"east": {"uv": [0, 0, 8, 1], "rotation": 270, "texture": "#7"},
				"south": {"uv": [0, 0, 1, 8], "texture": "#7"},
				"west": {"uv": [0, 0, 8, 1], "rotation": 90, "texture": "#7"},
				"up": {"uv": [0, 0, 1, 1], "rotation": 180, "texture": "#7"},
				"down": {"uv": [0, 0, 1, 1], "texture": "#7"}
			}
		},
		{
			"from": [3.5, 10, -3],
			"to": [4.5, 11, 5],
			"rotation": {"angle": 45, "axis": "x", "origin": [2, 10.5, 1]},
			"faces": {
				"north": {"uv": [0, 0, 1, 1], "texture": "#7"},
				"east": {"uv": [0, 0, 8, 1], "texture": "#7"},
				"south": {"uv": [0, 0, 1, 1], "texture": "#7"},
				"west": {"uv": [0, 0, 8, 1], "texture": "#7"},
				"up": {"uv": [0, 0, 1, 8], "texture": "#7"},
				"down": {"uv": [0, 0, 1, 8], "texture": "#7"}
			}
		},
		{
			"from": [5.5, 6.5, 0.5],
			"to": [6.5, 14.5, 1.5],
			"rotation": {"angle": 45, "axis": "x", "origin": [2, 10.5, 1]},
			"faces": {
				"north": {"uv": [0, 0, 1, 8], "rotation": 180, "texture": "#7"},
				"east": {"uv": [0, 0, 8, 1], "rotation": 270, "texture": "#7"},
				"south": {"uv": [0, 0, 1, 8], "texture": "#7"},
				"west": {"uv": [0, 0, 8, 1], "rotation": 90, "texture": "#7"},
				"up": {"uv": [0, 0, 1, 1], "rotation": 180, "texture": "#7"},
				"down": {"uv": [0, 0, 1, 1], "texture": "#7"}
			}
		},
		{
			"from": [5.5, 10, -3],
			"to": [6.5, 11, 5],
			"rotation": {"angle": 0, "axis": "y", "origin": [2, 10.5, 1]},
			"faces": {
				"north": {"uv": [0, 0, 1, 1], "texture": "#7"},
				"east": {"uv": [0, 0, 8, 1], "texture": "#7"},
				"south": {"uv": [0, 0, 1, 1], "texture": "#7"},
				"west": {"uv": [0, 0, 8, 1], "texture": "#7"},
				"up": {"uv": [0, 0, 1, 8], "texture": "#7"},
				"down": {"uv": [0, 0, 1, 8], "texture": "#7"}
			}
		},
		{
			"from": [5.5, 6.5, 0.5],
			"to": [6.5, 14.5, 1.5],
			"rotation": {"angle": 0, "axis": "x", "origin": [2, 10.5, 1]},
			"faces": {
				"north": {"uv": [0, 0, 1, 8], "rotation": 180, "texture": "#7"},
				"east": {"uv": [0, 0, 8, 1], "rotation": 270, "texture": "#7"},
				"south": {"uv": [0, 0, 1, 8], "texture": "#7"},
				"west": {"uv": [0, 0, 8, 1], "rotation": 90, "texture": "#7"},
				"up": {"uv": [0, 0, 1, 1], "rotation": 180, "texture": "#7"},
				"down": {"uv": [0, 0, 1, 1], "texture": "#7"}
			}
		},
		{
			"from": [5.5, 10, -3],
			"to": [6.5, 11, 5],
			"rotation": {"angle": 45, "axis": "x", "origin": [2, 10.5, 1]},
			"faces": {
				"north": {"uv": [0, 0, 1, 1], "texture": "#7"},
				"east": {"uv": [0, 0, 8, 1], "texture": "#7"},
				"south": {"uv": [0, 0, 1, 1], "texture": "#7"},
				"west": {"uv": [0, 0, 8, 1], "texture": "#7"},
				"up": {"uv": [0, 0, 1, 8], "texture": "#7"},
				"down": {"uv": [0, 0, 1, 8], "texture": "#7"}
			}
		},
		{
			"from": [7.5, 6.5, 0.5],
			"to": [8.5, 14.5, 1.5],
			"rotation": {"angle": 45, "axis": "x", "origin": [2, 10.5, 1]},
			"faces": {
				"north": {"uv": [0, 0, 1, 8], "rotation": 180, "texture": "#7"},
				"east": {"uv": [0, 0, 8, 1], "rotation": 270, "texture": "#7"},
				"south": {"uv": [0, 0, 1, 8], "texture": "#7"},
				"west": {"uv": [0, 0, 8, 1], "rotation": 90, "texture": "#7"},
				"up": {"uv": [0, 0, 1, 1], "rotation": 180, "texture": "#7"},
				"down": {"uv": [0, 0, 1, 1], "texture": "#7"}
			}
		},
		{
			"from": [7.5, 10, -3],
			"to": [8.5, 11, 5],
			"rotation": {"angle": 0, "axis": "y", "origin": [2, 10.5, 1]},
			"faces": {
				"north": {"uv": [0, 0, 1, 1], "texture": "#7"},
				"east": {"uv": [0, 0, 8, 1], "texture": "#7"},
				"south": {"uv": [0, 0, 1, 1], "texture": "#7"},
				"west": {"uv": [0, 0, 8, 1], "texture": "#7"},
				"up": {"uv": [0, 0, 1, 8], "texture": "#7"},
				"down": {"uv": [0, 0, 1, 8], "texture": "#7"}
			}
		},
		{
			"from": [7.5, 6.5, 0.5],
			"to": [8.5, 14.5, 1.5],
			"rotation": {"angle": 0, "axis": "x", "origin": [2, 10.5, 1]},
			"faces": {
				"north": {"uv": [0, 0, 1, 8], "rotation": 180, "texture": "#7"},
				"east": {"uv": [0, 0, 8, 1], "rotation": 270, "texture": "#7"},
				"south": {"uv": [0, 0, 1, 8], "texture": "#7"},
				"west": {"uv": [0, 0, 8, 1], "rotation": 90, "texture": "#7"},
				"up": {"uv": [0, 0, 1, 1], "rotation": 180, "texture": "#7"},
				"down": {"uv": [0, 0, 1, 1], "texture": "#7"}
			}
		},
		{
			"from": [7.5, 10, -3],
			"to": [8.5, 11, 5],
			"rotation": {"angle": 45, "axis": "x", "origin": [2, 10.5, 1]},
			"faces": {
				"north": {"uv": [0, 0, 1, 1], "texture": "#7"},
				"east": {"uv": [0, 0, 8, 1], "texture": "#7"},
				"south": {"uv": [0, 0, 1, 1], "texture": "#7"},
				"west": {"uv": [0, 0, 8, 1], "texture": "#7"},
				"up": {"uv": [0, 0, 1, 8], "texture": "#7"},
				"down": {"uv": [0, 0, 1, 8], "texture": "#7"}
			}
		},
		{
			"from": [9.5, 6.5, 0.5],
			"to": [10.5, 14.5, 1.5],
			"rotation": {"angle": 45, "axis": "x", "origin": [2, 10.5, 1]},
			"faces": {
				"north": {"uv": [0, 0, 1, 8], "rotation": 180, "texture": "#7"},
				"east": {"uv": [0, 0, 8, 1], "rotation": 270, "texture": "#7"},
				"south": {"uv": [0, 0, 1, 8], "texture": "#7"},
				"west": {"uv": [0, 0, 8, 1], "rotation": 90, "texture": "#7"},
				"up": {"uv": [0, 0, 1, 1], "rotation": 180, "texture": "#7"},
				"down": {"uv": [0, 0, 1, 1], "texture": "#7"}
			}
		},
		{
			"from": [9.5, 10, -3],
			"to": [10.5, 11, 5],
			"rotation": {"angle": 0, "axis": "y", "origin": [2, 10.5, 1]},
			"faces": {
				"north": {"uv": [0, 0, 1, 1], "texture": "#7"},
				"east": {"uv": [0, 0, 8, 1], "texture": "#7"},
				"south": {"uv": [0, 0, 1, 1], "texture": "#7"},
				"west": {"uv": [0, 0, 8, 1], "texture": "#7"},
				"up": {"uv": [0, 0, 1, 8], "texture": "#7"},
				"down": {"uv": [0, 0, 1, 8], "texture": "#7"}
			}
		},
		{
			"from": [9.5, 6.5, 0.5],
			"to": [10.5, 14.5, 1.5],
			"rotation": {"angle": 0, "axis": "x", "origin": [2, 10.5, 1]},
			"faces": {
				"north": {"uv": [0, 0, 1, 8], "rotation": 180, "texture": "#7"},
				"east": {"uv": [0, 0, 8, 1], "rotation": 270, "texture": "#7"},
				"south": {"uv": [0, 0, 1, 8], "texture": "#7"},
				"west": {"uv": [0, 0, 8, 1], "rotation": 90, "texture": "#7"},
				"up": {"uv": [0, 0, 1, 1], "rotation": 180, "texture": "#7"},
				"down": {"uv": [0, 0, 1, 1], "texture": "#7"}
			}
		},
		{
			"from": [9.5, 10, -3],
			"to": [10.5, 11, 5],
			"rotation": {"angle": 45, "axis": "x", "origin": [2, 10.5, 1]},
			"faces": {
				"north": {"uv": [0, 0, 1, 1], "texture": "#7"},
				"east": {"uv": [0, 0, 8, 1], "texture": "#7"},
				"south": {"uv": [0, 0, 1, 1], "texture": "#7"},
				"west": {"uv": [0, 0, 8, 1], "texture": "#7"},
				"up": {"uv": [0, 0, 1, 8], "texture": "#7"},
				"down": {"uv": [0, 0, 1, 8], "texture": "#7"}
			}
		},
		{
			"from": [11.5, 6.5, 0.5],
			"to": [12.5, 14.5, 1.5],
			"rotation": {"angle": 45, "axis": "x", "origin": [2, 10.5, 1]},
			"faces": {
				"north": {"uv": [0, 0, 1, 8], "rotation": 180, "texture": "#7"},
				"east": {"uv": [0, 0, 8, 1], "rotation": 270, "texture": "#7"},
				"south": {"uv": [0, 0, 1, 8], "texture": "#7"},
				"west": {"uv": [0, 0, 8, 1], "rotation": 90, "texture": "#7"},
				"up": {"uv": [0, 0, 1, 1], "rotation": 180, "texture": "#7"},
				"down": {"uv": [0, 0, 1, 1], "texture": "#7"}
			}
		},
		{
			"from": [11.5, 10, -3],
			"to": [12.5, 11, 5],
			"rotation": {"angle": 0, "axis": "y", "origin": [2, 10.5, 1]},
			"faces": {
				"north": {"uv": [0, 0, 1, 1], "texture": "#7"},
				"east": {"uv": [0, 0, 8, 1], "texture": "#7"},
				"south": {"uv": [0, 0, 1, 1], "texture": "#7"},
				"west": {"uv": [0, 0, 8, 1], "texture": "#7"},
				"up": {"uv": [0, 0, 1, 8], "texture": "#7"},
				"down": {"uv": [0, 0, 1, 8], "texture": "#7"}
			}
		},
		{
			"from": [11.5, 6.5, 0.5],
			"to": [12.5, 14.5, 1.5],
			"rotation": {"angle": 0, "axis": "x", "origin": [2, 10.5, 1]},
			"faces": {
				"north": {"uv": [0, 0, 1, 8], "rotation": 180, "texture": "#7"},
				"east": {"uv": [0, 0, 8, 1], "rotation": 270, "texture": "#7"},
				"south": {"uv": [0, 0, 1, 8], "texture": "#7"},
				"west": {"uv": [0, 0, 8, 1], "rotation": 90, "texture": "#7"},
				"up": {"uv": [0, 0, 1, 1], "rotation": 180, "texture": "#7"},
				"down": {"uv": [0, 0, 1, 1], "texture": "#7"}
			}
		},
		{
			"from": [11.5, 10, -3],
			"to": [12.5, 11, 5],
			"rotation": {"angle": 45, "axis": "x", "origin": [2, 10.5, 1]},
			"faces": {
				"north": {"uv": [0, 0, 1, 1], "texture": "#7"},
				"east": {"uv": [0, 0, 8, 1], "texture": "#7"},
				"south": {"uv": [0, 0, 1, 1], "texture": "#7"},
				"west": {"uv": [0, 0, 8, 1], "texture": "#7"},
				"up": {"uv": [0, 0, 1, 8], "texture": "#7"},
				"down": {"uv": [0, 0, 1, 8], "texture": "#7"}
			}
		},
		{
			"from": [13.5, 6.5, 0.5],
			"to": [14.5, 14.5, 1.5],
			"rotation": {"angle": 45, "axis": "x", "origin": [2, 10.5, 1]},
			"faces": {
				"north": {"uv": [0, 0, 1, 8], "rotation": 180, "texture": "#7"},
				"east": {"uv": [0, 0, 8, 1], "rotation": 270, "texture": "#7"},
				"south": {"uv": [0, 0, 1, 8], "texture": "#7"},
				"west": {"uv": [0, 0, 8, 1], "rotation": 90, "texture": "#7"},
				"up": {"uv": [0, 0, 1, 1], "rotation": 180, "texture": "#7"},
				"down": {"uv": [0, 0, 1, 1], "texture": "#7"}
			}
		},
		{
			"from": [13.5, 10, -3],
			"to": [14.5, 11, 5],
			"rotation": {"angle": 0, "axis": "y", "origin": [2, 10.5, 1]},
			"faces": {
				"north": {"uv": [0, 0, 1, 1], "texture": "#7"},
				"east": {"uv": [0, 0, 8, 1], "texture": "#7"},
				"south": {"uv": [0, 0, 1, 1], "texture": "#7"},
				"west": {"uv": [0, 0, 8, 1], "texture": "#7"},
				"up": {"uv": [0, 0, 1, 8], "texture": "#7"},
				"down": {"uv": [0, 0, 1, 8], "texture": "#7"}
			}
		},
		{
			"from": [13.5, 6.5, 0.5],
			"to": [14.5, 14.5, 1.5],
			"rotation": {"angle": 0, "axis": "x", "origin": [2, 10.5, 1]},
			"faces": {
				"north": {"uv": [0, 0, 1, 8], "rotation": 180, "texture": "#7"},
				"east": {"uv": [0, 0, 8, 1], "rotation": 270, "texture": "#7"},
				"south": {"uv": [0, 0, 1, 8], "texture": "#7"},
				"west": {"uv": [0, 0, 8, 1], "rotation": 90, "texture": "#7"},
				"up": {"uv": [0, 0, 1, 1], "rotation": 180, "texture": "#7"},
				"down": {"uv": [0, 0, 1, 1], "texture": "#7"}
			}
		},
		{
			"from": [13.5, 10, -3],
			"to": [14.5, 11, 5],
			"rotation": {"angle": 45, "axis": "x", "origin": [2, 10.5, 1]},
			"faces": {
				"north": {"uv": [0, 0, 1, 1], "texture": "#7"},
				"east": {"uv": [0, 0, 8, 1], "texture": "#7"},
				"south": {"uv": [0, 0, 1, 1], "texture": "#7"},
				"west": {"uv": [0, 0, 8, 1], "texture": "#7"},
				"up": {"uv": [0, 0, 1, 8], "texture": "#7"},
				"down": {"uv": [0, 0, 1, 8], "texture": "#7"}
			}
		}
	],
	"gui_light": "front",
	"display": {
		"thirdperson_righthand": {
			"rotation": [75, 45, 0],
			"translation": [0, 2.5, 0],
			"scale": [0.375, 0.375, 0.375]
		},
		"firstperson_righthand": {
			"rotation": [0, 45, 0],
			"scale": [0.4, 0.4, 0.4]
		},
		"firstperson_lefthand": {
			"rotation": [0, 225, 0],
			"scale": [0.4, 0.4, 0.4]
		},
		"ground": {
			"translation": [0, 3, 0],
			"scale": [0.25, 0.25, 0.25]
		},
		"gui": {
			"rotation": [30, 225, 0],
			"scale": [0.625, 0.625, 0.625]
		},
		"fixed": {
			"rotation": [-90, 0, 0],
			"translation": [0, 0, -16],
			"scale": [2.00156, 2.00156, 2.00156]
		}
	},
	"groups": [
		{
			"name": "empty cube",
			"origin": [0, 0, 0],
			"color": 0,
			"children": [0, 1, 2, 3, 4, 5, 6, 7, 8]
		},
		9,
		10,
		11,
		12,
		13,
		14,
		15,
		{
			"name": "group",
			"origin": [2, 11, 1],
			"color": 0,
			"children": [16, 17, 18, 19]
		},
		{
			"name": "group",
			"origin": [2, 11, 1],
			"color": 0,
			"children": [20, 21, 22, 23]
		},
		{
			"name": "group",
			"origin": [2, 11, 1],
			"color": 0,
			"children": [24, 25, 26, 27]
		},
		{
			"name": "group",
			"origin": [2, 11, 1],
			"color": 0,
			"children": [28, 29, 30, 31]
		},
		{
			"name": "group",
			"origin": [2, 11, 1],
			"color": 0,
			"children": [32, 33, 34, 35]
		},
		{
			"name": "group",
			"origin": [2, 11, 1],
			"color": 0,
			"children": [36, 37, 38, 39]
		},
		{
			"name": "group",
			"origin": [2, 11, 1],
			"color": 0,
			"children": [40, 41, 42, 43]
		}
	]
}