{
	"credit": "Made with Blockbench",
	"textures": {
		"0": "wands/raw_copper_block",
		"1": "wands/copper_block",
		"2": "wands/orange_concrete",
		"3": "wands/yellow_concrete",
		"4": "wands/yellow_concrete_powder",
		"5": "wands/yellow_stained_glass",
		"particle": "wands/raw_copper_block"
	},
	"elements": [
		{
			"from": [7, -1, 7],
			"to": [9, 15, 9],
			"rotation": {"angle": 0, "axis": "y", "origin": [0, -1, 0]},
			"faces": {
				"north": {"uv": [0, 0, 2, 16], "texture": "#4"},
				"east": {"uv": [0, 0, 2, 16], "texture": "#4"},
				"south": {"uv": [0, 0, 2, 16], "texture": "#4"},
				"west": {"uv": [0, 0, 2, 16], "texture": "#4"},
				"up": {"uv": [0, 0, 2, 2], "texture": "#4"},
				"down": {"uv": [0, 0, 2, 2], "texture": "#4"}
			}
		},
		{
			"from": [4, 15, 4],
			"to": [12, 23, 12],
			"rotation": {"angle": 0, "axis": "y", "origin": [0, -1, 0]},
			"faces": {
				"north": {"uv": [0, 0, 16, 16], "texture": "#1"},
				"east": {"uv": [0, 0, 16, 16], "texture": "#1"},
				"south": {"uv": [0, 0, 16, 16], "texture": "#1"},
				"west": {"uv": [0, 0, 16, 16], "texture": "#1"},
				"up": {"uv": [0, 0, 16, 16], "texture": "#1"},
				"down": {"uv": [0, 0, 16, 16], "texture": "#1"}
			}
		},
		{
			"from": [6, 13, 6],
			"to": [10, 15, 10],
			"rotation": {"angle": 0, "axis": "y", "origin": [0, -1, 0]},
			"faces": {
				"north": {"uv": [0, 0, 4, 2], "texture": "#2"},
				"east": {"uv": [0, 0, 4, 2], "texture": "#2"},
				"south": {"uv": [0, 0, 4, 2], "texture": "#2"},
				"west": {"uv": [0, 0, 4, 2], "texture": "#2"},
				"up": {"uv": [0, 0, 4, 4], "texture": "#2"},
				"down": {"uv": [0, 0, 4, 4], "texture": "#2"}
			}
		},
		{
			"from": [6, 23, 6],
			"to": [10, 24, 10],
			"rotation": {"angle": 0, "axis": "y", "origin": [0, -1, 0]},
			"faces": {
				"north": {"uv": [0, 0, 4, 1], "texture": "#2"},
				"east": {"uv": [0, 0, 4, 1], "texture": "#2"},
				"south": {"uv": [0, 0, 4, 1], "texture": "#2"},
				"west": {"uv": [0, 0, 4, 1], "texture": "#2"},
				"up": {"uv": [0, 0, 4, 4], "texture": "#2"},
				"down": {"uv": [0, 0, 4, 4], "texture": "#2"}
			}
		},
		{
			"from": [7, -5, 7.5],
			"to": [9, 0, 8.5],
			"rotation": {"angle": 22.5, "axis": "x", "origin": [8, 1.5, 7]},
			"faces": {
				"north": {"uv": [0, 0, 2, 5], "texture": "#3"},
				"east": {"uv": [0, 0, 1, 5], "texture": "#3"},
				"south": {"uv": [0, 0, 2, 5], "texture": "#3"},
				"west": {"uv": [0, 0, 1, 5], "texture": "#3"},
				"up": {"uv": [0, 0, 2, 1], "texture": "#3"},
				"down": {"uv": [0, 0, 2, 1], "texture": "#3"}
			}
		},
		{
			"from": [7, -5, 7.5],
			"to": [9, 0, 8.5],
			"rotation": {"angle": -22.5, "axis": "x", "origin": [8, 1.5, 9]},
			"faces": {
				"north": {"uv": [2, 0, 4, 5], "texture": "#3"},
				"east": {"uv": [1, 0, 2, 5], "texture": "#3"},
				"south": {"uv": [2, 0, 4, 5], "texture": "#3"},
				"west": {"uv": [1, 0, 2, 5], "texture": "#3"},
				"up": {"uv": [0, 1, 2, 2], "texture": "#3"},
				"down": {"uv": [0, 1, 2, 2], "texture": "#3"}
			}
		},
		{
			"from": [6.01546, -5.69312, 7],
			"to": [7.01546, -0.69312, 9],
			"rotation": {"angle": -22.5, "axis": "z", "origin": [8, -2.5782, 8]},
			"faces": {
				"north": {"uv": [1, 0, 2, 5], "texture": "#3"},
				"east": {"uv": [2, 0, 4, 5], "texture": "#3"},
				"south": {"uv": [1, 0, 2, 5], "texture": "#3"},
				"west": {"uv": [2, 0, 4, 5], "texture": "#3"},
				"up": {"uv": [0, 1, 2, 2], "rotation": 90, "texture": "#3"},
				"down": {"uv": [0, 1, 2, 2], "rotation": 270, "texture": "#3"}
			}
		},
		{
			"from": [8.98454, -5.69312, 7],
			"to": [9.98454, -0.69312, 9],
			"rotation": {"angle": 22.5, "axis": "z", "origin": [8, -2.5782, 8]},
			"faces": {
				"north": {"uv": [0, 0, 1, 5], "texture": "#3"},
				"east": {"uv": [0, 0, 2, 5], "texture": "#3"},
				"south": {"uv": [0, 0, 1, 5], "texture": "#3"},
				"west": {"uv": [0, 0, 2, 5], "texture": "#3"},
				"up": {"uv": [0, 0, 2, 1], "rotation": 90, "texture": "#3"},
				"down": {"uv": [0, 0, 2, 1], "rotation": 270, "texture": "#3"}
			}
		},
		{
			"from": [7, 28, 1],
			"to": [9, 29, 3],
			"rotation": {"angle": -22.5, "axis": "x", "origin": [8, 27.5, 4]},
			"faces": {
				"north": {"uv": [0, 0, 2, 1], "texture": "#5"},
				"east": {"uv": [0, 0, 2, 1], "texture": "#5"},
				"south": {"uv": [0, 0, 2, 1], "texture": "#5"},
				"west": {"uv": [0, 0, 2, 1], "texture": "#5"},
				"up": {"uv": [0, 0, 2, 2], "texture": "#5"},
				"down": {"uv": [0, 0, 2, 2], "texture": "#5"}
			}
		},
		{
			"from": [7, 20, 1],
			"to": [9, 28, 3],
			"rotation": {"angle": -22.5, "axis": "x", "origin": [8, 27.5, 4]},
			"faces": {
				"north": {"uv": [0, 0, 2, 8], "texture": "#0"},
				"east": {"uv": [0, 0, 2, 8], "texture": "#0"},
				"south": {"uv": [0, 0, 2, 8], "texture": "#0"},
				"west": {"uv": [0, 0, 2, 8], "texture": "#0"},
				"up": {"uv": [0, 0, 2, 2], "texture": "#0"},
				"down": {"uv": [0, 0, 2, 2], "texture": "#0"}
			}
		},
		{
			"from": [7, 10, 1],
			"to": [9, 18, 3],
			"rotation": {"angle": 22.5, "axis": "x", "origin": [8, 10.5, 4]},
			"faces": {
				"north": {"uv": [0, 4, 2, 12], "texture": "#0"},
				"east": {"uv": [0, 4, 2, 12], "texture": "#0"},
				"south": {"uv": [0, 4, 2, 12], "texture": "#0"},
				"west": {"uv": [0, 4, 2, 12], "texture": "#0"},
				"up": {"uv": [0, 2, 2, 4], "texture": "#0"},
				"down": {"uv": [0, 2, 2, 4], "texture": "#0"}
			}
		},
		{
			"from": [7, 9, 1],
			"to": [9, 10, 3],
			"rotation": {"angle": 22.5, "axis": "x", "origin": [8, 10.5, 4]},
			"faces": {
				"north": {"uv": [0, 4, 2, 5], "texture": "#5"},
				"east": {"uv": [0, 4, 2, 5], "texture": "#5"},
				"south": {"uv": [0, 4, 2, 5], "texture": "#5"},
				"west": {"uv": [0, 4, 2, 5], "texture": "#5"},
				"up": {"uv": [0, 2, 2, 4], "texture": "#5"},
				"down": {"uv": [0, 2, 2, 4], "texture": "#5"}
			}
		},
		{
			"from": [7, 28, 13],
			"to": [9, 29, 15],
			"rotation": {"angle": 22.5, "axis": "x", "origin": [8, 27.5, 12]},
			"faces": {
				"north": {"uv": [2, 0, 4, 1], "texture": "#5"},
				"east": {"uv": [2, 0, 4, 1], "texture": "#5"},
				"south": {"uv": [2, 0, 4, 1], "texture": "#5"},
				"west": {"uv": [2, 0, 4, 1], "texture": "#5"},
				"up": {"uv": [0, 2, 2, 4], "texture": "#5"},
				"down": {"uv": [0, 2, 2, 4], "texture": "#5"}
			}
		},
		{
			"from": [7, 20, 13],
			"to": [9, 28, 15],
			"rotation": {"angle": 22.5, "axis": "x", "origin": [8, 27.5, 12]},
			"faces": {
				"north": {"uv": [2, 0, 4, 8], "texture": "#0"},
				"east": {"uv": [2, 0, 4, 8], "texture": "#0"},
				"south": {"uv": [2, 0, 4, 8], "texture": "#0"},
				"west": {"uv": [2, 0, 4, 8], "texture": "#0"},
				"up": {"uv": [0, 2, 2, 4], "texture": "#0"},
				"down": {"uv": [0, 2, 2, 4], "texture": "#0"}
			}
		},
		{
			"from": [7, 10, 13],
			"to": [9, 18, 15],
			"rotation": {"angle": -22.5, "axis": "x", "origin": [8, 10.5, 12]},
			"faces": {
				"north": {"uv": [2, 4, 4, 12], "texture": "#0"},
				"east": {"uv": [2, 4, 4, 12], "texture": "#0"},
				"south": {"uv": [2, 4, 4, 12], "texture": "#0"},
				"west": {"uv": [2, 4, 4, 12], "texture": "#0"},
				"up": {"uv": [0, 4, 2, 6], "texture": "#0"},
				"down": {"uv": [0, 4, 2, 6], "texture": "#0"}
			}
		},
		{
			"from": [7, 9, 13],
			"to": [9, 10, 15],
			"rotation": {"angle": -22.5, "axis": "x", "origin": [8, 10.5, 12]},
			"faces": {
				"north": {"uv": [2, 4, 4, 5], "texture": "#5"},
				"east": {"uv": [2, 4, 4, 5], "texture": "#5"},
				"south": {"uv": [2, 4, 4, 5], "texture": "#5"},
				"west": {"uv": [2, 4, 4, 5], "texture": "#5"},
				"up": {"uv": [0, 4, 2, 6], "texture": "#5"},
				"down": {"uv": [0, 4, 2, 6], "texture": "#5"}
			}
		},
		{
			"from": [4.55729, 28.875, 7],
			"to": [6.55729, 29.875, 9],
			"rotation": {"angle": 22.5, "axis": "z", "origin": [8, 19, 8]},
			"faces": {
				"north": {"uv": [2, 0, 4, 1], "texture": "#5"},
				"east": {"uv": [2, 0, 4, 1], "texture": "#5"},
				"south": {"uv": [2, 0, 4, 1], "texture": "#5"},
				"west": {"uv": [2, 0, 4, 1], "texture": "#5"},
				"up": {"uv": [0, 2, 2, 4], "rotation": 90, "texture": "#5"},
				"down": {"uv": [0, 2, 2, 4], "rotation": 270, "texture": "#5"}
			}
		},
		{
			"from": [4.55729, 20.88371, 7],
			"to": [6.55729, 28.88371, 9],
			"rotation": {"angle": 22.5, "axis": "z", "origin": [8, 19, 8]},
			"faces": {
				"north": {"uv": [2, 0, 4, 8], "texture": "#0"},
				"east": {"uv": [2, 0, 4, 8], "texture": "#0"},
				"south": {"uv": [2, 0, 4, 8], "texture": "#0"},
				"west": {"uv": [2, 0, 4, 8], "texture": "#0"},
				"up": {"uv": [0, 2, 2, 4], "rotation": 90, "texture": "#0"},
				"down": {"uv": [0, 2, 2, 4], "rotation": 270, "texture": "#0"}
			}
		},
		{
			"from": [4.55729, 9.11629, 7],
			"to": [6.55729, 17.11629, 9],
			"rotation": {"angle": -22.5, "axis": "z", "origin": [8, 19, 8]},
			"faces": {
				"north": {"uv": [2, 4, 4, 12], "texture": "#0"},
				"east": {"uv": [2, 4, 4, 12], "texture": "#0"},
				"south": {"uv": [2, 4, 4, 12], "texture": "#0"},
				"west": {"uv": [2, 4, 4, 12], "texture": "#0"},
				"up": {"uv": [0, 4, 2, 6], "rotation": 90, "texture": "#0"},
				"down": {"uv": [0, 4, 2, 6], "rotation": 270, "texture": "#0"}
			}
		},
		{
			"from": [4.55729, 8.11629, 7],
			"to": [6.55729, 9.11629, 9],
			"rotation": {"angle": -22.5, "axis": "z", "origin": [8, 19, 8]},
			"faces": {
				"north": {"uv": [2, 4, 4, 5], "texture": "#5"},
				"east": {"uv": [2, 4, 4, 5], "texture": "#5"},
				"south": {"uv": [2, 4, 4, 5], "texture": "#5"},
				"west": {"uv": [2, 4, 4, 5], "texture": "#5"},
				"up": {"uv": [0, 4, 2, 6], "rotation": 90, "texture": "#5"},
				"down": {"uv": [0, 4, 2, 6], "rotation": 270, "texture": "#5"}
			}
		},
		{
			"from": [9.44271, 28.875, 7],
			"to": [11.44271, 29.875, 9],
			"rotation": {"angle": -22.5, "axis": "z", "origin": [8, 19, 8]},
			"faces": {
				"north": {"uv": [0, 0, 2, 1], "texture": "#5"},
				"east": {"uv": [0, 0, 2, 1], "texture": "#5"},
				"south": {"uv": [0, 0, 2, 1], "texture": "#5"},
				"west": {"uv": [0, 0, 2, 1], "texture": "#5"},
				"up": {"uv": [0, 0, 2, 2], "rotation": 90, "texture": "#5"},
				"down": {"uv": [0, 0, 2, 2], "rotation": 270, "texture": "#5"}
			}
		},
		{
			"from": [9.44271, 20.88371, 7],
			"to": [11.44271, 28.88371, 9],
			"rotation": {"angle": -22.5, "axis": "z", "origin": [8, 19, 8]},
			"faces": {
				"north": {"uv": [0, 0, 2, 8], "texture": "#0"},
				"east": {"uv": [0, 0, 2, 8], "texture": "#0"},
				"south": {"uv": [0, 0, 2, 8], "texture": "#0"},
				"west": {"uv": [0, 0, 2, 8], "texture": "#0"},
				"up": {"uv": [0, 0, 2, 2], "rotation": 90, "texture": "#0"},
				"down": {"uv": [0, 0, 2, 2], "rotation": 270, "texture": "#0"}
			}
		},
		{
			"from": [9.44271, 9.11629, 7],
			"to": [11.44271, 17.11629, 9],
			"rotation": {"angle": 22.5, "axis": "z", "origin": [8, 19, 8]},
			"faces": {
				"north": {"uv": [0, 4, 2, 12], "texture": "#0"},
				"east": {"uv": [0, 4, 2, 12], "texture": "#0"},
				"south": {"uv": [0, 4, 2, 12], "texture": "#0"},
				"west": {"uv": [0, 4, 2, 12], "texture": "#0"},
				"up": {"uv": [0, 2, 2, 4], "rotation": 90, "texture": "#0"},
				"down": {"uv": [0, 2, 2, 4], "rotation": 270, "texture": "#0"}
			}
		},
		{
			"from": [9.44271, 8.11629, 7],
			"to": [11.44271, 9.11629, 9],
			"rotation": {"angle": 22.5, "axis": "z", "origin": [8, 19, 8]},
			"faces": {
				"north": {"uv": [0, 4, 2, 5], "texture": "#5"},
				"east": {"uv": [0, 4, 2, 5], "texture": "#5"},
				"south": {"uv": [0, 4, 2, 5], "texture": "#5"},
				"west": {"uv": [0, 4, 2, 5], "texture": "#5"},
				"up": {"uv": [0, 2, 2, 4], "rotation": 90, "texture": "#5"},
				"down": {"uv": [0, 2, 2, 4], "rotation": 270, "texture": "#5"}
			}
		}
	],
	"gui_light": "front",
	"display": {
		"thirdperson_righthand": {
			"translation": [0, 1.5, 0]
		},
		"firstperson_righthand": {
			"rotation": [-30, 11, 0],
			"translation": [-1, 4.75, 2.25],
			"scale": [0.6, 0.6, 0.6]
		},
		"firstperson_lefthand": {
			"rotation": [-30, 11, 0],
			"translation": [-1, 4.75, 2.25],
			"scale": [0.6, 0.6, 0.6]
		},
		"ground": {
			"translation": [0, 5.25, 0],
			"scale": [0.7, 0.7, 0.7]
		},
		"gui": {
			"rotation": [0, 2, -45],
			"translation": [-1.25, -1.5, 0],
			"scale": [0.7, 0.7, 0.7]
		},
		"fixed": {
			"rotation": [0, 0, 45],
			"translation": [2, -2, -1]
		}
	},
	"groups": [0, 1, 2, 3, 4, 5, 6, 7,
		{
			"name": "group",
			"origin": [8, 11.5, 4],
			"color": 0,
			"children": [8, 9, 10, 11]
		},
		{
			"name": "group",
			"origin": [8, 11.5, 4],
			"color": 0,
			"children": [12, 13, 14, 15]
		},
		{
			"name": "group",
			"origin": [8, 11.5, 4],
			"color": 0,
			"children": [16, 17, 18, 19]
		},
		{
			"name": "group",
			"origin": [8, 11.5, 4],
			"color": 0,
			"children": [20, 21, 22, 23]
		}
	]
}