{
	"credit": "Made with Blockbench",
	"textures": {
		"0": "wands/blue_stained_glass",
		"1": "wands/ice",
		"2": "wands/light_blue_concrete_powder",
		"3": "wands/light_blue_stained_glass",
		"5": "wands/cyan_concrete_powder",
		"9": "wands/blue_ice",
		"particle": "wands/blue_stained_glass"
	},
	"elements": [
		{
			"from": [7, 0, 7],
			"to": [9, 16, 9],
			"faces": {
				"north": {"uv": [0, 0, 2, 16], "texture": "#5"},
				"east": {"uv": [0, 0, 2, 16], "texture": "#5"},
				"south": {"uv": [0, 0, 2, 16], "texture": "#5"},
				"west": {"uv": [0, 0, 2, 16], "texture": "#5"},
				"up": {"uv": [0, 0, 2, 2], "texture": "#5"},
				"down": {"uv": [0, 0, 2, 2], "texture": "#5"}
			}
		},
		{
			"from": [6, 14.5, 2.5],
			"to": [10, 21.5, 3.5],
			"rotation": {"angle": -45, "axis": "x", "origin": [8, 19.5, 6.5]},
			"faces": {
				"north": {"uv": [0, 0, 4, 7], "texture": "#2"},
				"east": {"uv": [0, 0, 1, 7], "texture": "#2"},
				"south": {"uv": [0, 0, 4, 7], "texture": "#2"},
				"west": {"uv": [0, 0, 1, 7], "texture": "#2"},
				"up": {"uv": [0, 0, 4, 1], "texture": "#2"},
				"down": {"uv": [0, 0, 4, 1], "texture": "#2"}
			}
		},
		{
			"from": [6.025, 18.2, 2.125],
			"to": [9.975, 21.2, 3.125],
			"rotation": {"angle": -22.5, "axis": "x", "origin": [6.5, 18.5, 2.5]},
			"faces": {
				"north": {"uv": [0, 0, 3.95, 3], "texture": "#2"},
				"east": {"uv": [0, 0, 1, 3], "texture": "#2"},
				"south": {"uv": [0, 0, 3.95, 3], "texture": "#2"},
				"west": {"uv": [0, 0, 1, 3], "texture": "#2"},
				"up": {"uv": [0, 0, 3.95, 1], "texture": "#2"},
				"down": {"uv": [0, 0, 3.95, 1], "texture": "#2"}
			}
		},
		{
			"from": [6.025, 18.2, 12.875],
			"to": [9.975, 21.2, 13.875],
			"rotation": {"angle": 22.5, "axis": "x", "origin": [6.5, 18.5, 13.5]},
			"faces": {
				"north": {"uv": [4, 0, 7.95, 3], "texture": "#2"},
				"east": {"uv": [1, 0, 2, 3], "texture": "#2"},
				"south": {"uv": [4, 0, 7.95, 3], "texture": "#2"},
				"west": {"uv": [1, 0, 2, 3], "texture": "#2"},
				"up": {"uv": [0, 1, 3.95, 2], "texture": "#2"},
				"down": {"uv": [0, 1, 3.95, 2], "texture": "#2"}
			}
		},
		{
			"from": [7.025, 8.175, 11.775],
			"to": [8.975, 11.175, 12.775],
			"rotation": {"angle": 22.5, "axis": "x", "origin": [6.5, 18.5, 13.5]},
			"faces": {
				"north": {"uv": [4, 0, 5.95, 3], "texture": "#9"},
				"east": {"uv": [1, 0, 2, 3], "texture": "#9"},
				"south": {"uv": [4, 0, 5.95, 3], "texture": "#9"},
				"west": {"uv": [1, 0, 2, 3], "texture": "#9"},
				"up": {"uv": [0, 1, 1.95, 2], "texture": "#9"},
				"down": {"uv": [0, 1, 1.95, 2], "texture": "#9"}
			}
		},
		{
			"from": [7.025, 8.175, 3.225],
			"to": [8.975, 11.175, 4.225],
			"rotation": {"angle": -22.5, "axis": "x", "origin": [6.5, 18.5, 2.5]},
			"faces": {
				"north": {"uv": [5.95, 0, 4, 3], "texture": "#9"},
				"east": {"uv": [2, 0, 1, 3], "texture": "#9"},
				"south": {"uv": [5.95, 0, 4, 3], "texture": "#9"},
				"west": {"uv": [2, 0, 1, 3], "texture": "#9"},
				"up": {"uv": [0, 2, 1.95, 1], "texture": "#9"},
				"down": {"uv": [0, 2, 1.95, 1], "texture": "#9"}
			}
		},
		{
			"from": [8.41563, 9.69481, 7.025],
			"to": [9.41563, 12.69481, 8.975],
			"rotation": {"angle": -22.5, "axis": "z", "origin": [8, 10.81555, 8]},
			"faces": {
				"north": {"uv": [2, 0, 3, 3], "texture": "#9"},
				"east": {"uv": [5.95, 0, 7.9, 3], "texture": "#9"},
				"south": {"uv": [2, 0, 3, 3], "texture": "#9"},
				"west": {"uv": [5.95, 0, 7.9, 3], "texture": "#9"},
				"up": {"uv": [0, 2, 1.95, 3], "rotation": 90, "texture": "#9"},
				"down": {"uv": [0, 2, 1.95, 3], "rotation": 270, "texture": "#9"}
			}
		},
		{
			"from": [6.58437, 9.69481, 7.025],
			"to": [7.58437, 12.69481, 8.975],
			"rotation": {"angle": 22.5, "axis": "z", "origin": [8, 10.81555, 8]},
			"faces": {
				"north": {"uv": [1, 0, 2, 3], "texture": "#9"},
				"east": {"uv": [4, 0, 5.95, 3], "texture": "#9"},
				"south": {"uv": [1, 0, 2, 3], "texture": "#9"},
				"west": {"uv": [4, 0, 5.95, 3], "texture": "#9"},
				"up": {"uv": [0, 1, 1.95, 2], "rotation": 90, "texture": "#9"},
				"down": {"uv": [0, 1, 1.95, 2], "rotation": 270, "texture": "#9"}
			}
		},
		{
			"from": [6, 14.5, 12.5],
			"to": [10, 21.5, 13.5],
			"rotation": {"angle": 45, "axis": "x", "origin": [8, 19.5, 9.5]},
			"faces": {
				"north": {"uv": [4, 0, 8, 7], "texture": "#2"},
				"east": {"uv": [1, 0, 2, 7], "texture": "#2"},
				"south": {"uv": [4, 0, 8, 7], "texture": "#2"},
				"west": {"uv": [1, 0, 2, 7], "texture": "#2"},
				"up": {"uv": [0, 1, 4, 2], "texture": "#2"},
				"down": {"uv": [0, 1, 4, 2], "texture": "#2"}
			}
		},
		{
			"from": [2.71914, 20.26985, 6.025],
			"to": [3.71914, 23.26985, 9.975],
			"rotation": {"angle": 22.5, "axis": "z", "origin": [8, 18.04145, 8]},
			"faces": {
				"north": {"uv": [1, 0, 2, 3], "texture": "#2"},
				"east": {"uv": [4, 0, 7.95, 3], "texture": "#2"},
				"south": {"uv": [1, 0, 2, 3], "texture": "#2"},
				"west": {"uv": [4, 0, 7.95, 3], "texture": "#2"},
				"up": {"uv": [0, 1, 3.95, 2], "rotation": 90, "texture": "#2"},
				"down": {"uv": [0, 1, 3.95, 2], "rotation": 270, "texture": "#2"}
			}
		},
		{
			"from": [3.97069, 15.13346, 6],
			"to": [4.97069, 22.13346, 10],
			"rotation": {"angle": 45, "axis": "z", "origin": [8, 18.04145, 8]},
			"faces": {
				"north": {"uv": [1, 0, 2, 7], "texture": "#2"},
				"east": {"uv": [4, 0, 8, 7], "texture": "#2"},
				"south": {"uv": [1, 0, 2, 7], "texture": "#2"},
				"west": {"uv": [4, 0, 8, 7], "texture": "#2"},
				"up": {"uv": [0, 1, 4, 2], "rotation": 90, "texture": "#2"},
				"down": {"uv": [0, 1, 4, 2], "rotation": 270, "texture": "#2"}
			}
		},
		{
			"from": [11.02931, 15.13346, 6],
			"to": [12.02931, 22.13346, 10],
			"rotation": {"angle": -45, "axis": "z", "origin": [8, 18.04145, 8]},
			"faces": {
				"north": {"uv": [0, 0, 1, 7], "texture": "#2"},
				"east": {"uv": [0, 0, 4, 7], "texture": "#2"},
				"south": {"uv": [0, 0, 1, 7], "texture": "#2"},
				"west": {"uv": [0, 0, 4, 7], "texture": "#2"},
				"up": {"uv": [0, 0, 4, 1], "rotation": 90, "texture": "#2"},
				"down": {"uv": [0, 0, 4, 1], "rotation": 270, "texture": "#2"}
			}
		},
		{
			"from": [12.28086, 20.26985, 6.025],
			"to": [13.28086, 23.26985, 9.975],
			"rotation": {"angle": -22.5, "axis": "z", "origin": [8, 18.04145, 8]},
			"faces": {
				"north": {"uv": [0, 0, 1, 3], "texture": "#2"},
				"east": {"uv": [0, 0, 3.95, 3], "texture": "#2"},
				"south": {"uv": [0, 0, 1, 3], "texture": "#2"},
				"west": {"uv": [0, 0, 3.95, 3], "texture": "#2"},
				"up": {"uv": [0, 0, 3.95, 1], "rotation": 90, "texture": "#2"},
				"down": {"uv": [0, 0, 3.95, 1], "rotation": 270, "texture": "#2"}
			}
		},
		{
			"from": [5.975, 12, 5.975],
			"to": [10.025, 15, 10.025],
			"faces": {
				"north": {"uv": [0, 0, 4.05, 3], "texture": "#9"},
				"east": {"uv": [0, 0, 4.05, 3], "texture": "#9"},
				"south": {"uv": [0, 0, 4.05, 3], "texture": "#9"},
				"west": {"uv": [0, 0, 4.05, 3], "texture": "#9"},
				"up": {"uv": [0, 0, 4.05, 4.05], "texture": "#9"},
				"down": {"uv": [0, 0, 4.05, 4.05], "texture": "#9"}
			}
		},
		{
			"from": [5, 18, 5],
			"to": [11, 24, 11],
			"faces": {
				"north": {"uv": [0, 0, 16, 16], "texture": "#0"},
				"east": {"uv": [0, 0, 16, 16], "texture": "#0"},
				"south": {"uv": [0, 0, 16, 16], "texture": "#0"},
				"west": {"uv": [0, 0, 16, 16], "texture": "#0"},
				"up": {"uv": [0, 0, 16, 16], "texture": "#0"},
				"down": {"uv": [0, 0, 16, 16], "texture": "#0"}
			}
		},
		{
			"from": [5.5, 18.5, 5.5],
			"to": [10.5, 23.5, 10.5],
			"faces": {
				"north": {"uv": [0, 0, 5, 5], "texture": "#1"},
				"east": {"uv": [0, 0, 5, 5], "texture": "#1"},
				"south": {"uv": [0, 0, 5, 5], "texture": "#1"},
				"west": {"uv": [0, 0, 5, 5], "texture": "#1"},
				"up": {"uv": [0, 0, 5, 5], "texture": "#1"},
				"down": {"uv": [0, 0, 5, 5], "texture": "#1"}
			}
		},
		{
			"from": [6.5, -2, 6.5],
			"to": [9.5, 0, 9.5],
			"faces": {
				"north": {"uv": [0, 0, 3, 2], "texture": "#3"},
				"east": {"uv": [0, 0, 3, 2], "texture": "#3"},
				"south": {"uv": [0, 0, 3, 2], "texture": "#3"},
				"west": {"uv": [0, 0, 3, 2], "texture": "#3"},
				"up": {"uv": [0, 0, 3, 3], "texture": "#3"},
				"down": {"uv": [0, 0, 3, 3], "texture": "#3"}
			}
		}
	],
	"gui_light": "front",
	"display": {
		"thirdperson_righthand": {
			"translation": [0, 1.5, 0]
		},
		"firstperson_righthand": {
			"rotation": [-30, 11, 0],
			"translation": [-1, 4.75, 2.25],
			"scale": [0.6, 0.6, 0.6]
		},
		"firstperson_lefthand": {
			"rotation": [-30, 11, 0],
			"translation": [-1, 4.75, 2.25],
			"scale": [0.6, 0.6, 0.6]
		},
		"ground": {
			"translation": [0, 5.25, 0],
			"scale": [0.7, 0.7, 0.7]
		},
		"gui": {
			"rotation": [0, 2, -45],
			"translation": [-1.25, -1.5, 0],
			"scale": [0.7, 0.7, 0.7]
		},
		"fixed": {
			"rotation": [0, 0, 45],
			"translation": [2, -2, -1]
		}
	}
}