{
	"credit": "Made with Blockbench",
	"textures": {
		"0": "wands/ice",
		"1": "wands/blue_ice",
		"2": "wands/packed_ice",
		"3": "wands/diamond_block",
		"4": "wands/light_blue_concrete_powder",
		"particle": "wands/ice"
	},
	"elements": [
		{
			"from": [7, 0, 7],
			"to": [9, 16, 9],
			"faces": {
				"north": {"uv": [0, 0, 2, 16], "texture": "#3"},
				"east": {"uv": [0, 0, 2, 16], "texture": "#3"},
				"south": {"uv": [0, 0, 2, 16], "texture": "#3"},
				"west": {"uv": [0, 0, 2, 16], "texture": "#3"},
				"up": {"uv": [0, 0, 2, 2], "texture": "#3"},
				"down": {"uv": [0, 0, 2, 2], "texture": "#3"}
			}
		},
		{
			"from": [6, 15, 6],
			"to": [10, 22, 10],
			"faces": {
				"north": {"uv": [0, 0, 4, 7], "texture": "#4"},
				"east": {"uv": [0, 0, 4, 7], "texture": "#4"},
				"south": {"uv": [0, 0, 4, 7], "texture": "#4"},
				"west": {"uv": [0, 0, 4, 7], "texture": "#4"},
				"up": {"uv": [0, 0, 4, 4], "texture": "#4"},
				"down": {"uv": [0, 0, 4, 4], "texture": "#4"}
			}
		},
		{
			"from": [7, 15, 3],
			"to": [9, 26, 5],
			"rotation": {"angle": 22.5, "axis": "x", "origin": [8, 16, 3]},
			"faces": {
				"north": {"uv": [0, 0, 2, 11], "texture": "#2"},
				"east": {"uv": [0, 0, 2, 11], "texture": "#2"},
				"south": {"uv": [0, 0, 2, 11], "texture": "#2"},
				"west": {"uv": [0, 0, 2, 11], "texture": "#2"},
				"up": {"uv": [0, 0, 2, 2], "texture": "#2"},
				"down": {"uv": [0, 0, 2, 2], "texture": "#2"}
			}
		},
		{
			"from": [7, 15, 11],
			"to": [9, 26, 13],
			"rotation": {"angle": -22.5, "axis": "x", "origin": [8, 16, 13]},
			"faces": {
				"north": {"uv": [2, 0, 4, 11], "texture": "#2"},
				"east": {"uv": [2, 0, 4, 11], "texture": "#2"},
				"south": {"uv": [2, 0, 4, 11], "texture": "#2"},
				"west": {"uv": [2, 0, 4, 11], "texture": "#2"},
				"up": {"uv": [0, 2, 2, 4], "texture": "#2"},
				"down": {"uv": [0, 2, 2, 4], "texture": "#2"}
			}
		},
		{
			"from": [9.35163, 13.33876, 7],
			"to": [11.35163, 24.33876, 9],
			"rotation": {"angle": 22.5, "axis": "z", "origin": [8, 19.31283, 8]},
			"faces": {
				"north": {"uv": [0, 0, 2, 11], "texture": "#2"},
				"east": {"uv": [0, 0, 2, 11], "texture": "#2"},
				"south": {"uv": [0, 0, 2, 11], "texture": "#2"},
				"west": {"uv": [0, 0, 2, 11], "texture": "#2"},
				"up": {"uv": [0, 0, 2, 2], "rotation": 90, "texture": "#2"},
				"down": {"uv": [0, 0, 2, 2], "rotation": 270, "texture": "#2"}
			}
		},
		{
			"from": [4.64837, 13.33876, 7],
			"to": [6.64837, 24.33876, 9],
			"rotation": {"angle": -22.5, "axis": "z", "origin": [8, 19.31283, 8]},
			"faces": {
				"north": {"uv": [2, 0, 4, 11], "texture": "#2"},
				"east": {"uv": [2, 0, 4, 11], "texture": "#2"},
				"south": {"uv": [2, 0, 4, 11], "texture": "#2"},
				"west": {"uv": [2, 0, 4, 11], "texture": "#2"},
				"up": {"uv": [0, 2, 2, 4], "rotation": 90, "texture": "#2"},
				"down": {"uv": [0, 2, 2, 4], "rotation": 270, "texture": "#2"}
			}
		},
		{
			"from": [7, 24, 7],
			"to": [9, 28, 9],
			"faces": {
				"north": {"uv": [0, 0, 2, 4], "texture": "#1"},
				"east": {"uv": [0, 0, 2, 4], "texture": "#1"},
				"south": {"uv": [0, 0, 2, 4], "texture": "#1"},
				"west": {"uv": [0, 0, 2, 4], "texture": "#1"},
				"up": {"uv": [0, 0, 2, 2], "texture": "#1"},
				"down": {"uv": [0, 0, 2, 2], "texture": "#1"}
			}
		},
		{
			"from": [6.5, -4, 6.5],
			"to": [9.5, 0, 9.5],
			"faces": {
				"north": {"uv": [0, 0, 3, 4], "texture": "#1"},
				"east": {"uv": [0, 0, 3, 4], "texture": "#1"},
				"south": {"uv": [0, 0, 3, 4], "texture": "#1"},
				"west": {"uv": [0, 0, 3, 4], "texture": "#1"},
				"up": {"uv": [0, 0, 3, 3], "texture": "#1"},
				"down": {"uv": [0, 0, 3, 3], "texture": "#1"}
			}
		},
		{
			"from": [6, -5, 6],
			"to": [10, 0, 10],
			"faces": {
				"north": {"uv": [0, 0, 4, 5], "texture": "#0"},
				"east": {"uv": [0, 0, 4, 5], "texture": "#0"},
				"south": {"uv": [0, 0, 4, 5], "texture": "#0"},
				"west": {"uv": [0, 0, 4, 5], "texture": "#0"},
				"up": {"uv": [0, 0, 4, 4], "texture": "#0"},
				"down": {"uv": [0, 0, 4, 4], "texture": "#0"}
			}
		},
		{
			"from": [7.5, -4.5, 5.75],
			"to": [8.5, 2.5, 6.75],
			"rotation": {"angle": 22.5, "axis": "x", "origin": [8, -0.5, 6.5]},
			"faces": {
				"north": {"uv": [0, 0, 1, 7], "texture": "#2"},
				"east": {"uv": [0, 0, 1, 7], "texture": "#2"},
				"south": {"uv": [0, 0, 1, 7], "texture": "#2"},
				"west": {"uv": [0, 0, 1, 7], "texture": "#2"},
				"up": {"uv": [0, 0, 1, 1], "texture": "#2"},
				"down": {"uv": [0, 0, 1, 1], "texture": "#2"}
			}
		},
		{
			"from": [7.5, -4.5, 9.25],
			"to": [8.5, 2.5, 10.25],
			"rotation": {"angle": -22.5, "axis": "x", "origin": [8, -0.5, 9.5]},
			"faces": {
				"north": {"uv": [1, 0, 0, 7], "texture": "#2"},
				"east": {"uv": [1, 0, 0, 7], "texture": "#2"},
				"south": {"uv": [1, 0, 0, 7], "texture": "#2"},
				"west": {"uv": [1, 0, 0, 7], "texture": "#2"},
				"up": {"uv": [0, 1, 1, 0], "texture": "#2"},
				"down": {"uv": [0, 1, 1, 0], "texture": "#2"}
			}
		},
		{
			"from": [5.72402, -5.10191, 7.5],
			"to": [6.72402, 1.89809, 8.5],
			"rotation": {"angle": -22.5, "axis": "z", "origin": [8, -0.86627, 8]},
			"faces": {
				"north": {"uv": [1, 0, 2, 7], "texture": "#2"},
				"east": {"uv": [1, 0, 2, 7], "texture": "#2"},
				"south": {"uv": [1, 0, 2, 7], "texture": "#2"},
				"west": {"uv": [1, 0, 2, 7], "texture": "#2"},
				"up": {"uv": [0, 1, 1, 2], "rotation": 90, "texture": "#2"},
				"down": {"uv": [0, 1, 1, 2], "rotation": 270, "texture": "#2"}
			}
		},
		{
			"from": [9.27598, -5.10191, 7.5],
			"to": [10.27598, 1.89809, 8.5],
			"rotation": {"angle": 22.5, "axis": "z", "origin": [8, -0.86627, 8]},
			"faces": {
				"north": {"uv": [0, 0, 1, 7], "texture": "#2"},
				"east": {"uv": [0, 0, 1, 7], "texture": "#2"},
				"south": {"uv": [0, 0, 1, 7], "texture": "#2"},
				"west": {"uv": [0, 0, 1, 7], "texture": "#2"},
				"up": {"uv": [0, 0, 1, 1], "rotation": 90, "texture": "#2"},
				"down": {"uv": [0, 0, 1, 1], "rotation": 270, "texture": "#2"}
			}
		}
	],
	"gui_light": "front",
	"display": {
		"thirdperson_righthand": {
			"translation": [0, 0.5, 0]
		},
		"firstperson_righthand": {
			"rotation": [-30, 11, 0],
			"translation": [-1, 4.75, 2.25],
			"scale": [0.6, 0.6, 0.6]
		},
		"firstperson_lefthand": {
			"rotation": [-30, 11, 0],
			"translation": [-1, 4.75, 2.25],
			"scale": [0.6, 0.6, 0.6]
		},
		"ground": {
			"translation": [0, 5.25, 0],
			"scale": [0.7, 0.7, 0.7]
		},
		"gui": {
			"rotation": [0, 2, -45],
			"translation": [-1.25, -1.5, 0],
			"scale": [0.7, 0.7, 0.7]
		},
		"fixed": {
			"rotation": [0, 0, 45],
			"translation": [2, -2, -1]
		}
	}
}