{
	"credit": "Made with Blockbench",
	"textures": {
		"0": "wands/stone",
		"1": "wands/deepslate",
		"2": "wands/light_gray_concrete_powder",
		"3": "wands/polished_blackstone",
		"particle": "wands/stone"
	},
	"elements": [
		{
			"from": [7, 0, 7],
			"to": [9, 16, 9],
			"faces": {
				"north": {"uv": [0, 0, 2, 16], "texture": "#2"},
				"east": {"uv": [0, 0, 2, 16], "texture": "#2"},
				"south": {"uv": [0, 0, 2, 16], "texture": "#2"},
				"west": {"uv": [0, 0, 2, 16], "texture": "#2"},
				"up": {"uv": [0, 0, 2, 2], "texture": "#2"},
				"down": {"uv": [0, 0, 2, 2], "texture": "#2"}
			}
		},
		{
			"from": [4, 16, 4],
			"to": [12, 24, 12],
			"faces": {
				"north": {"uv": [0, 0, 8, 8], "texture": "#0"},
				"east": {"uv": [0, 0, 8, 8], "texture": "#0"},
				"south": {"uv": [0, 0, 8, 8], "texture": "#0"},
				"west": {"uv": [0, 0, 8, 8], "texture": "#0"},
				"up": {"uv": [0, 0, 8, 8], "texture": "#0"},
				"down": {"uv": [0, 0, 8, 8], "texture": "#0"}
			}
		},
		{
			"from": [5, 14, 5],
			"to": [11, 16, 11],
			"faces": {
				"north": {"uv": [0, 0, 6, 2], "texture": "#1"},
				"east": {"uv": [0, 0, 6, 2], "texture": "#1"},
				"south": {"uv": [0, 0, 6, 2], "texture": "#1"},
				"west": {"uv": [0, 0, 6, 2], "texture": "#1"},
				"up": {"uv": [0, 0, 6, 6], "texture": "#1"},
				"down": {"uv": [0, 0, 6, 6], "texture": "#1"}
			}
		},
		{
			"from": [7, 15, 3],
			"to": [9, 26, 5],
			"faces": {
				"north": {"uv": [0, 0, 2, 11], "texture": "#1"},
				"east": {"uv": [0, 0, 2, 11], "texture": "#1"},
				"south": {"uv": [0, 0, 2, 11], "texture": "#1"},
				"west": {"uv": [0, 0, 2, 11], "texture": "#1"},
				"up": {"uv": [0, 0, 2, 2], "texture": "#1"},
				"down": {"uv": [0, 0, 2, 2], "texture": "#1"}
			}
		},
		{
			"from": [7, 15, 11],
			"to": [9, 26, 13],
			"rotation": {"angle": 0, "axis": "y", "origin": [0, 0, 16]},
			"faces": {
				"north": {"uv": [2, 0, 4, 11], "texture": "#1"},
				"east": {"uv": [2, 0, 4, 11], "texture": "#1"},
				"south": {"uv": [2, 0, 4, 11], "texture": "#1"},
				"west": {"uv": [2, 0, 4, 11], "texture": "#1"},
				"up": {"uv": [0, 2, 2, 4], "texture": "#1"},
				"down": {"uv": [0, 2, 2, 4], "texture": "#1"}
			}
		},
		{
			"from": [3, 15, 7],
			"to": [5, 26, 9],
			"rotation": {"angle": 0, "axis": "y", "origin": [8, 19, 8]},
			"faces": {
				"north": {"uv": [2, 0, 4, 11], "texture": "#1"},
				"east": {"uv": [2, 0, 4, 11], "texture": "#1"},
				"south": {"uv": [2, 0, 4, 11], "texture": "#1"},
				"west": {"uv": [2, 0, 4, 11], "texture": "#1"},
				"up": {"uv": [0, 2, 2, 4], "rotation": 90, "texture": "#1"},
				"down": {"uv": [0, 2, 2, 4], "rotation": 270, "texture": "#1"}
			}
		},
		{
			"from": [11, 15, 7],
			"to": [13, 26, 9],
			"rotation": {"angle": 0, "axis": "y", "origin": [8, 19, 8]},
			"faces": {
				"north": {"uv": [0, 0, 2, 11], "texture": "#1"},
				"east": {"uv": [0, 0, 2, 11], "texture": "#1"},
				"south": {"uv": [0, 0, 2, 11], "texture": "#1"},
				"west": {"uv": [0, 0, 2, 11], "texture": "#1"},
				"up": {"uv": [0, 0, 2, 2], "rotation": 90, "texture": "#1"},
				"down": {"uv": [0, 0, 2, 2], "rotation": 270, "texture": "#1"}
			}
		},
		{
			"from": [6, -1, 6],
			"to": [10, 0, 10],
			"faces": {
				"north": {"uv": [0, 0, 4, 1], "texture": "#3"},
				"east": {"uv": [0, 0, 4, 1], "texture": "#3"},
				"south": {"uv": [0, 0, 4, 1], "texture": "#3"},
				"west": {"uv": [0, 0, 4, 1], "texture": "#3"},
				"up": {"uv": [0, 0, 4, 4], "texture": "#3"},
				"down": {"uv": [0, 0, 4, 4], "texture": "#3"}
			}
		},
		{
			"from": [6.925, -4.375, 7],
			"to": [7.925, -1.375, 9],
			"rotation": {"angle": 22.5, "axis": "z", "origin": [5.5, -3.5, 8]},
			"faces": {
				"north": {"uv": [0, 0, 1, 3], "texture": "#3"},
				"east": {"uv": [0, 0, 2, 3], "texture": "#3"},
				"south": {"uv": [0, 0, 1, 3], "texture": "#3"},
				"west": {"uv": [0, 0, 2, 3], "texture": "#3"},
				"up": {"uv": [0, 0, 1, 2], "texture": "#3"},
				"down": {"uv": [0, 0, 1, 2], "texture": "#3"}
			}
		},
		{
			"from": [8.075, -4.375, 7],
			"to": [9.075, -1.375, 9],
			"rotation": {"angle": -22.5, "axis": "z", "origin": [10.5, -3.5, 8]},
			"faces": {
				"north": {"uv": [1, 0, 2, 3], "texture": "#3"},
				"east": {"uv": [2, 0, 4, 3], "texture": "#3"},
				"south": {"uv": [1, 0, 2, 3], "texture": "#3"},
				"west": {"uv": [2, 0, 4, 3], "texture": "#3"},
				"up": {"uv": [1, 0, 2, 2], "texture": "#3"},
				"down": {"uv": [1, 0, 2, 2], "texture": "#3"}
			}
		},
		{
			"from": [7, -3.35343, 8.2108],
			"to": [9, -0.35343, 9.2108],
			"rotation": {"angle": 22.5, "axis": "x", "origin": [8, -2.64785, 8]},
			"faces": {
				"north": {"uv": [2, 0, 4, 3], "texture": "#3"},
				"east": {"uv": [1, 0, 2, 3], "texture": "#3"},
				"south": {"uv": [2, 0, 4, 3], "texture": "#3"},
				"west": {"uv": [1, 0, 2, 3], "texture": "#3"},
				"up": {"uv": [1, 0, 2, 2], "rotation": 90, "texture": "#3"},
				"down": {"uv": [1, 0, 2, 2], "rotation": 270, "texture": "#3"}
			}
		},
		{
			"from": [7, -3.35343, 6.7892],
			"to": [9, -0.35343, 7.7892],
			"rotation": {"angle": -22.5, "axis": "x", "origin": [8, -2.64785, 8]},
			"faces": {
				"north": {"uv": [0, 0, 2, 3], "texture": "#3"},
				"east": {"uv": [0, 0, 1, 3], "texture": "#3"},
				"south": {"uv": [0, 0, 2, 3], "texture": "#3"},
				"west": {"uv": [0, 0, 1, 3], "texture": "#3"},
				"up": {"uv": [0, 0, 1, 2], "rotation": 90, "texture": "#3"},
				"down": {"uv": [0, 0, 1, 2], "rotation": 270, "texture": "#3"}
			}
		}
	],
	"gui_light": "front",
	"display": {
		"thirdperson_righthand": {
			"translation": [0, 1.5, 0]
		},
		"firstperson_righthand": {
			"rotation": [-30, 11, 0],
			"translation": [-1, 4.75, 2.25],
			"scale": [0.6, 0.6, 0.6]
		},
		"firstperson_lefthand": {
			"rotation": [-30, 11, 0],
			"translation": [-1, 4.75, 2.25],
			"scale": [0.6, 0.6, 0.6]
		},
		"ground": {
			"translation": [0, 5.25, 0],
			"scale": [0.7, 0.7, 0.7]
		},
		"gui": {
			"rotation": [0, 2, -45],
			"translation": [-1.25, -1.5, 0],
			"scale": [0.7, 0.7, 0.7]
		},
		"fixed": {
			"rotation": [0, 0, 45],
			"translation": [2, -2, -1]
		}
	}
}