{
	"credit": "Made with Blockbench",
	"textures": {
		"0": "wands/water_still",
		"1": "wands/water_still",
		"2": "wands/blue_concrete_powder",
		"3": "wands/light_blue_concrete_powder",
		"particle": "wands/water_still"
	},
	"elements": [
		{
			"from": [7, 0, 7],
			"to": [9, 16, 9],
			"faces": {
				"north": {"uv": [0, 0, 2, 16], "texture": "#2"},
				"east": {"uv": [0, 0, 2, 16], "texture": "#2"},
				"south": {"uv": [0, 0, 2, 16], "texture": "#2"},
				"west": {"uv": [0, 0, 2, 16], "texture": "#2"},
				"up": {"uv": [0, 0, 2, 2], "texture": "#2"},
				"down": {"uv": [0, 0, 2, 2], "texture": "#2"}
			}
		},
		{
			"from": [6, -4, 6.5],
			"to": [7, 1, 9.5],
			"rotation": {"angle": -22.5, "axis": "z", "origin": [7.5, -1.5, 8]},
			"faces": {
				"north": {"uv": [0, 0, 1, 5], "texture": "#3"},
				"east": {"uv": [0, 0, 3, 5], "texture": "#3"},
				"south": {"uv": [0, 0, 1, 5], "texture": "#3"},
				"west": {"uv": [0, 0, 3, 5], "texture": "#3"},
				"up": {"uv": [0, 0, 1, 3], "texture": "#3"},
				"down": {"uv": [0, 0, 1, 3], "texture": "#3"}
			}
		},
		{
			"from": [9, -4, 6.5],
			"to": [10, 1, 9.5],
			"rotation": {"angle": 22.5, "axis": "z", "origin": [8.5, -1.5, 8]},
			"faces": {
				"north": {"uv": [1, 0, 0, 5], "texture": "#3"},
				"east": {"uv": [3, 0, 0, 5], "texture": "#3"},
				"south": {"uv": [1, 0, 0, 5], "texture": "#3"},
				"west": {"uv": [3, 0, 0, 5], "texture": "#3"},
				"up": {"uv": [1, 0, 0, 3], "texture": "#3"},
				"down": {"uv": [1, 0, 0, 3], "texture": "#3"}
			}
		},
		{
			"from": [6.5, -4.16221, 8.81549],
			"to": [9.5, 0.83779, 9.81549],
			"rotation": {"angle": -22.5, "axis": "x", "origin": [8, -1.11732, 8]},
			"faces": {
				"north": {"uv": [3, 0, 6, 5], "texture": "#3"},
				"east": {"uv": [1, 0, 2, 5], "texture": "#3"},
				"south": {"uv": [3, 0, 6, 5], "texture": "#3"},
				"west": {"uv": [1, 0, 2, 5], "texture": "#3"},
				"up": {"uv": [1, 0, 2, 3], "rotation": 90, "texture": "#3"},
				"down": {"uv": [1, 0, 2, 3], "rotation": 270, "texture": "#3"}
			}
		},
		{
			"from": [6.5, -4.16221, 6.18451],
			"to": [9.5, 0.83779, 7.18451],
			"rotation": {"angle": 22.5, "axis": "x", "origin": [8, -1.11732, 8]},
			"faces": {
				"north": {"uv": [0, 0, 3, 5], "texture": "#3"},
				"east": {"uv": [0, 0, 1, 5], "texture": "#3"},
				"south": {"uv": [0, 0, 3, 5], "texture": "#3"},
				"west": {"uv": [0, 0, 1, 5], "texture": "#3"},
				"up": {"uv": [0, 0, 1, 3], "rotation": 90, "texture": "#3"},
				"down": {"uv": [0, 0, 1, 3], "rotation": 270, "texture": "#3"}
			}
		},
		{
			"from": [6.475, -3, 6.475],
			"to": [9.525, 2, 9.525],
			"faces": {
				"north": {"uv": [0, 0, 3.05, 5], "texture": "#0"},
				"east": {"uv": [0, 0, 3.05, 5], "texture": "#0"},
				"south": {"uv": [0, 0, 3.05, 5], "texture": "#0"},
				"west": {"uv": [0, 0, 3.05, 5], "texture": "#0"},
				"up": {"uv": [0, 0, 3.05, 3.05], "texture": "#0"},
				"down": {"uv": [0, 0, 3.05, 3.05], "texture": "#0"}
			}
		},
		{
			"from": [4, 19, 4],
			"to": [12, 27, 12],
			"faces": {
				"north": {"uv": [0, 0, 8, 8], "texture": "#3"},
				"east": {"uv": [0, 0, 8, 8], "texture": "#3"},
				"south": {"uv": [0, 0, 8, 8], "texture": "#3"},
				"west": {"uv": [0, 0, 8, 8], "texture": "#3"},
				"up": {"uv": [0, 0, 8, 8], "texture": "#3"},
				"down": {"uv": [0, 0, 8, 8], "texture": "#3"}
			}
		},
		{
			"from": [12.57088, 17.10268, 6],
			"to": [14.57088, 24.10268, 10],
			"rotation": {"angle": -45, "axis": "z", "origin": [8, 23, 8]},
			"faces": {
				"north": {"uv": [0, 8, 2, 14], "texture": "#1"},
				"east": {"uv": [0, 8, 4, 14], "texture": "#1"},
				"south": {"uv": [0, 8, 2, 14], "texture": "#1"},
				"west": {"uv": [0, 8, 4, 14], "texture": "#1"},
				"up": {"uv": [0, 1, 4, 3], "rotation": 90, "texture": "#1"},
				"down": {"uv": [0, 1, 4, 3], "rotation": 270, "texture": "#1"}
			}
		},
		{
			"from": [1.42912, 17.10268, 6.025],
			"to": [3.42912, 24.10268, 9.975],
			"rotation": {"angle": 45, "axis": "z", "origin": [8, 23, 8]},
			"faces": {
				"north": {"uv": [2, 8, 4, 14], "texture": "#1"},
				"east": {"uv": [4, 8, 7.95, 14], "texture": "#1"},
				"south": {"uv": [2, 8, 4, 14], "texture": "#1"},
				"west": {"uv": [4, 8, 7.95, 14], "texture": "#1"},
				"up": {"uv": [0, 3, 3.95, 5], "rotation": 90, "texture": "#1"},
				"down": {"uv": [0, 3, 3.95, 5], "rotation": 270, "texture": "#1"}
			}
		},
		{
			"from": [6, 15.45241, 8.58678],
			"to": [10, 22.45241, 10.58678],
			"rotation": {"angle": 45, "axis": "x", "origin": [8, 17.36563, 8]},
			"faces": {
				"north": {"uv": [0, 8, 4, 14], "texture": "#1"},
				"east": {"uv": [0, 8, 2, 14], "texture": "#1"},
				"south": {"uv": [0, 8, 4, 14], "texture": "#1"},
				"west": {"uv": [0, 8, 2, 14], "texture": "#1"},
				"up": {"uv": [0, 1, 4, 3], "rotation": 180, "texture": "#1"},
				"down": {"uv": [0, 1, 4, 3], "rotation": 180, "texture": "#1"}
			}
		},
		{
			"from": [6.025, 15.45241, 5.41322],
			"to": [9.975, 22.45241, 7.41322],
			"rotation": {"angle": -45, "axis": "x", "origin": [8, 17.36563, 8]},
			"faces": {
				"north": {"uv": [4, 8, 7.95, 14], "texture": "#1"},
				"east": {"uv": [2, 8, 4, 14], "texture": "#1"},
				"south": {"uv": [4, 8, 7.95, 14], "texture": "#1"},
				"west": {"uv": [2, 8, 4, 14], "texture": "#1"},
				"up": {"uv": [0, 3, 3.95, 5], "rotation": 180, "texture": "#1"},
				"down": {"uv": [0, 3, 3.95, 5], "rotation": 180, "texture": "#1"}
			}
		},
		{
			"from": [11.57088, 21.89732, 6],
			"to": [13.57088, 29.89732, 10],
			"rotation": {"angle": 22.5, "axis": "z", "origin": [8, 23, 8]},
			"faces": {
				"north": {"uv": [0, 0, 2, 8], "texture": "#1"},
				"east": {"uv": [0, 0, 4, 8], "texture": "#1"},
				"south": {"uv": [0, 0, 2, 8], "texture": "#1"},
				"west": {"uv": [0, 0, 4, 8], "texture": "#1"},
				"up": {"uv": [0, 0, 4, 2], "rotation": 90, "texture": "#1"},
				"down": {"uv": [0, 0, 4, 2], "rotation": 270, "texture": "#1"}
			}
		},
		{
			"from": [2.42912, 21.89732, 6],
			"to": [4.42912, 29.89732, 10],
			"rotation": {"angle": -22.5, "axis": "z", "origin": [8, 23, 8]},
			"faces": {
				"north": {"uv": [2, 0, 0, 8], "texture": "#1"},
				"east": {"uv": [4, 0, 0, 8], "texture": "#1"},
				"south": {"uv": [2, 0, 0, 8], "texture": "#1"},
				"west": {"uv": [4, 0, 0, 8], "texture": "#1"},
				"up": {"uv": [0, 2, 4, 0], "rotation": 90, "texture": "#1"},
				"down": {"uv": [0, 2, 4, 0], "rotation": 270, "texture": "#1"}
			}
		},
		{
			"from": [6, 22.23423, 4.12287],
			"to": [10, 30.23423, 6.12287],
			"rotation": {"angle": 22.5, "axis": "x", "origin": [8, 27.42597, 8]},
			"faces": {
				"north": {"uv": [4, 0, 8, 8], "texture": "#1"},
				"east": {"uv": [2, 0, 4, 8], "texture": "#1"},
				"south": {"uv": [4, 0, 8, 8], "texture": "#1"},
				"west": {"uv": [2, 0, 4, 8], "texture": "#1"},
				"up": {"uv": [0, 2, 4, 4], "rotation": 180, "texture": "#1"},
				"down": {"uv": [0, 2, 4, 4], "rotation": 180, "texture": "#1"}
			}
		},
		{
			"from": [6, 22.23423, 9.87713],
			"to": [10, 30.23423, 11.87713],
			"rotation": {"angle": -22.5, "axis": "x", "origin": [8, 27.42597, 8]},
			"faces": {
				"north": {"uv": [0, 0, 4, 8], "texture": "#1"},
				"east": {"uv": [0, 0, 2, 8], "texture": "#1"},
				"south": {"uv": [0, 0, 4, 8], "texture": "#1"},
				"west": {"uv": [0, 0, 2, 8], "texture": "#1"},
				"up": {"uv": [0, 0, 4, 2], "rotation": 180, "texture": "#1"},
				"down": {"uv": [0, 0, 4, 2], "rotation": 180, "texture": "#1"}
			}
		}
	],
	"gui_light": "front",
	"display": {
		"firstperson_righthand": {
			"rotation": [-30, 11, 0],
			"translation": [-1, 4.75, 2.25],
			"scale": [0.6, 0.6, 0.6]
		},
		"firstperson_lefthand": {
			"rotation": [-30, 11, 0],
			"translation": [-1, 4.75, 2.25],
			"scale": [0.6, 0.6, 0.6]
		},
		"ground": {
			"translation": [0, 5.25, 0],
			"scale": [0.7, 0.7, 0.7]
		},
		"gui": {
			"rotation": [0, 2, -45],
			"translation": [-3, -3, 0],
			"scale": [0.7, 0.7, 0.7]
		},
		"fixed": {
			"rotation": [0, 0, 45],
			"translation": [2, -2, -1]
		}
	}
}