{
	"credit": "Made with Blockbench",
	"texture_size": [32, 32],
	"textures": {
		"0": "helmets/pickaxe/iron_layer_1",
		"3": "helmets/pickaxe/iron_pickaxe",
		"particle": "helmets/pickaxe/iron_layer_1"
	},
	"elements": [
		{
			"from": [4, 0, 4],
			"to": [12, 8, 12],
			"rotation": {"angle": 0, "axis": "y", "origin": [12, 8, 12]},
			"faces": {
				"north": {"uv": [4, 4, 8, 8], "texture": "#0"},
				"east": {"uv": [12, 4, 8, 8], "texture": "#0"},
				"south": {"uv": [12, 4, 16, 8], "texture": "#0"},
				"west": {"uv": [4, 4, 0, 8], "texture": "#0"},
				"up": {"uv": [4, 0, 8, 4], "texture": "#0"},
				"down": {"uv": [8, 0, 12, 4], "texture": "#0"}
			}
		},
		{
			"from": [9.75192, 9.10163, 10.5],
			"to": [10.75192, 11.10163, 12.5],
			"rotation": {"angle": 45, "axis": "x", "origin": [7.75192, 13.60163, 8]},
			"faces": {
				"north": {"uv": [4, 13, 4.999, 13.999], "texture": "#3"},
				"east": {"uv": [4, 10.999, 6, 12.999], "texture": "#3"},
				"south": {"uv": [3, 12, 3.999, 12.999], "texture": "#3"},
				"west": {"uv": [4, 10.999, 5.998, 12.996], "rotation": 270, "texture": "#3"},
				"up": {"uv": [3, 12, 3.999, 12.999], "texture": "#3"},
				"down": {"uv": [4, 13, 4.999, 13.999], "texture": "#3"}
			}
		},
		{
			"from": [9.75192, 10.10163, 9.5],
			"to": [10.75192, 12.10163, 11.5],
			"rotation": {"angle": 45, "axis": "x", "origin": [7.75192, 13.60163, 8]},
			"faces": {
				"north": {"uv": [4, 13, 4.999, 13.999], "texture": "#3"},
				"east": {"uv": [5, 9.999, 7, 11.999], "texture": "#3"},
				"south": {"uv": [3, 12, 3.999, 12.999], "texture": "#3"},
				"west": {"uv": [5, 9.999, 6.998, 11.996], "rotation": 270, "texture": "#3"},
				"up": {"uv": [3, 12, 3.999, 12.999], "texture": "#3"},
				"down": {"uv": [4, 13, 4.999, 13.999], "texture": "#3"}
			}
		},
		{
			"from": [9.75192, 11.10163, 8.5],
			"to": [10.75192, 13.10163, 10.5],
			"rotation": {"angle": 45, "axis": "x", "origin": [7.75192, 13.60163, 8]},
			"faces": {
				"north": {"uv": [4, 13, 4.999, 13.999], "texture": "#3"},
				"east": {"uv": [6, 8.999, 8, 10.999], "texture": "#3"},
				"south": {"uv": [3, 12, 3.999, 12.999], "texture": "#3"},
				"west": {"uv": [6, 8.999, 7.997, 10.996], "rotation": 270, "texture": "#3"},
				"up": {"uv": [3, 12, 3.999, 12.999], "texture": "#3"},
				"down": {"uv": [4, 13, 4.999, 13.999], "texture": "#3"}
			}
		},
		{
			"from": [9.75192, 12.10163, 7.5],
			"to": [10.75192, 14.10163, 9.5],
			"rotation": {"angle": 45, "axis": "x", "origin": [7.75192, 13.60163, 8]},
			"faces": {
				"north": {"uv": [4, 13, 4.999, 13.999], "texture": "#3"},
				"east": {"uv": [7, 8, 8.999, 9.999], "texture": "#3"},
				"south": {"uv": [3, 12, 3.999, 12.999], "texture": "#3"},
				"west": {"uv": [7, 8, 8.996, 9.996], "rotation": 270, "texture": "#3"},
				"up": {"uv": [3, 12, 3.999, 12.999], "texture": "#3"},
				"down": {"uv": [4, 13, 4.999, 13.999], "texture": "#3"}
			}
		},
		{
			"from": [9.75192, 13.10163, 6.5],
			"to": [10.75192, 15.10163, 8.5],
			"rotation": {"angle": 45, "axis": "x", "origin": [7.75192, 13.60163, 8]},
			"faces": {
				"north": {"uv": [4, 13, 4.999, 13.999], "texture": "#3"},
				"east": {"uv": [8, 7, 9.998, 8.998], "texture": "#3"},
				"south": {"uv": [3, 12, 3.999, 12.999], "texture": "#3"},
				"west": {"uv": [8, 7, 9.995, 8.995], "rotation": 270, "texture": "#3"},
				"up": {"uv": [3, 12, 3.999, 12.999], "texture": "#3"},
				"down": {"uv": [4, 13, 4.999, 13.999], "texture": "#3"}
			}
		},
		{
			"from": [9.75192, 14.10163, 5.5],
			"to": [10.75192, 16.10163, 7.5],
			"rotation": {"angle": 45, "axis": "x", "origin": [7.75192, 13.60163, 8]},
			"faces": {
				"north": {"uv": [4, 13, 4.999, 13.999], "texture": "#3"},
				"east": {"uv": [8.999, 6, 10.997, 7.997], "texture": "#3"},
				"south": {"uv": [3, 12, 3.999, 12.999], "texture": "#3"},
				"west": {"uv": [8.999, 6, 10.997, 7.997], "rotation": 270, "texture": "#3"},
				"up": {"uv": [3, 12, 3.999, 12.999], "texture": "#3"},
				"down": {"uv": [4, 13, 4.999, 13.999], "texture": "#3"}
			}
		},
		{
			"from": [9.75192, 15.10163, 2.5],
			"to": [10.75192, 19.10163, 6.5],
			"rotation": {"angle": 45, "axis": "x", "origin": [7.75192, 13.60163, 8]},
			"faces": {
				"north": {"uv": [13, 3, 14, 7], "texture": "#3"},
				"east": {"uv": [9.999, 3, 13.999, 7], "texture": "#3"},
				"south": {"uv": [9.999, 3, 10.999, 7], "texture": "#3"},
				"west": {"uv": [9.999, 3, 13.999, 7], "rotation": 270, "texture": "#3"},
				"up": {"uv": [9.999, 3, 13.999, 3.999], "rotation": 270, "texture": "#3"},
				"down": {"uv": [9.999, 6, 13.999, 6.999], "rotation": 90, "texture": "#3"}
			}
		},
		{
			"from": [9.75192, 10.10163, 2.5],
			"to": [10.75192, 11.10163, 3.5],
			"rotation": {"angle": 45, "axis": "x", "origin": [7.75192, 13.60163, 8]},
			"faces": {
				"north": {"uv": [13, 11, 14, 12], "texture": "#3"},
				"east": {"uv": [13, 11, 14, 12], "texture": "#3"},
				"south": {"uv": [13, 11, 14, 12], "texture": "#3"},
				"west": {"uv": [13, 11, 14, 12], "texture": "#3"},
				"down": {"uv": [13, 11, 14, 12], "texture": "#3"}
			}
		},
		{
			"from": [9.75192, 11.10163, 1.5],
			"to": [10.75192, 16.10163, 4.5],
			"rotation": {"angle": 45, "axis": "x", "origin": [7.75192, 13.60163, 8]},
			"faces": {
				"north": {"uv": [13.999, 6, 14.999, 10.998], "texture": "#3"},
				"east": {"uv": [12, 6, 15, 10.999], "texture": "#3"},
				"south": {"uv": [13.999, 6, 14.999, 10.998], "texture": "#3"},
				"west": {"uv": [15, 6, 12, 10.999], "texture": "#3"},
				"up": {"uv": [14, 6, 14.999, 6.998], "texture": "#3"},
				"down": {"uv": [14, 9.998, 14.999, 10.998], "texture": "#3"}
			}
		},
		{
			"from": [9.75192, 17.10163, 5.5],
			"to": [10.75192, 20.10163, 10.5],
			"rotation": {"angle": 45, "axis": "x", "origin": [7.75192, 13.60163, 8]},
			"faces": {
				"north": {"uv": [9.998, 2, 10.998, 5], "texture": "#3"},
				"east": {"uv": [6, 2, 10.999, 5], "texture": "#3"},
				"south": {"uv": [6, 2, 6.998, 5], "texture": "#3"},
				"west": {"uv": [10.999, 2, 6, 5], "texture": "#3"},
				"up": {"uv": [6, 2, 10.998, 2.999], "texture": "#3"},
				"down": {"uv": [6, 4, 10.998, 5], "rotation": 90, "texture": "#3"}
			}
		},
		{
			"from": [9.75192, 18.10163, 10.5],
			"to": [10.75192, 19.10163, 11.5],
			"rotation": {"angle": 45, "axis": "x", "origin": [7.75192, 13.60163, 8]},
			"faces": {
				"north": {"uv": [13, 11, 14, 12], "texture": "#3"},
				"east": {"uv": [13, 11, 14, 12], "texture": "#3"},
				"south": {"uv": [13, 11, 14, 12], "texture": "#3"},
				"west": {"uv": [13, 11, 14, 12], "texture": "#3"},
				"up": {"uv": [13, 11, 14, 12], "texture": "#3"},
				"down": {"uv": [13, 11, 14, 12], "texture": "#3"}
			}
		},
		{
			"from": [4.75192, 9.10163, 10.5],
			"to": [5.75192, 11.10163, 12.5],
			"rotation": {"angle": 45, "axis": "x", "origin": [7.75192, 13.60163, 8]},
			"faces": {
				"north": {"uv": [4, 13, 4.999, 13.999], "texture": "#3"},
				"east": {"uv": [4, 10.999, 6, 12.999], "texture": "#3"},
				"south": {"uv": [3, 12, 3.999, 12.999], "texture": "#3"},
				"west": {"uv": [4, 10.999, 5.998, 12.996], "rotation": 270, "texture": "#3"},
				"up": {"uv": [3, 12, 3.999, 12.999], "texture": "#3"},
				"down": {"uv": [4, 13, 4.999, 13.999], "texture": "#3"}
			}
		},
		{
			"from": [4.75192, 10.10163, 9.5],
			"to": [5.75192, 12.10163, 11.5],
			"rotation": {"angle": 45, "axis": "x", "origin": [7.75192, 13.60163, 8]},
			"faces": {
				"north": {"uv": [4, 13, 4.999, 13.999], "texture": "#3"},
				"east": {"uv": [5, 9.999, 7, 11.999], "texture": "#3"},
				"south": {"uv": [3, 12, 3.999, 12.999], "texture": "#3"},
				"west": {"uv": [5, 9.999, 6.998, 11.996], "rotation": 270, "texture": "#3"},
				"up": {"uv": [3, 12, 3.999, 12.999], "texture": "#3"},
				"down": {"uv": [4, 13, 4.999, 13.999], "texture": "#3"}
			}
		},
		{
			"from": [4.75192, 11.10163, 8.5],
			"to": [5.75192, 13.10163, 10.5],
			"rotation": {"angle": 45, "axis": "x", "origin": [7.75192, 13.60163, 8]},
			"faces": {
				"north": {"uv": [4, 13, 4.999, 13.999], "texture": "#3"},
				"east": {"uv": [6, 8.999, 8, 10.999], "texture": "#3"},
				"south": {"uv": [3, 12, 3.999, 12.999], "texture": "#3"},
				"west": {"uv": [6, 8.999, 7.997, 10.996], "rotation": 270, "texture": "#3"},
				"up": {"uv": [3, 12, 3.999, 12.999], "texture": "#3"},
				"down": {"uv": [4, 13, 4.999, 13.999], "texture": "#3"}
			}
		},
		{
			"from": [4.75192, 12.10163, 7.5],
			"to": [5.75192, 14.10163, 9.5],
			"rotation": {"angle": 45, "axis": "x", "origin": [7.75192, 13.60163, 8]},
			"faces": {
				"north": {"uv": [4, 13, 4.999, 13.999], "texture": "#3"},
				"east": {"uv": [7, 8, 8.999, 9.999], "texture": "#3"},
				"south": {"uv": [3, 12, 3.999, 12.999], "texture": "#3"},
				"west": {"uv": [7, 8, 8.996, 9.996], "rotation": 270, "texture": "#3"},
				"up": {"uv": [3, 12, 3.999, 12.999], "texture": "#3"},
				"down": {"uv": [4, 13, 4.999, 13.999], "texture": "#3"}
			}
		},
		{
			"from": [4.75192, 13.10163, 6.5],
			"to": [5.75192, 15.10163, 8.5],
			"rotation": {"angle": 45, "axis": "x", "origin": [7.75192, 13.60163, 8]},
			"faces": {
				"north": {"uv": [4, 13, 4.999, 13.999], "texture": "#3"},
				"east": {"uv": [8, 7, 9.998, 8.998], "texture": "#3"},
				"south": {"uv": [3, 12, 3.999, 12.999], "texture": "#3"},
				"west": {"uv": [8, 7, 9.995, 8.995], "rotation": 270, "texture": "#3"},
				"up": {"uv": [3, 12, 3.999, 12.999], "texture": "#3"},
				"down": {"uv": [4, 13, 4.999, 13.999], "texture": "#3"}
			}
		},
		{
			"from": [4.75192, 14.10163, 5.5],
			"to": [5.75192, 16.10163, 7.5],
			"rotation": {"angle": 45, "axis": "x", "origin": [7.75192, 13.60163, 8]},
			"faces": {
				"north": {"uv": [4, 13, 4.999, 13.999], "texture": "#3"},
				"east": {"uv": [8.999, 6, 10.997, 7.997], "texture": "#3"},
				"south": {"uv": [3, 12, 3.999, 12.999], "texture": "#3"},
				"west": {"uv": [8.999, 6, 10.997, 7.997], "rotation": 270, "texture": "#3"},
				"up": {"uv": [3, 12, 3.999, 12.999], "texture": "#3"},
				"down": {"uv": [4, 13, 4.999, 13.999], "texture": "#3"}
			}
		},
		{
			"from": [4.75192, 15.10163, 2.5],
			"to": [5.75192, 19.10163, 6.5],
			"rotation": {"angle": 45, "axis": "x", "origin": [7.75192, 13.60163, 8]},
			"faces": {
				"north": {"uv": [13, 3, 14, 7], "texture": "#3"},
				"east": {"uv": [9.999, 3, 13.999, 7], "texture": "#3"},
				"south": {"uv": [9.999, 3, 10.999, 7], "texture": "#3"},
				"west": {"uv": [9.999, 3, 13.999, 7], "rotation": 270, "texture": "#3"},
				"up": {"uv": [9.999, 3, 13.999, 3.999], "rotation": 270, "texture": "#3"},
				"down": {"uv": [9.999, 6, 13.999, 6.999], "rotation": 90, "texture": "#3"}
			}
		},
		{
			"from": [4.75192, 10.10163, 2.5],
			"to": [5.75192, 11.10163, 3.5],
			"rotation": {"angle": 45, "axis": "x", "origin": [7.75192, 13.60163, 8]},
			"faces": {
				"north": {"uv": [13, 11, 14, 12], "texture": "#3"},
				"east": {"uv": [13, 11, 14, 12], "texture": "#3"},
				"south": {"uv": [13, 11, 14, 12], "texture": "#3"},
				"west": {"uv": [13, 11, 14, 12], "texture": "#3"},
				"down": {"uv": [13, 11, 14, 12], "texture": "#3"}
			}
		},
		{
			"from": [4.75192, 11.10163, 1.5],
			"to": [5.75192, 16.10163, 4.5],
			"rotation": {"angle": 45, "axis": "x", "origin": [7.75192, 13.60163, 8]},
			"faces": {
				"north": {"uv": [13.999, 6, 14.999, 10.998], "texture": "#3"},
				"east": {"uv": [12, 6, 15, 10.999], "texture": "#3"},
				"south": {"uv": [13.999, 6, 14.999, 10.998], "texture": "#3"},
				"west": {"uv": [15, 6, 12, 10.999], "texture": "#3"},
				"up": {"uv": [14, 6, 14.999, 6.998], "texture": "#3"},
				"down": {"uv": [14, 9.998, 14.999, 10.998], "texture": "#3"}
			}
		},
		{
			"from": [4.75192, 17.10163, 5.5],
			"to": [5.75192, 20.10163, 10.5],
			"rotation": {"angle": 45, "axis": "x", "origin": [7.75192, 13.60163, 8]},
			"faces": {
				"north": {"uv": [9.998, 2, 10.998, 5], "texture": "#3"},
				"east": {"uv": [6, 2, 10.999, 5], "texture": "#3"},
				"south": {"uv": [6, 2, 6.998, 5], "texture": "#3"},
				"west": {"uv": [10.999, 2, 6, 5], "texture": "#3"},
				"up": {"uv": [6, 2, 10.998, 2.999], "texture": "#3"},
				"down": {"uv": [6, 4, 10.998, 5], "rotation": 90, "texture": "#3"}
			}
		},
		{
			"from": [4.75192, 18.10163, 10.5],
			"to": [5.75192, 19.10163, 11.5],
			"rotation": {"angle": 45, "axis": "x", "origin": [7.75192, 13.60163, 8]},
			"faces": {
				"north": {"uv": [13, 11, 14, 12], "texture": "#3"},
				"east": {"uv": [13, 11, 14, 12], "texture": "#3"},
				"south": {"uv": [13, 11, 14, 12], "texture": "#3"},
				"west": {"uv": [13, 11, 14, 12], "texture": "#3"},
				"up": {"uv": [13, 11, 14, 12], "texture": "#3"},
				"down": {"uv": [13, 11, 14, 12], "texture": "#3"}
			}
		}
	],
	"gui_light": "front",
	"display": {
		"thirdperson_righthand": {
			"rotation": [75, 45, 0],
			"translation": [0, 2.5, 0],
			"scale": [0.375, 0.375, 0.375]
		},
		"firstperson_righthand": {
			"rotation": [0, 45, 0],
			"scale": [0.4, 0.4, 0.4]
		},
		"firstperson_lefthand": {
			"rotation": [0, 225, 0],
			"scale": [0.4, 0.4, 0.4]
		},
		"ground": {
			"scale": [0.5, 0.5, 0.5]
		},
		"gui": {
			"rotation": [30, 225, 0],
			"translation": [0, -1.75, 0]
		},
		"head": {
			"translation": [0, 7.75, 0],
			"scale": [1.81, 1.81, 1.81]
		},
		"fixed": {
			"translation": [0, -3, 0],
			"scale": [1.17, 1.17, 1.17]
		}
	},
	"groups": [
		0,
		{
			"name": "pickaxe",
			"origin": [8, 8, 8],
			"color": 0,
			"nbt": "{}",
			"armAnimationEnabled": false,
			"children": [
				{
					"name": "pick",
					"origin": [8, 8, 8],
					"color": 0,
					"nbt": "{}",
					"armAnimationEnabled": false,
					"children": [1, 2, 3, 4, 5, 6, 7, 8, 9, 10, 11, 12, 13, 14, 15, 16, 17, 18, 19, 20, 21, 22]
				}
			]
		}
	]
}