{
	"credit": "Made with Blockbench",
	"textures": {
		"0": "wands/light_gray_stained_glass",
		"1": "wands/light_gray_concrete_powder",
		"2": "wands/white_concrete_powder",
		"3": "wands/powder_snow",
		"4": "wands/white_concrete",
		"particle": "wands/light_gray_stained_glass"
	},
	"elements": [
		{
			"from": [7, 0, 7],
			"to": [9, 16, 9],
			"faces": {
				"north": {"uv": [0, 0, 2, 16], "texture": "#1"},
				"east": {"uv": [0, 0, 2, 16], "texture": "#1"},
				"south": {"uv": [0, 0, 2, 16], "texture": "#1"},
				"west": {"uv": [0, 0, 2, 16], "texture": "#1"},
				"up": {"uv": [0, 0, 2, 2], "texture": "#1"},
				"down": {"uv": [0, 0, 2, 2], "texture": "#1"}
			}
		},
		{
			"from": [6.975, -4, 7],
			"to": [8.975, 0, 7.95],
			"rotation": {"angle": -22.5, "axis": "x", "origin": [8, -2.5, 6.5]},
			"faces": {
				"north": {"uv": [0, 0, 2, 4], "texture": "#2"},
				"east": {"uv": [0, 0, 0.95, 4], "texture": "#2"},
				"south": {"uv": [0, 0, 2, 4], "texture": "#2"},
				"west": {"uv": [0, 0, 0.95, 4], "texture": "#2"},
				"up": {"uv": [0, 0, 2, 0.95], "texture": "#2"},
				"down": {"uv": [0, 0, 2, 0.95], "texture": "#2"}
			}
		},
		{
			"from": [7, -4, 8],
			"to": [9, 0, 9],
			"rotation": {"angle": 22.5, "axis": "x", "origin": [8, -2.5, 9.5]},
			"faces": {
				"north": {"uv": [2, 0, 0, 4], "texture": "#2"},
				"east": {"uv": [1, 0, 0, 4], "texture": "#2"},
				"south": {"uv": [2, 0, 0, 4], "texture": "#2"},
				"west": {"uv": [1, 0, 0, 4], "texture": "#2"},
				"up": {"uv": [0, 1, 2, 0], "texture": "#2"},
				"down": {"uv": [0, 1, 2, 0], "texture": "#2"}
			}
		},
		{
			"from": [6.79096, -3.36168, 7],
			"to": [7.79096, 0.63832, 9],
			"rotation": {"angle": 22.5, "axis": "z", "origin": [8, -1.65538, 8]},
			"faces": {
				"north": {"uv": [1, 0, 2, 4], "texture": "#2"},
				"east": {"uv": [2, 0, 4, 4], "texture": "#2"},
				"south": {"uv": [1, 0, 2, 4], "texture": "#2"},
				"west": {"uv": [2, 0, 4, 4], "texture": "#2"},
				"up": {"uv": [0, 1, 2, 2], "rotation": 90, "texture": "#2"},
				"down": {"uv": [0, 1, 2, 2], "rotation": 270, "texture": "#2"}
			}
		},
		{
			"from": [8.20904, -3.36168, 7.025],
			"to": [9.20904, 0.63832, 8.975],
			"rotation": {"angle": -22.5, "axis": "z", "origin": [8, -1.65538, 8]},
			"faces": {
				"north": {"uv": [0, 0, 1, 4], "texture": "#2"},
				"east": {"uv": [0, 0, 1.95, 4], "texture": "#2"},
				"south": {"uv": [0, 0, 1, 4], "texture": "#2"},
				"west": {"uv": [0, 0, 1.95, 4], "texture": "#2"},
				"up": {"uv": [0, 0, 1.95, 1], "rotation": 90, "texture": "#2"},
				"down": {"uv": [0, 0, 1.95, 1], "rotation": 270, "texture": "#2"}
			}
		},
		{
			"from": [8.20904, 11.63832, 7.025],
			"to": [9.20904, 17.63832, 8.975],
			"rotation": {"angle": -22.5, "axis": "z", "origin": [8, 13.34462, 8]},
			"faces": {
				"north": {"uv": [0, 0, 1, 6], "texture": "#2"},
				"east": {"uv": [0, 0, 1.95, 6], "texture": "#2"},
				"south": {"uv": [0, 0, 1, 6], "texture": "#2"},
				"west": {"uv": [0, 0, 1.95, 6], "texture": "#2"},
				"up": {"uv": [0, 0, 1.95, 1], "rotation": 90, "texture": "#2"},
				"down": {"uv": [0, 0, 1.95, 1], "rotation": 270, "texture": "#2"}
			}
		},
		{
			"from": [7.025, 11, 8],
			"to": [8.975, 17, 9],
			"rotation": {"angle": 22.5, "axis": "x", "origin": [8, 12.5, 9.5]},
			"faces": {
				"north": {"uv": [2, 0, 3.95, 6], "texture": "#2"},
				"east": {"uv": [1, 0, 2, 6], "texture": "#2"},
				"south": {"uv": [2, 0, 3.95, 6], "texture": "#2"},
				"west": {"uv": [1, 0, 2, 6], "texture": "#2"},
				"up": {"uv": [0, 1, 1.95, 2], "texture": "#2"},
				"down": {"uv": [0, 1, 1.95, 2], "texture": "#2"}
			}
		},
		{
			"from": [6.79096, 11.63832, 7.025],
			"to": [7.79096, 17.63832, 8.975],
			"rotation": {"angle": 22.5, "axis": "z", "origin": [8, 13.34462, 8]},
			"faces": {
				"north": {"uv": [1, 0, 2, 6], "texture": "#2"},
				"east": {"uv": [2, 0, 3.95, 6], "texture": "#2"},
				"south": {"uv": [1, 0, 2, 6], "texture": "#2"},
				"west": {"uv": [2, 0, 3.95, 6], "texture": "#2"},
				"up": {"uv": [0, 1, 1.95, 2], "rotation": 90, "texture": "#2"},
				"down": {"uv": [0, 1, 1.95, 2], "rotation": 270, "texture": "#2"}
			}
		},
		{
			"from": [7.025, 11, 7],
			"to": [8.975, 17, 7.95],
			"rotation": {"angle": -22.5, "axis": "x", "origin": [8, 12.5, 6.5]},
			"faces": {
				"north": {"uv": [0, 0, 1.95, 6], "texture": "#2"},
				"east": {"uv": [0, 0, 0.95, 6], "texture": "#2"},
				"south": {"uv": [0, 0, 1.95, 6], "texture": "#2"},
				"west": {"uv": [0, 0, 0.95, 6], "texture": "#2"},
				"up": {"uv": [0, 0, 1.95, 0.95], "texture": "#2"},
				"down": {"uv": [0, 0, 1.95, 0.95], "texture": "#2"}
			}
		},
		{
			"from": [4, 15, 4],
			"to": [12, 23, 12],
			"faces": {
				"north": {"uv": [0, 0, 16, 16], "texture": "#0"},
				"east": {"uv": [0, 0, 16, 16], "texture": "#0"},
				"south": {"uv": [0, 0, 16, 16], "texture": "#0"},
				"west": {"uv": [0, 0, 16, 16], "texture": "#0"},
				"up": {"uv": [0, 0, 16, 16], "texture": "#0"},
				"down": {"uv": [0, 0, 16, 16], "texture": "#0"}
			}
		},
		{
			"from": [5, 16, 5],
			"to": [11, 22, 11],
			"faces": {
				"north": {"uv": [0, 0, 6, 6], "texture": "#3"},
				"east": {"uv": [0, 0, 6, 6], "texture": "#3"},
				"south": {"uv": [0, 0, 6, 6], "texture": "#3"},
				"west": {"uv": [0, 0, 6, 6], "texture": "#3"},
				"up": {"uv": [0, 0, 6, 6], "texture": "#3"},
				"down": {"uv": [0, 0, 6, 6], "texture": "#3"}
			}
		},
		{
			"from": [10, 13, 0],
			"to": [12, 25, 2],
			"faces": {
				"north": {"uv": [0, 0, 2, 12], "texture": "#4"},
				"east": {"uv": [0, 0, 2, 12], "texture": "#4"},
				"south": {"uv": [0, 0, 2, 12], "texture": "#4"},
				"west": {"uv": [0, 0, 2, 12], "texture": "#4"},
				"up": {"uv": [0, 0, 2, 2], "texture": "#4"},
				"down": {"uv": [0, 0, 2, 2], "texture": "#4"}
			}
		},
		{
			"from": [4, 13, 0],
			"to": [6, 25, 2],
			"rotation": {"angle": 0, "axis": "y", "origin": [16, 0, 0]},
			"faces": {
				"north": {"uv": [2, 0, 0, 12], "texture": "#4"},
				"east": {"uv": [2, 0, 0, 12], "texture": "#4"},
				"south": {"uv": [2, 0, 0, 12], "texture": "#4"},
				"west": {"uv": [2, 0, 0, 12], "texture": "#4"},
				"up": {"uv": [2, 0, 0, 2], "texture": "#4"},
				"down": {"uv": [2, 0, 0, 2], "texture": "#4"}
			}
		},
		{
			"from": [4, 13, 14],
			"to": [6, 25, 16],
			"rotation": {"angle": 0, "axis": "y", "origin": [16, 0, 16]},
			"faces": {
				"north": {"uv": [0, 0, 2, 12], "texture": "#4"},
				"east": {"uv": [0, 0, 2, 12], "texture": "#4"},
				"south": {"uv": [0, 0, 2, 12], "texture": "#4"},
				"west": {"uv": [0, 0, 2, 12], "texture": "#4"},
				"up": {"uv": [2, 2, 0, 0], "texture": "#4"},
				"down": {"uv": [2, 2, 0, 0], "texture": "#4"}
			}
		},
		{
			"from": [10, 13, 14],
			"to": [12, 25, 16],
			"rotation": {"angle": 0, "axis": "y", "origin": [0, 0, 16]},
			"faces": {
				"north": {"uv": [2, 0, 0, 12], "texture": "#4"},
				"east": {"uv": [2, 0, 0, 12], "texture": "#4"},
				"south": {"uv": [2, 0, 0, 12], "texture": "#4"},
				"west": {"uv": [2, 0, 0, 12], "texture": "#4"},
				"up": {"uv": [0, 2, 2, 0], "texture": "#4"},
				"down": {"uv": [0, 2, 2, 0], "texture": "#4"}
			}
		},
		{
			"from": [0, 13, 4],
			"to": [2, 25, 6],
			"rotation": {"angle": 0, "axis": "y", "origin": [8, 19, 8]},
			"faces": {
				"north": {"uv": [0, 0, 2, 12], "texture": "#4"},
				"east": {"uv": [0, 0, 2, 12], "texture": "#4"},
				"south": {"uv": [0, 0, 2, 12], "texture": "#4"},
				"west": {"uv": [0, 0, 2, 12], "texture": "#4"},
				"up": {"uv": [2, 2, 4, 4], "rotation": 90, "texture": "#4"},
				"down": {"uv": [2, 2, 4, 4], "rotation": 270, "texture": "#4"}
			}
		},
		{
			"from": [0, 13, 10],
			"to": [2, 25, 12],
			"rotation": {"angle": 0, "axis": "y", "origin": [8, 19, 8]},
			"faces": {
				"north": {"uv": [2, 0, 4, 12], "texture": "#4"},
				"east": {"uv": [2, 0, 4, 12], "texture": "#4"},
				"south": {"uv": [2, 0, 4, 12], "texture": "#4"},
				"west": {"uv": [2, 0, 4, 12], "texture": "#4"},
				"up": {"uv": [0, 2, 2, 4], "rotation": 90, "texture": "#4"},
				"down": {"uv": [0, 2, 2, 4], "rotation": 270, "texture": "#4"}
			}
		},
		{
			"from": [14, 13, 10],
			"to": [16, 25, 12],
			"rotation": {"angle": 0, "axis": "y", "origin": [8, 19, 8]},
			"faces": {
				"north": {"uv": [0, 0, 2, 12], "texture": "#4"},
				"east": {"uv": [0, 0, 2, 12], "texture": "#4"},
				"south": {"uv": [0, 0, 2, 12], "texture": "#4"},
				"west": {"uv": [0, 0, 2, 12], "texture": "#4"},
				"up": {"uv": [0, 0, 2, 2], "rotation": 90, "texture": "#4"},
				"down": {"uv": [0, 0, 2, 2], "rotation": 270, "texture": "#4"}
			}
		},
		{
			"from": [14, 13, 4],
			"to": [16, 25, 6],
			"rotation": {"angle": 0, "axis": "y", "origin": [8, 19, 8]},
			"faces": {
				"north": {"uv": [2, 0, 4, 12], "texture": "#4"},
				"east": {"uv": [2, 0, 4, 12], "texture": "#4"},
				"south": {"uv": [2, 0, 4, 12], "texture": "#4"},
				"west": {"uv": [2, 0, 4, 12], "texture": "#4"},
				"up": {"uv": [2, 0, 4, 2], "rotation": 90, "texture": "#4"},
				"down": {"uv": [2, 0, 4, 2], "rotation": 270, "texture": "#4"}
			}
		}
	],
	"gui_light": "front",
	"display": {
		"thirdperson_righthand": {
			"translation": [0, 1.5, 0]
		},
		"firstperson_righthand": {
			"rotation": [-30, 11, 0],
			"translation": [-1, 4.75, 2.25],
			"scale": [0.6, 0.6, 0.6]
		},
		"firstperson_lefthand": {
			"rotation": [-30, 11, 0],
			"translation": [-1, 4.75, 2.25],
			"scale": [0.6, 0.6, 0.6]
		},
		"ground": {
			"translation": [0, 5.25, 0],
			"scale": [0.7, 0.7, 0.7]
		},
		"gui": {
			"rotation": [0, 2, -45],
			"translation": [-1.25, -1.5, 0],
			"scale": [0.7, 0.7, 0.7]
		},
		"fixed": {
			"rotation": [0, 0, 45],
			"translation": [2, -2, -1]
		}
	}
}