{
	"credit": "Made with Blockbench",
	"textures": {
		"0": "wands/water_still",
		"1": "wands/light_blue_concrete",
		"2": "wands/blue_concrete_powder",
		"3": "wands/cyan_concrete_powder",
		"particle": "wands/water_still"
	},
	"elements": [
		{
			"from": [7, 0, 7],
			"to": [9, 16, 9],
			"faces": {
				"north": {"uv": [0, 0, 2, 16], "texture": "#2"},
				"east": {"uv": [0, 0, 2, 16], "texture": "#2"},
				"south": {"uv": [0, 0, 2, 16], "texture": "#2"},
				"west": {"uv": [0, 0, 2, 16], "texture": "#2"},
				"up": {"uv": [0, 0, 2, 2], "texture": "#2"},
				"down": {"uv": [0, 0, 2, 2], "texture": "#2"}
			}
		},
		{
			"from": [6, -4, 6],
			"to": [10, 0, 10],
			"faces": {
				"north": {"uv": [0, 0, 4, 4], "texture": "#1"},
				"east": {"uv": [0, 0, 4, 4], "texture": "#1"},
				"south": {"uv": [0, 0, 4, 4], "texture": "#1"},
				"west": {"uv": [0, 0, 4, 4], "texture": "#1"},
				"up": {"uv": [0, 0, 4, 4], "texture": "#1"},
				"down": {"uv": [0, 0, 4, 4], "texture": "#1"}
			}
		},
		{
			"from": [5.5, 19, 5.5],
			"to": [10.5, 24, 10.5],
			"faces": {
				"north": {"uv": [0, 0, 5, 5], "texture": "#3"},
				"east": {"uv": [0, 0, 5, 5], "texture": "#3"},
				"south": {"uv": [0, 0, 5, 5], "texture": "#3"},
				"west": {"uv": [0, 0, 5, 5], "texture": "#3"},
				"up": {"uv": [0, 0, 5, 5], "texture": "#3"},
				"down": {"uv": [0, 0, 5, 5], "texture": "#3"}
			}
		},
		{
			"from": [6, 16.5, 5],
			"to": [10, 17.5, 6],
			"rotation": {"angle": 0, "axis": "y", "origin": [0, 0, 16]},
			"faces": {
				"north": {"uv": [4, 0, 8, 1], "texture": "#0"},
				"east": {"uv": [1, 0, 2, 1], "texture": "#0"},
				"south": {"uv": [4, 0, 8, 1], "texture": "#0"},
				"west": {"uv": [1, 0, 2, 1], "texture": "#0"},
				"up": {"uv": [0, 1, 4, 2], "texture": "#0"},
				"down": {"uv": [0, 1, 4, 2], "texture": "#0"}
			}
		},
		{
			"from": [10, 16.5, 6],
			"to": [11, 17.5, 10],
			"rotation": {"angle": 0, "axis": "y", "origin": [8, 19.375, 8]},
			"faces": {
				"north": {"uv": [1, 0, 2, 1], "texture": "#0"},
				"east": {"uv": [4, 0, 8, 1], "texture": "#0"},
				"south": {"uv": [1, 0, 2, 1], "texture": "#0"},
				"west": {"uv": [4, 0, 8, 1], "texture": "#0"},
				"up": {"uv": [0, 1, 4, 2], "rotation": 90, "texture": "#0"},
				"down": {"uv": [0, 1, 4, 2], "rotation": 270, "texture": "#0"}
			}
		},
		{
			"from": [6, 16, 6],
			"to": [10, 17, 10],
			"faces": {
				"north": {"uv": [0, 0, 4, 1], "texture": "#0"},
				"east": {"uv": [0, 0, 4, 1], "texture": "#0"},
				"south": {"uv": [0, 0, 4, 1], "texture": "#0"},
				"west": {"uv": [0, 0, 4, 1], "texture": "#0"},
				"up": {"uv": [0, 0, 4, 4], "texture": "#0"},
				"down": {"uv": [0, 0, 4, 4], "texture": "#0"}
			}
		},
		{
			"from": [5, 16.5, 6],
			"to": [6, 17.5, 10],
			"rotation": {"angle": 0, "axis": "y", "origin": [8, 19.375, 8]},
			"faces": {
				"north": {"uv": [0, 0, 1, 1], "texture": "#0"},
				"east": {"uv": [0, 0, 4, 1], "texture": "#0"},
				"south": {"uv": [0, 0, 1, 1], "texture": "#0"},
				"west": {"uv": [0, 0, 4, 1], "texture": "#0"},
				"up": {"uv": [0, 0, 4, 1], "rotation": 90, "texture": "#0"},
				"down": {"uv": [0, 0, 4, 1], "rotation": 270, "texture": "#0"}
			}
		},
		{
			"from": [6, 16.5, 10],
			"to": [10, 17.5, 11],
			"faces": {
				"north": {"uv": [0, 0, 4, 1], "texture": "#0"},
				"east": {"uv": [0, 0, 1, 1], "texture": "#0"},
				"south": {"uv": [0, 0, 4, 1], "texture": "#0"},
				"west": {"uv": [0, 0, 1, 1], "texture": "#0"},
				"up": {"uv": [0, 0, 4, 1], "texture": "#0"},
				"down": {"uv": [0, 0, 4, 1], "texture": "#0"}
			}
		},
		{
			"from": [10, 17.5, 10],
			"to": [11, 18.5, 11],
			"rotation": {"angle": 0, "axis": "y", "origin": [8, 19.375, 8]},
			"faces": {
				"north": {"uv": [0, 0, 1, 1], "texture": "#0"},
				"east": {"uv": [0, 0, 1, 1], "texture": "#0"},
				"south": {"uv": [0, 0, 1, 1], "texture": "#0"},
				"west": {"uv": [0, 0, 1, 1], "texture": "#0"},
				"up": {"uv": [0, 0, 1, 1], "rotation": 90, "texture": "#0"},
				"down": {"uv": [0, 0, 1, 1], "rotation": 270, "texture": "#0"}
			}
		},
		{
			"from": [5, 17.5, 10],
			"to": [6, 18.5, 11],
			"rotation": {"angle": 0, "axis": "y", "origin": [8, 19.375, 8]},
			"faces": {
				"north": {"uv": [0, 0, 1, 1], "texture": "#0"},
				"east": {"uv": [0, 0, 1, 1], "texture": "#0"},
				"south": {"uv": [0, 0, 1, 1], "texture": "#0"},
				"west": {"uv": [0, 0, 1, 1], "texture": "#0"},
				"up": {"uv": [0, 0, 1, 1], "rotation": 90, "texture": "#0"},
				"down": {"uv": [0, 0, 1, 1], "rotation": 270, "texture": "#0"}
			}
		},
		{
			"from": [5, 17.5, 5],
			"to": [6, 18.5, 6],
			"rotation": {"angle": 0, "axis": "y", "origin": [8, 19.375, 8]},
			"faces": {
				"north": {"uv": [0, 0, 1, 1], "texture": "#0"},
				"east": {"uv": [0, 0, 1, 1], "texture": "#0"},
				"south": {"uv": [0, 0, 1, 1], "texture": "#0"},
				"west": {"uv": [0, 0, 1, 1], "texture": "#0"},
				"up": {"uv": [0, 0, 1, 1], "rotation": 90, "texture": "#0"},
				"down": {"uv": [0, 0, 1, 1], "rotation": 270, "texture": "#0"}
			}
		},
		{
			"from": [10, 17.5, 5],
			"to": [11, 18.5, 6],
			"rotation": {"angle": 0, "axis": "y", "origin": [8, 19.375, 8]},
			"faces": {
				"north": {"uv": [0, 0, 1, 1], "texture": "#0"},
				"east": {"uv": [0, 0, 1, 1], "texture": "#0"},
				"south": {"uv": [0, 0, 1, 1], "texture": "#0"},
				"west": {"uv": [0, 0, 1, 1], "texture": "#0"},
				"up": {"uv": [0, 0, 1, 1], "rotation": 90, "texture": "#0"},
				"down": {"uv": [0, 0, 1, 1], "rotation": 270, "texture": "#0"}
			}
		},
		{
			"from": [5, 17.5, 4],
			"to": [11, 18.5, 5],
			"rotation": {"angle": 0, "axis": "y", "origin": [0, 0, 16]},
			"faces": {
				"north": {"uv": [6, 0, 12, 1], "texture": "#0"},
				"east": {"uv": [1, 0, 2, 1], "texture": "#0"},
				"south": {"uv": [6, 0, 12, 1], "texture": "#0"},
				"west": {"uv": [1, 0, 2, 1], "texture": "#0"},
				"up": {"uv": [0, 1, 6, 2], "texture": "#0"},
				"down": {"uv": [0, 1, 6, 2], "texture": "#0"}
			}
		},
		{
			"from": [4, 17.5, 5],
			"to": [5, 18.5, 11],
			"rotation": {"angle": 0, "axis": "y", "origin": [8, 19.375, 8]},
			"faces": {
				"north": {"uv": [0, 0, 1, 1], "texture": "#0"},
				"east": {"uv": [0, 0, 6, 1], "texture": "#0"},
				"south": {"uv": [0, 0, 1, 1], "texture": "#0"},
				"west": {"uv": [0, 0, 6, 1], "texture": "#0"},
				"up": {"uv": [0, 0, 6, 1], "rotation": 90, "texture": "#0"},
				"down": {"uv": [0, 0, 6, 1], "rotation": 270, "texture": "#0"}
			}
		},
		{
			"from": [4, 18.5, 11],
			"to": [5, 24.5, 12],
			"rotation": {"angle": 0, "axis": "y", "origin": [0, 0, 16]},
			"faces": {
				"north": {"uv": [6, 0, 7, 6], "texture": "#0"},
				"east": {"uv": [1, 0, 2, 6], "texture": "#0"},
				"south": {"uv": [6, 0, 7, 6], "texture": "#0"},
				"west": {"uv": [1, 0, 2, 6], "texture": "#0"},
				"up": {"uv": [0, 1, 1, 2], "texture": "#0"},
				"down": {"uv": [0, 1, 1, 2], "texture": "#0"}
			}
		},
		{
			"from": [4, 24.5, 5],
			"to": [5, 25.5, 11],
			"rotation": {"angle": 0, "axis": "y", "origin": [8, -3.375, 8]},
			"faces": {
				"north": {"uv": [0, 1, 1, 2], "texture": "#0"},
				"east": {"uv": [0, 1, 6, 2], "texture": "#0"},
				"south": {"uv": [0, 1, 1, 2], "texture": "#0"},
				"west": {"uv": [0, 1, 6, 2], "texture": "#0"},
				"up": {"uv": [6, 0, 12, 1], "rotation": 270, "texture": "#0"},
				"down": {"uv": [6, 0, 12, 1], "rotation": 90, "texture": "#0"}
			}
		},
		{
			"from": [4, 18.5, 4],
			"to": [5, 24.5, 5],
			"rotation": {"angle": 0, "axis": "y", "origin": [0, 0, 16]},
			"faces": {
				"north": {"uv": [6, 0, 7, 6], "texture": "#0"},
				"east": {"uv": [1, 0, 2, 6], "texture": "#0"},
				"south": {"uv": [6, 0, 7, 6], "texture": "#0"},
				"west": {"uv": [1, 0, 2, 6], "texture": "#0"},
				"up": {"uv": [0, 1, 1, 2], "texture": "#0"},
				"down": {"uv": [0, 1, 1, 2], "texture": "#0"}
			}
		},
		{
			"from": [5, 24.5, 4],
			"to": [11, 25.5, 5],
			"rotation": {"angle": 0, "axis": "y", "origin": [0, 16, 16]},
			"faces": {
				"north": {"uv": [6, 1, 12, 2], "texture": "#0"},
				"east": {"uv": [1, 1, 2, 2], "texture": "#0"},
				"south": {"uv": [6, 1, 12, 2], "texture": "#0"},
				"west": {"uv": [1, 1, 2, 2], "texture": "#0"},
				"up": {"uv": [0, 0, 6, 1], "texture": "#0"},
				"down": {"uv": [0, 0, 6, 1], "texture": "#0"}
			}
		},
		{
			"from": [5, 24.5, 11],
			"to": [11, 25.5, 12],
			"rotation": {"angle": 0, "axis": "y", "origin": [0, 16, 0]},
			"faces": {
				"north": {"uv": [0, 1, 6, 2], "texture": "#0"},
				"east": {"uv": [0, 1, 1, 2], "texture": "#0"},
				"south": {"uv": [0, 1, 6, 2], "texture": "#0"},
				"west": {"uv": [0, 1, 1, 2], "texture": "#0"},
				"up": {"uv": [0, 1, 6, 2], "texture": "#0"},
				"down": {"uv": [0, 1, 6, 2], "texture": "#0"}
			}
		},
		{
			"from": [5, 17.5, 11],
			"to": [11, 18.5, 12],
			"faces": {
				"north": {"uv": [0, 0, 6, 1], "texture": "#0"},
				"east": {"uv": [0, 0, 1, 1], "texture": "#0"},
				"south": {"uv": [0, 0, 6, 1], "texture": "#0"},
				"west": {"uv": [0, 0, 1, 1], "texture": "#0"},
				"up": {"uv": [0, 0, 6, 1], "texture": "#0"},
				"down": {"uv": [0, 0, 6, 1], "texture": "#0"}
			}
		},
		{
			"from": [11, 17.5, 5],
			"to": [12, 18.5, 11],
			"rotation": {"angle": 0, "axis": "y", "origin": [8, 19.375, 8]},
			"faces": {
				"north": {"uv": [1, 0, 2, 1], "texture": "#0"},
				"east": {"uv": [6, 0, 12, 1], "texture": "#0"},
				"south": {"uv": [1, 0, 2, 1], "texture": "#0"},
				"west": {"uv": [6, 0, 12, 1], "texture": "#0"},
				"up": {"uv": [0, 1, 6, 2], "rotation": 90, "texture": "#0"},
				"down": {"uv": [0, 1, 6, 2], "rotation": 270, "texture": "#0"}
			}
		},
		{
			"from": [11, 18.5, 11],
			"to": [12, 24.5, 12],
			"rotation": {"angle": 0, "axis": "y", "origin": [0, 0, 16]},
			"faces": {
				"north": {"uv": [6, 0, 7, 6], "texture": "#0"},
				"east": {"uv": [1, 0, 2, 6], "texture": "#0"},
				"south": {"uv": [6, 0, 7, 6], "texture": "#0"},
				"west": {"uv": [1, 0, 2, 6], "texture": "#0"},
				"up": {"uv": [0, 1, 1, 2], "texture": "#0"},
				"down": {"uv": [0, 1, 1, 2], "texture": "#0"}
			}
		},
		{
			"from": [11, 24.5, 5],
			"to": [12, 25.5, 11],
			"rotation": {"angle": 0, "axis": "y", "origin": [8, -3.375, 8]},
			"faces": {
				"north": {"uv": [1, 1, 2, 2], "texture": "#0"},
				"east": {"uv": [6, 1, 12, 2], "texture": "#0"},
				"south": {"uv": [1, 1, 2, 2], "texture": "#0"},
				"west": {"uv": [6, 1, 12, 2], "texture": "#0"},
				"up": {"uv": [6, 1, 12, 2], "rotation": 270, "texture": "#0"},
				"down": {"uv": [6, 1, 12, 2], "rotation": 90, "texture": "#0"}
			}
		},
		{
			"from": [11, 18.5, 4],
			"to": [12, 24.5, 5],
			"rotation": {"angle": 0, "axis": "y", "origin": [0, 0, 16]},
			"faces": {
				"north": {"uv": [6, 0, 7, 6], "texture": "#0"},
				"east": {"uv": [1, 0, 2, 6], "texture": "#0"},
				"south": {"uv": [6, 0, 7, 6], "texture": "#0"},
				"west": {"uv": [1, 0, 2, 6], "texture": "#0"},
				"up": {"uv": [0, 1, 1, 2], "texture": "#0"},
				"down": {"uv": [0, 1, 1, 2], "texture": "#0"}
			}
		},
		{
			"from": [6, 25.5, 5],
			"to": [10, 26.5, 6],
			"rotation": {"angle": 0, "axis": "y", "origin": [0, 16, 16]},
			"faces": {
				"north": {"uv": [4, 1, 8, 2], "texture": "#0"},
				"east": {"uv": [1, 1, 2, 2], "texture": "#0"},
				"south": {"uv": [4, 1, 8, 2], "texture": "#0"},
				"west": {"uv": [1, 1, 2, 2], "texture": "#0"},
				"up": {"uv": [0, 2, 4, 3], "texture": "#0"},
				"down": {"uv": [0, 2, 4, 3], "texture": "#0"}
			}
		},
		{
			"from": [10, 25.5, 6],
			"to": [11, 26.5, 10],
			"rotation": {"angle": 0, "axis": "y", "origin": [8, -3.375, 8]},
			"faces": {
				"north": {"uv": [1, 1, 2, 2], "texture": "#0"},
				"east": {"uv": [4, 1, 8, 2], "texture": "#0"},
				"south": {"uv": [1, 1, 2, 2], "texture": "#0"},
				"west": {"uv": [4, 1, 8, 2], "texture": "#0"},
				"up": {"uv": [4, 1, 8, 2], "rotation": 270, "texture": "#0"},
				"down": {"uv": [4, 1, 8, 2], "rotation": 90, "texture": "#0"}
			}
		},
		{
			"from": [6, 26, 6],
			"to": [10, 27, 10],
			"rotation": {"angle": 0, "axis": "y", "origin": [0, 16, 0]},
			"faces": {
				"north": {"uv": [0, 1, 4, 2], "texture": "#0"},
				"east": {"uv": [0, 1, 4, 2], "texture": "#0"},
				"south": {"uv": [0, 1, 4, 2], "texture": "#0"},
				"west": {"uv": [0, 1, 4, 2], "texture": "#0"},
				"up": {"uv": [0, 4, 4, 8], "texture": "#0"},
				"down": {"uv": [0, 4, 4, 8], "texture": "#0"}
			}
		},
		{
			"from": [5, 25.5, 6],
			"to": [6, 26.5, 10],
			"rotation": {"angle": 0, "axis": "y", "origin": [8, -3.375, 8]},
			"faces": {
				"north": {"uv": [0, 1, 1, 2], "texture": "#0"},
				"east": {"uv": [0, 1, 4, 2], "texture": "#0"},
				"south": {"uv": [0, 1, 1, 2], "texture": "#0"},
				"west": {"uv": [0, 1, 4, 2], "texture": "#0"},
				"up": {"uv": [4, 0, 8, 1], "rotation": 270, "texture": "#0"},
				"down": {"uv": [4, 0, 8, 1], "rotation": 90, "texture": "#0"}
			}
		},
		{
			"from": [6, 25.5, 10],
			"to": [10, 26.5, 11],
			"rotation": {"angle": 0, "axis": "y", "origin": [0, 16, 0]},
			"faces": {
				"north": {"uv": [0, 1, 4, 2], "texture": "#0"},
				"east": {"uv": [0, 1, 1, 2], "texture": "#0"},
				"south": {"uv": [0, 1, 4, 2], "texture": "#0"},
				"west": {"uv": [0, 1, 1, 2], "texture": "#0"},
				"up": {"uv": [0, 1, 4, 2], "texture": "#0"},
				"down": {"uv": [0, 1, 4, 2], "texture": "#0"}
			}
		},
		{
			"from": [10, 24.5, 10],
			"to": [11, 25.5, 11],
			"rotation": {"angle": 0, "axis": "y", "origin": [8, -3.375, 8]},
			"faces": {
				"north": {"uv": [0, 1, 1, 2], "texture": "#0"},
				"east": {"uv": [0, 1, 1, 2], "texture": "#0"},
				"south": {"uv": [0, 1, 1, 2], "texture": "#0"},
				"west": {"uv": [0, 1, 1, 2], "texture": "#0"},
				"up": {"uv": [1, 0, 2, 1], "rotation": 270, "texture": "#0"},
				"down": {"uv": [1, 0, 2, 1], "rotation": 90, "texture": "#0"}
			}
		},
		{
			"from": [5, 24.5, 10],
			"to": [6, 25.5, 11],
			"rotation": {"angle": 0, "axis": "y", "origin": [8, -3.375, 8]},
			"faces": {
				"north": {"uv": [0, 1, 1, 2], "texture": "#0"},
				"east": {"uv": [0, 1, 1, 2], "texture": "#0"},
				"south": {"uv": [0, 1, 1, 2], "texture": "#0"},
				"west": {"uv": [0, 1, 1, 2], "texture": "#0"},
				"up": {"uv": [1, 0, 2, 1], "rotation": 270, "texture": "#0"},
				"down": {"uv": [1, 0, 2, 1], "rotation": 90, "texture": "#0"}
			}
		},
		{
			"from": [5, 24.5, 5],
			"to": [6, 25.5, 6],
			"rotation": {"angle": 0, "axis": "y", "origin": [8, -3.375, 8]},
			"faces": {
				"north": {"uv": [0, 1, 1, 2], "texture": "#0"},
				"east": {"uv": [0, 1, 1, 2], "texture": "#0"},
				"south": {"uv": [0, 1, 1, 2], "texture": "#0"},
				"west": {"uv": [0, 1, 1, 2], "texture": "#0"},
				"up": {"uv": [1, 0, 2, 1], "rotation": 270, "texture": "#0"},
				"down": {"uv": [1, 0, 2, 1], "rotation": 90, "texture": "#0"}
			}
		},
		{
			"from": [10, 24.5, 5],
			"to": [11, 25.5, 6],
			"rotation": {"angle": 0, "axis": "y", "origin": [8, -3.375, 8]},
			"faces": {
				"north": {"uv": [0, 1, 1, 2], "texture": "#0"},
				"east": {"uv": [0, 1, 1, 2], "texture": "#0"},
				"south": {"uv": [0, 1, 1, 2], "texture": "#0"},
				"west": {"uv": [0, 1, 1, 2], "texture": "#0"},
				"up": {"uv": [1, 0, 2, 1], "rotation": 270, "texture": "#0"},
				"down": {"uv": [1, 0, 2, 1], "rotation": 90, "texture": "#0"}
			}
		},
		{
			"from": [6, 23.5, 3],
			"to": [10, 24.5, 4],
			"rotation": {"angle": 0, "axis": "y", "origin": [8, 21.5, 8]},
			"faces": {
				"north": {"uv": [0, 1, 4, 2], "rotation": 180, "texture": "#0"},
				"east": {"uv": [1, 0, 2, 1], "rotation": 270, "texture": "#0"},
				"south": {"uv": [0, 1, 4, 2], "texture": "#0"},
				"west": {"uv": [1, 0, 2, 1], "rotation": 90, "texture": "#0"},
				"up": {"uv": [4, 0, 8, 1], "rotation": 180, "texture": "#0"},
				"down": {"uv": [4, 0, 8, 1], "texture": "#0"}
			}
		},
		{
			"from": [10, 19.5, 3],
			"to": [11, 23.5, 4],
			"rotation": {"angle": 0, "axis": "y", "origin": [8, 21.5, 8]},
			"faces": {
				"north": {"uv": [0, 1, 4, 2], "rotation": 90, "texture": "#0"},
				"east": {"uv": [4, 0, 8, 1], "rotation": 270, "texture": "#0"},
				"south": {"uv": [0, 1, 4, 2], "rotation": 90, "texture": "#0"},
				"west": {"uv": [4, 0, 8, 1], "rotation": 90, "texture": "#0"},
				"up": {"uv": [1, 0, 2, 1], "rotation": 180, "texture": "#0"},
				"down": {"uv": [1, 0, 2, 1], "texture": "#0"}
			}
		},
		{
			"from": [6, 19.5, 2.5],
			"to": [10, 23.5, 3.5],
			"rotation": {"angle": 0, "axis": "y", "origin": [8, 21.5, 8]},
			"faces": {
				"north": {"uv": [0, 0, 4, 4], "rotation": 180, "texture": "#0"},
				"east": {"uv": [0, 0, 4, 1], "rotation": 270, "texture": "#0"},
				"south": {"uv": [0, 0, 4, 4], "texture": "#0"},
				"west": {"uv": [0, 0, 4, 1], "rotation": 90, "texture": "#0"},
				"up": {"uv": [0, 0, 4, 1], "rotation": 180, "texture": "#0"},
				"down": {"uv": [0, 0, 4, 1], "texture": "#0"}
			}
		},
		{
			"from": [5, 19.5, 3],
			"to": [6, 23.5, 4],
			"rotation": {"angle": 0, "axis": "y", "origin": [8, 21.5, 8]},
			"faces": {
				"north": {"uv": [0, 0, 4, 1], "rotation": 90, "texture": "#0"},
				"east": {"uv": [0, 0, 4, 1], "rotation": 270, "texture": "#0"},
				"south": {"uv": [0, 0, 4, 1], "rotation": 90, "texture": "#0"},
				"west": {"uv": [0, 0, 4, 1], "rotation": 90, "texture": "#0"},
				"up": {"uv": [0, 0, 1, 1], "rotation": 180, "texture": "#0"},
				"down": {"uv": [0, 0, 1, 1], "texture": "#0"}
			}
		},
		{
			"from": [6, 18.5, 3],
			"to": [10, 19.5, 4],
			"rotation": {"angle": 0, "axis": "y", "origin": [8, 21.5, 8]},
			"faces": {
				"north": {"uv": [0, 0, 4, 1], "rotation": 180, "texture": "#0"},
				"east": {"uv": [0, 0, 1, 1], "rotation": 270, "texture": "#0"},
				"south": {"uv": [0, 0, 4, 1], "texture": "#0"},
				"west": {"uv": [0, 0, 1, 1], "rotation": 90, "texture": "#0"},
				"up": {"uv": [0, 0, 4, 1], "rotation": 180, "texture": "#0"},
				"down": {"uv": [0, 0, 4, 1], "texture": "#0"}
			}
		},
		{
			"from": [10, 18.5, 4],
			"to": [11, 19.5, 5],
			"rotation": {"angle": 0, "axis": "y", "origin": [8, 21.5, 8]},
			"faces": {
				"north": {"uv": [0, 0, 1, 1], "rotation": 90, "texture": "#0"},
				"east": {"uv": [0, 0, 1, 1], "rotation": 270, "texture": "#0"},
				"south": {"uv": [0, 0, 1, 1], "rotation": 90, "texture": "#0"},
				"west": {"uv": [0, 0, 1, 1], "rotation": 90, "texture": "#0"},
				"up": {"uv": [0, 0, 1, 1], "rotation": 180, "texture": "#0"},
				"down": {"uv": [0, 0, 1, 1], "texture": "#0"}
			}
		},
		{
			"from": [5, 18.5, 4],
			"to": [6, 19.5, 5],
			"rotation": {"angle": 0, "axis": "y", "origin": [8, 21.5, 8]},
			"faces": {
				"north": {"uv": [0, 0, 1, 1], "rotation": 90, "texture": "#0"},
				"east": {"uv": [0, 0, 1, 1], "rotation": 270, "texture": "#0"},
				"south": {"uv": [0, 0, 1, 1], "rotation": 90, "texture": "#0"},
				"west": {"uv": [0, 0, 1, 1], "rotation": 90, "texture": "#0"},
				"up": {"uv": [0, 0, 1, 1], "rotation": 180, "texture": "#0"},
				"down": {"uv": [0, 0, 1, 1], "texture": "#0"}
			}
		},
		{
			"from": [5, 23.5, 4],
			"to": [6, 24.5, 5],
			"rotation": {"angle": 0, "axis": "y", "origin": [8, 21.5, 8]},
			"faces": {
				"north": {"uv": [0, 0, 1, 1], "rotation": 90, "texture": "#0"},
				"east": {"uv": [0, 0, 1, 1], "rotation": 270, "texture": "#0"},
				"south": {"uv": [0, 0, 1, 1], "rotation": 90, "texture": "#0"},
				"west": {"uv": [0, 0, 1, 1], "rotation": 90, "texture": "#0"},
				"up": {"uv": [0, 0, 1, 1], "rotation": 180, "texture": "#0"},
				"down": {"uv": [0, 0, 1, 1], "texture": "#0"}
			}
		},
		{
			"from": [10, 23.5, 4],
			"to": [11, 24.5, 5],
			"rotation": {"angle": 0, "axis": "y", "origin": [8, 21.5, 8]},
			"faces": {
				"north": {"uv": [0, 0, 1, 1], "rotation": 90, "texture": "#0"},
				"east": {"uv": [0, 0, 1, 1], "rotation": 270, "texture": "#0"},
				"south": {"uv": [0, 0, 1, 1], "rotation": 90, "texture": "#0"},
				"west": {"uv": [0, 0, 1, 1], "rotation": 90, "texture": "#0"},
				"up": {"uv": [0, 0, 1, 1], "rotation": 180, "texture": "#0"},
				"down": {"uv": [0, 0, 1, 1], "texture": "#0"}
			}
		},
		{
			"from": [6, 23.5, 12],
			"to": [10, 24.5, 13],
			"rotation": {"angle": 0, "axis": "y", "origin": [8, 21.5, 8]},
			"faces": {
				"north": {"uv": [0, 2, 4, 3], "rotation": 180, "texture": "#0"},
				"east": {"uv": [1, 1, 2, 2], "rotation": 270, "texture": "#0"},
				"south": {"uv": [0, 2, 4, 3], "texture": "#0"},
				"west": {"uv": [1, 1, 2, 2], "rotation": 90, "texture": "#0"},
				"up": {"uv": [4, 1, 8, 2], "rotation": 180, "texture": "#0"},
				"down": {"uv": [4, 1, 8, 2], "texture": "#0"}
			}
		},
		{
			"from": [10, 19.5, 12],
			"to": [11, 23.5, 13],
			"rotation": {"angle": 0, "axis": "y", "origin": [8, 21.5, 8]},
			"faces": {
				"north": {"uv": [4, 1, 8, 2], "rotation": 270, "texture": "#0"},
				"east": {"uv": [4, 1, 8, 2], "rotation": 270, "texture": "#0"},
				"south": {"uv": [4, 1, 8, 2], "rotation": 270, "texture": "#0"},
				"west": {"uv": [4, 1, 8, 2], "rotation": 90, "texture": "#0"},
				"up": {"uv": [1, 1, 2, 2], "rotation": 180, "texture": "#0"},
				"down": {"uv": [1, 1, 2, 2], "texture": "#0"}
			}
		},
		{
			"from": [6, 19.5, 12.5],
			"to": [10, 23.5, 13.5],
			"rotation": {"angle": 0, "axis": "y", "origin": [8, 21.5, 8]},
			"faces": {
				"north": {"uv": [0, 4, 4, 8], "rotation": 180, "texture": "#0"},
				"east": {"uv": [0, 1, 4, 2], "rotation": 270, "texture": "#0"},
				"south": {"uv": [0, 4, 4, 8], "texture": "#0"},
				"west": {"uv": [0, 1, 4, 2], "rotation": 90, "texture": "#0"},
				"up": {"uv": [0, 1, 4, 2], "rotation": 180, "texture": "#0"},
				"down": {"uv": [0, 1, 4, 2], "texture": "#0"}
			}
		},
		{
			"from": [5, 19.5, 12],
			"to": [6, 23.5, 13],
			"rotation": {"angle": 0, "axis": "y", "origin": [8, 21.5, 8]},
			"faces": {
				"north": {"uv": [4, 0, 8, 1], "rotation": 270, "texture": "#0"},
				"east": {"uv": [0, 1, 4, 2], "rotation": 270, "texture": "#0"},
				"south": {"uv": [4, 0, 8, 1], "rotation": 270, "texture": "#0"},
				"west": {"uv": [0, 1, 4, 2], "rotation": 90, "texture": "#0"},
				"up": {"uv": [0, 1, 1, 2], "rotation": 180, "texture": "#0"},
				"down": {"uv": [0, 1, 1, 2], "texture": "#0"}
			}
		},
		{
			"from": [6, 18.5, 12],
			"to": [10, 19.5, 13],
			"rotation": {"angle": 0, "axis": "y", "origin": [8, 21.5, 8]},
			"faces": {
				"north": {"uv": [0, 1, 4, 2], "rotation": 180, "texture": "#0"},
				"east": {"uv": [0, 1, 1, 2], "rotation": 270, "texture": "#0"},
				"south": {"uv": [0, 1, 4, 2], "texture": "#0"},
				"west": {"uv": [0, 1, 1, 2], "rotation": 90, "texture": "#0"},
				"up": {"uv": [0, 1, 4, 2], "rotation": 180, "texture": "#0"},
				"down": {"uv": [0, 1, 4, 2], "texture": "#0"}
			}
		},
		{
			"from": [10, 18.5, 11],
			"to": [11, 19.5, 12],
			"rotation": {"angle": 0, "axis": "y", "origin": [8, 21.5, 8]},
			"faces": {
				"north": {"uv": [1, 0, 2, 1], "rotation": 270, "texture": "#0"},
				"east": {"uv": [0, 1, 1, 2], "rotation": 270, "texture": "#0"},
				"south": {"uv": [1, 0, 2, 1], "rotation": 270, "texture": "#0"},
				"west": {"uv": [0, 1, 1, 2], "rotation": 90, "texture": "#0"},
				"up": {"uv": [0, 1, 1, 2], "rotation": 180, "texture": "#0"},
				"down": {"uv": [0, 1, 1, 2], "texture": "#0"}
			}
		},
		{
			"from": [5, 18.5, 11],
			"to": [6, 19.5, 12],
			"rotation": {"angle": 0, "axis": "y", "origin": [8, 21.5, 8]},
			"faces": {
				"north": {"uv": [1, 0, 2, 1], "rotation": 270, "texture": "#0"},
				"east": {"uv": [0, 1, 1, 2], "rotation": 270, "texture": "#0"},
				"south": {"uv": [1, 0, 2, 1], "rotation": 270, "texture": "#0"},
				"west": {"uv": [0, 1, 1, 2], "rotation": 90, "texture": "#0"},
				"up": {"uv": [0, 1, 1, 2], "rotation": 180, "texture": "#0"},
				"down": {"uv": [0, 1, 1, 2], "texture": "#0"}
			}
		},
		{
			"from": [5, 23.5, 11],
			"to": [6, 24.5, 12],
			"rotation": {"angle": 0, "axis": "y", "origin": [8, 21.5, 8]},
			"faces": {
				"north": {"uv": [1, 0, 2, 1], "rotation": 270, "texture": "#0"},
				"east": {"uv": [0, 1, 1, 2], "rotation": 270, "texture": "#0"},
				"south": {"uv": [1, 0, 2, 1], "rotation": 270, "texture": "#0"},
				"west": {"uv": [0, 1, 1, 2], "rotation": 90, "texture": "#0"},
				"up": {"uv": [0, 1, 1, 2], "rotation": 180, "texture": "#0"},
				"down": {"uv": [0, 1, 1, 2], "texture": "#0"}
			}
		},
		{
			"from": [10, 23.5, 11],
			"to": [11, 24.5, 12],
			"rotation": {"angle": 0, "axis": "y", "origin": [8, 21.5, 8]},
			"faces": {
				"north": {"uv": [1, 0, 2, 1], "rotation": 270, "texture": "#0"},
				"east": {"uv": [0, 1, 1, 2], "rotation": 270, "texture": "#0"},
				"south": {"uv": [1, 0, 2, 1], "rotation": 270, "texture": "#0"},
				"west": {"uv": [0, 1, 1, 2], "rotation": 90, "texture": "#0"},
				"up": {"uv": [0, 1, 1, 2], "rotation": 180, "texture": "#0"},
				"down": {"uv": [0, 1, 1, 2], "texture": "#0"}
			}
		},
		{
			"from": [12, 23.5, 6],
			"to": [13, 24.5, 10],
			"rotation": {"angle": 0, "axis": "y", "origin": [8, 21.5, 8]},
			"faces": {
				"north": {"uv": [1, 0, 2, 1], "rotation": 90, "texture": "#0"},
				"east": {"uv": [0, 1, 4, 2], "rotation": 180, "texture": "#0"},
				"south": {"uv": [1, 0, 2, 1], "rotation": 270, "texture": "#0"},
				"west": {"uv": [0, 1, 4, 2], "texture": "#0"},
				"up": {"uv": [4, 0, 8, 1], "rotation": 270, "texture": "#0"},
				"down": {"uv": [4, 0, 8, 1], "rotation": 270, "texture": "#0"}
			}
		},
		{
			"from": [12, 19.5, 10],
			"to": [13, 23.5, 11],
			"rotation": {"angle": 0, "axis": "y", "origin": [8, 21.5, 8]},
			"faces": {
				"north": {"uv": [4, 0, 8, 1], "rotation": 90, "texture": "#0"},
				"east": {"uv": [0, 1, 4, 2], "rotation": 90, "texture": "#0"},
				"south": {"uv": [4, 0, 8, 1], "rotation": 270, "texture": "#0"},
				"west": {"uv": [0, 1, 4, 2], "rotation": 90, "texture": "#0"},
				"up": {"uv": [1, 0, 2, 1], "rotation": 270, "texture": "#0"},
				"down": {"uv": [1, 0, 2, 1], "rotation": 270, "texture": "#0"}
			}
		},
		{
			"from": [12.5, 19.5, 6],
			"to": [13.5, 23.5, 10],
			"rotation": {"angle": 0, "axis": "y", "origin": [8, 21.5, 8]},
			"faces": {
				"north": {"uv": [0, 0, 4, 1], "rotation": 90, "texture": "#0"},
				"east": {"uv": [0, 0, 4, 4], "rotation": 180, "texture": "#0"},
				"south": {"uv": [0, 0, 4, 1], "rotation": 270, "texture": "#0"},
				"west": {"uv": [0, 0, 4, 4], "texture": "#0"},
				"up": {"uv": [0, 0, 4, 1], "rotation": 270, "texture": "#0"},
				"down": {"uv": [0, 0, 4, 1], "rotation": 270, "texture": "#0"}
			}
		},
		{
			"from": [12, 19.5, 5],
			"to": [13, 23.5, 6],
			"rotation": {"angle": 0, "axis": "y", "origin": [8, 21.5, 8]},
			"faces": {
				"north": {"uv": [0, 0, 4, 1], "rotation": 90, "texture": "#0"},
				"east": {"uv": [0, 0, 4, 1], "rotation": 90, "texture": "#0"},
				"south": {"uv": [0, 0, 4, 1], "rotation": 270, "texture": "#0"},
				"west": {"uv": [0, 0, 4, 1], "rotation": 90, "texture": "#0"},
				"up": {"uv": [0, 0, 1, 1], "rotation": 270, "texture": "#0"},
				"down": {"uv": [0, 0, 1, 1], "rotation": 270, "texture": "#0"}
			}
		},
		{
			"from": [12, 18.5, 6],
			"to": [13, 19.5, 10],
			"rotation": {"angle": 0, "axis": "y", "origin": [8, 21.5, 8]},
			"faces": {
				"north": {"uv": [0, 0, 1, 1], "rotation": 90, "texture": "#0"},
				"east": {"uv": [0, 0, 4, 1], "rotation": 180, "texture": "#0"},
				"south": {"uv": [0, 0, 1, 1], "rotation": 270, "texture": "#0"},
				"west": {"uv": [0, 0, 4, 1], "texture": "#0"},
				"up": {"uv": [0, 0, 4, 1], "rotation": 270, "texture": "#0"},
				"down": {"uv": [0, 0, 4, 1], "rotation": 270, "texture": "#0"}
			}
		},
		{
			"from": [11, 18.5, 10],
			"to": [12, 19.5, 11],
			"rotation": {"angle": 0, "axis": "y", "origin": [8, 21.5, 8]},
			"faces": {
				"north": {"uv": [0, 0, 1, 1], "rotation": 90, "texture": "#0"},
				"east": {"uv": [0, 0, 1, 1], "rotation": 90, "texture": "#0"},
				"south": {"uv": [0, 0, 1, 1], "rotation": 270, "texture": "#0"},
				"west": {"uv": [0, 0, 1, 1], "rotation": 90, "texture": "#0"},
				"up": {"uv": [0, 0, 1, 1], "rotation": 270, "texture": "#0"},
				"down": {"uv": [0, 0, 1, 1], "rotation": 270, "texture": "#0"}
			}
		},
		{
			"from": [11, 18.5, 5],
			"to": [12, 19.5, 6],
			"rotation": {"angle": 0, "axis": "y", "origin": [8, 21.5, 8]},
			"faces": {
				"north": {"uv": [0, 0, 1, 1], "rotation": 90, "texture": "#0"},
				"east": {"uv": [0, 0, 1, 1], "rotation": 90, "texture": "#0"},
				"south": {"uv": [0, 0, 1, 1], "rotation": 270, "texture": "#0"},
				"west": {"uv": [0, 0, 1, 1], "rotation": 90, "texture": "#0"},
				"up": {"uv": [0, 0, 1, 1], "rotation": 270, "texture": "#0"},
				"down": {"uv": [0, 0, 1, 1], "rotation": 270, "texture": "#0"}
			}
		},
		{
			"from": [11, 23.5, 5],
			"to": [12, 24.5, 6],
			"rotation": {"angle": 0, "axis": "y", "origin": [8, 21.5, 8]},
			"faces": {
				"north": {"uv": [0, 0, 1, 1], "rotation": 90, "texture": "#0"},
				"east": {"uv": [0, 0, 1, 1], "rotation": 90, "texture": "#0"},
				"south": {"uv": [0, 0, 1, 1], "rotation": 270, "texture": "#0"},
				"west": {"uv": [0, 0, 1, 1], "rotation": 90, "texture": "#0"},
				"up": {"uv": [0, 0, 1, 1], "rotation": 270, "texture": "#0"},
				"down": {"uv": [0, 0, 1, 1], "rotation": 270, "texture": "#0"}
			}
		},
		{
			"from": [11, 23.5, 10],
			"to": [12, 24.5, 11],
			"rotation": {"angle": 0, "axis": "y", "origin": [8, 21.5, 8]},
			"faces": {
				"north": {"uv": [0, 0, 1, 1], "rotation": 90, "texture": "#0"},
				"east": {"uv": [0, 0, 1, 1], "rotation": 90, "texture": "#0"},
				"south": {"uv": [0, 0, 1, 1], "rotation": 270, "texture": "#0"},
				"west": {"uv": [0, 0, 1, 1], "rotation": 90, "texture": "#0"},
				"up": {"uv": [0, 0, 1, 1], "rotation": 270, "texture": "#0"},
				"down": {"uv": [0, 0, 1, 1], "rotation": 270, "texture": "#0"}
			}
		},
		{
			"from": [3, 23.5, 6],
			"to": [4, 24.5, 10],
			"rotation": {"angle": 0, "axis": "y", "origin": [8, 21.5, 8]},
			"faces": {
				"north": {"uv": [1, 1, 2, 2], "rotation": 90, "texture": "#0"},
				"east": {"uv": [0, 2, 4, 3], "rotation": 180, "texture": "#0"},
				"south": {"uv": [1, 1, 2, 2], "rotation": 270, "texture": "#0"},
				"west": {"uv": [0, 2, 4, 3], "texture": "#0"},
				"up": {"uv": [4, 1, 8, 2], "rotation": 270, "texture": "#0"},
				"down": {"uv": [4, 1, 8, 2], "rotation": 270, "texture": "#0"}
			}
		},
		{
			"from": [3, 19.5, 10],
			"to": [4, 23.5, 11],
			"rotation": {"angle": 0, "axis": "y", "origin": [8, 21.5, 8]},
			"faces": {
				"north": {"uv": [4, 1, 8, 2], "rotation": 90, "texture": "#0"},
				"east": {"uv": [4, 1, 8, 2], "rotation": 270, "texture": "#0"},
				"south": {"uv": [4, 1, 8, 2], "rotation": 270, "texture": "#0"},
				"west": {"uv": [4, 1, 8, 2], "rotation": 270, "texture": "#0"},
				"up": {"uv": [1, 1, 2, 2], "rotation": 270, "texture": "#0"},
				"down": {"uv": [1, 1, 2, 2], "rotation": 270, "texture": "#0"}
			}
		},
		{
			"from": [2.5, 19.5, 6],
			"to": [3.5, 23.5, 10],
			"rotation": {"angle": 0, "axis": "y", "origin": [8, 21.5, 8]},
			"faces": {
				"north": {"uv": [0, 1, 4, 2], "rotation": 90, "texture": "#0"},
				"east": {"uv": [0, 4, 4, 8], "rotation": 180, "texture": "#0"},
				"south": {"uv": [0, 1, 4, 2], "rotation": 270, "texture": "#0"},
				"west": {"uv": [0, 4, 4, 8], "texture": "#0"},
				"up": {"uv": [0, 1, 4, 2], "rotation": 270, "texture": "#0"},
				"down": {"uv": [0, 1, 4, 2], "rotation": 270, "texture": "#0"}
			}
		},
		{
			"from": [3, 19.5, 5],
			"to": [4, 23.5, 6],
			"rotation": {"angle": 0, "axis": "y", "origin": [8, 21.5, 8]},
			"faces": {
				"north": {"uv": [0, 1, 4, 2], "rotation": 90, "texture": "#0"},
				"east": {"uv": [4, 0, 8, 1], "rotation": 270, "texture": "#0"},
				"south": {"uv": [0, 1, 4, 2], "rotation": 270, "texture": "#0"},
				"west": {"uv": [4, 0, 8, 1], "rotation": 270, "texture": "#0"},
				"up": {"uv": [0, 1, 1, 2], "rotation": 270, "texture": "#0"},
				"down": {"uv": [0, 1, 1, 2], "rotation": 270, "texture": "#0"}
			}
		},
		{
			"from": [3, 18.5, 6],
			"to": [4, 19.5, 10],
			"rotation": {"angle": 0, "axis": "y", "origin": [8, 21.5, 8]},
			"faces": {
				"north": {"uv": [0, 1, 1, 2], "rotation": 90, "texture": "#0"},
				"east": {"uv": [0, 1, 4, 2], "rotation": 180, "texture": "#0"},
				"south": {"uv": [0, 1, 1, 2], "rotation": 270, "texture": "#0"},
				"west": {"uv": [0, 1, 4, 2], "texture": "#0"},
				"up": {"uv": [0, 1, 4, 2], "rotation": 270, "texture": "#0"},
				"down": {"uv": [0, 1, 4, 2], "rotation": 270, "texture": "#0"}
			}
		},
		{
			"from": [4, 18.5, 10],
			"to": [5, 19.5, 11],
			"rotation": {"angle": 0, "axis": "y", "origin": [8, 21.5, 8]},
			"faces": {
				"north": {"uv": [0, 1, 1, 2], "rotation": 90, "texture": "#0"},
				"east": {"uv": [1, 0, 2, 1], "rotation": 270, "texture": "#0"},
				"south": {"uv": [0, 1, 1, 2], "rotation": 270, "texture": "#0"},
				"west": {"uv": [1, 0, 2, 1], "rotation": 270, "texture": "#0"},
				"up": {"uv": [0, 1, 1, 2], "rotation": 270, "texture": "#0"},
				"down": {"uv": [0, 1, 1, 2], "rotation": 270, "texture": "#0"}
			}
		},
		{
			"from": [4, 18.5, 5],
			"to": [5, 19.5, 6],
			"rotation": {"angle": 0, "axis": "y", "origin": [8, 21.5, 8]},
			"faces": {
				"north": {"uv": [0, 1, 1, 2], "rotation": 90, "texture": "#0"},
				"east": {"uv": [1, 0, 2, 1], "rotation": 270, "texture": "#0"},
				"south": {"uv": [0, 1, 1, 2], "rotation": 270, "texture": "#0"},
				"west": {"uv": [1, 0, 2, 1], "rotation": 270, "texture": "#0"},
				"up": {"uv": [0, 1, 1, 2], "rotation": 270, "texture": "#0"},
				"down": {"uv": [0, 1, 1, 2], "rotation": 270, "texture": "#0"}
			}
		},
		{
			"from": [4, 23.5, 5],
			"to": [5, 24.5, 6],
			"rotation": {"angle": 0, "axis": "y", "origin": [8, 21.5, 8]},
			"faces": {
				"north": {"uv": [0, 1, 1, 2], "rotation": 90, "texture": "#0"},
				"east": {"uv": [1, 0, 2, 1], "rotation": 270, "texture": "#0"},
				"south": {"uv": [0, 1, 1, 2], "rotation": 270, "texture": "#0"},
				"west": {"uv": [1, 0, 2, 1], "rotation": 270, "texture": "#0"},
				"up": {"uv": [0, 1, 1, 2], "rotation": 270, "texture": "#0"},
				"down": {"uv": [0, 1, 1, 2], "rotation": 270, "texture": "#0"}
			}
		},
		{
			"from": [4, 23.5, 10],
			"to": [5, 24.5, 11],
			"rotation": {"angle": 0, "axis": "y", "origin": [8, 21.5, 8]},
			"faces": {
				"north": {"uv": [0, 1, 1, 2], "rotation": 90, "texture": "#0"},
				"east": {"uv": [1, 0, 2, 1], "rotation": 270, "texture": "#0"},
				"south": {"uv": [0, 1, 1, 2], "rotation": 270, "texture": "#0"},
				"west": {"uv": [1, 0, 2, 1], "rotation": 270, "texture": "#0"},
				"up": {"uv": [0, 1, 1, 2], "rotation": 270, "texture": "#0"},
				"down": {"uv": [0, 1, 1, 2], "rotation": 270, "texture": "#0"}
			}
		}
	],
	"gui_light": "front",
	"display": {
		"thirdperson_righthand": {
			"translation": [0, 1.5, 0]
		},
		"firstperson_righthand": {
			"rotation": [-30, 11, 0],
			"translation": [-1, 4.75, 2.25],
			"scale": [0.6, 0.6, 0.6]
		},
		"firstperson_lefthand": {
			"rotation": [-30, 11, 0],
			"translation": [-1, 4.75, 2.25],
			"scale": [0.6, 0.6, 0.6]
		},
		"ground": {
			"translation": [0, 5.25, 0],
			"scale": [0.7, 0.7, 0.7]
		},
		"gui": {
			"rotation": [0, 2, -45],
			"translation": [-1.25, -1.5, 0],
			"scale": [0.7, 0.7, 0.7]
		},
		"fixed": {
			"rotation": [0, 0, 45],
			"translation": [2, -2, -1]
		}
	},
	"groups": [0, 1, 2,
		{
			"name": "group",
			"origin": [8, 19.375, 8],
			"color": 0,
			"children": [3, 4, 5, 6, 7, 8, 9, 10, 11]
		},
		{
			"name": "group",
			"origin": [0, 0, 16],
			"color": 0,
			"children": [12, 13, 14, 15, 16, 17, 18, 19, 20, 21, 22, 23]
		},
		{
			"name": "group",
			"origin": [8, 19.375, 8],
			"color": 0,
			"children": [24, 25, 26, 27, 28, 29, 30, 31, 32]
		},
		{
			"name": "group",
			"origin": [8, 19.375, 8],
			"color": 0,
			"children": [33, 34, 35, 36, 37, 38, 39, 40, 41]
		},
		{
			"name": "group",
			"origin": [8, 19.375, 8],
			"color": 0,
			"children": [42, 43, 44, 45, 46, 47, 48, 49, 50]
		},
		{
			"name": "group",
			"origin": [8, 19.375, 8],
			"color": 0,
			"children": [51, 52, 53, 54, 55, 56, 57, 58, 59]
		},
		{
			"name": "group",
			"origin": [8, 19.375, 8],
			"color": 0,
			"children": [60, 61, 62, 63, 64, 65, 66, 67, 68]
		}
	]
}