{
	"credit": "Made with Blockbench",
	"textures": {
		"0": "wands/dirt",
		"1": "wands/stone",
		"2": "wands/light_gray_concrete_powder",
		"particle": "wands/stone"
	},
	"elements": [
		{
			"from": [7, 0, 7],
			"to": [9, 16, 9],
			"faces": {
				"north": {"uv": [0, 0, 2, 16], "texture": "#1"},
				"east": {"uv": [0, 0, 2, 16], "texture": "#1"},
				"south": {"uv": [0, 0, 2, 16], "texture": "#1"},
				"west": {"uv": [0, 0, 2, 16], "texture": "#1"},
				"up": {"uv": [0, 0, 2, 2], "texture": "#1"},
				"down": {"uv": [0, 0, 2, 2], "texture": "#1"}
			}
		},
		{
			"from": [6, -4, 6],
			"to": [10, 0, 10],
			"faces": {
				"north": {"uv": [0, 0, 4, 4], "texture": "#0"},
				"east": {"uv": [0, 0, 4, 4], "texture": "#0"},
				"south": {"uv": [0, 0, 4, 4], "texture": "#0"},
				"west": {"uv": [0, 0, 4, 4], "texture": "#0"},
				"up": {"uv": [0, 0, 4, 4], "texture": "#0"},
				"down": {"uv": [0, 0, 4, 4], "texture": "#0"}
			}
		},
		{
			"from": [4, 16, 4],
			"to": [12, 24, 12],
			"faces": {
				"north": {"uv": [0, 0, 8, 8], "texture": "#0"},
				"east": {"uv": [0, 0, 8, 8], "texture": "#0"},
				"south": {"uv": [0, 0, 8, 8], "texture": "#0"},
				"west": {"uv": [0, 0, 8, 8], "texture": "#0"},
				"up": {"uv": [0, 0, 8, 8], "texture": "#0"},
				"down": {"uv": [0, 0, 8, 8], "texture": "#0"}
			}
		},
		{
			"from": [5, 14, 5],
			"to": [11, 16, 11],
			"faces": {
				"north": {"uv": [0, 0, 6, 2], "texture": "#1"},
				"east": {"uv": [0, 0, 6, 2], "texture": "#1"},
				"south": {"uv": [0, 0, 6, 2], "texture": "#1"},
				"west": {"uv": [0, 0, 6, 2], "texture": "#1"},
				"up": {"uv": [0, 0, 6, 6], "texture": "#1"},
				"down": {"uv": [0, 0, 6, 6], "texture": "#1"}
			}
		},
		{
			"from": [5.25, 8, 7.025],
			"to": [7.5, 21, 8.975],
			"rotation": {"angle": 22.5, "axis": "z", "origin": [4.5, 12.5, 8]},
			"faces": {
				"north": {"uv": [0, 0, 2.25, 13], "texture": "#2"},
				"east": {"uv": [0, 0, 1.95, 13], "texture": "#2"},
				"south": {"uv": [0, 0, 2.25, 13], "texture": "#2"},
				"west": {"uv": [0, 0, 1.95, 13], "texture": "#2"},
				"up": {"uv": [0, 0, 2.25, 1.95], "texture": "#2"},
				"down": {"uv": [0, 0, 2.25, 1.95], "texture": "#2"}
			}
		},
		{
			"from": [8.5, 8, 7.025],
			"to": [10.75, 21, 8.975],
			"rotation": {"angle": -22.5, "axis": "z", "origin": [11.5, 12.5, 8]},
			"faces": {
				"north": {"uv": [2.25, 0, 0, 13], "texture": "#2"},
				"east": {"uv": [1.95, 0, 0, 13], "texture": "#2"},
				"south": {"uv": [2.25, 0, 0, 13], "texture": "#2"},
				"west": {"uv": [1.95, 0, 0, 13], "texture": "#2"},
				"up": {"uv": [2.25, 0, 0, 1.95], "texture": "#2"},
				"down": {"uv": [2.25, 0, 0, 1.95], "texture": "#2"}
			}
		},
		{
			"from": [7.025, 9.53466, 9.21527],
			"to": [8.975, 22.53466, 11.46527],
			"rotation": {"angle": 22.5, "axis": "x", "origin": [8, 15.06529, 8]},
			"faces": {
				"north": {"uv": [1.95, 0, 3.9, 13], "texture": "#2"},
				"east": {"uv": [2.25, 0, 4.5, 13], "texture": "#2"},
				"south": {"uv": [1.95, 0, 3.9, 13], "texture": "#2"},
				"west": {"uv": [2.25, 0, 4.5, 13], "texture": "#2"},
				"up": {"uv": [2.25, 0, 4.5, 1.95], "rotation": 90, "texture": "#2"},
				"down": {"uv": [2.25, 0, 4.5, 1.95], "rotation": 270, "texture": "#2"}
			}
		},
		{
			"from": [7.025, 9.53466, 4.53473],
			"to": [8.975, 22.53466, 6.78473],
			"rotation": {"angle": -22.5, "axis": "x", "origin": [8, 15.06529, 8]},
			"faces": {
				"north": {"uv": [0, 0, 1.95, 13], "texture": "#2"},
				"east": {"uv": [0, 0, 2.25, 13], "texture": "#2"},
				"south": {"uv": [0, 0, 1.95, 13], "texture": "#2"},
				"west": {"uv": [0, 0, 2.25, 13], "texture": "#2"},
				"up": {"uv": [0, 0, 2.25, 1.95], "rotation": 90, "texture": "#2"},
				"down": {"uv": [0, 0, 2.25, 1.95], "rotation": 270, "texture": "#2"}
			}
		}
	],
	"gui_light": "front",
	"display": {
		"thirdperson_righthand": {
			"translation": [0, 1.5, 0]
		},
		"firstperson_righthand": {
			"rotation": [-30, 11, 0],
			"translation": [-1, 4.75, 2.25],
			"scale": [0.6, 0.6, 0.6]
		},
		"firstperson_lefthand": {
			"rotation": [-30, 11, 0],
			"translation": [-1, 4.75, 2.25],
			"scale": [0.6, 0.6, 0.6]
		},
		"ground": {
			"translation": [0, 5.25, 0],
			"scale": [0.7, 0.7, 0.7]
		},
		"gui": {
			"rotation": [0, 2, -45],
			"translation": [-1.25, -1.5, 0],
			"scale": [0.7, 0.7, 0.7]
		},
		"fixed": {
			"rotation": [0, 0, 45],
			"translation": [2, -2, -1]
		}
	}
}