{
	"credit": "Made with Blockbench",
	"textures": {
		"0": "wands/red_concrete",
		"1": "wands/white_concrete",
		"2": "wands/kfc",
		"3": "wands/kfc_face",
		"5": "wands/campfire_fire",
		"particle": "wands/chicken",
		"1_0": "wands/chicken"
	},
	"elements": [
		{
			"from": [7, -6, 7],
			"to": [9, 10, 9],
			"rotation": {"angle": 0, "axis": "y", "origin": [0, -2, 0]},
			"faces": {
				"north": {"uv": [0, 0, 2, 16], "texture": "#0"},
				"east": {"uv": [0, 0, 2, 16], "texture": "#0"},
				"south": {"uv": [0, 0, 2, 16], "texture": "#0"},
				"west": {"uv": [0, 0, 2, 16], "texture": "#0"},
				"up": {"uv": [0, 0, 2, 2], "texture": "#0"},
				"down": {"uv": [0, 0, 2, 2], "texture": "#0"}
			}
		},
		{
			"from": [5, 9, 5],
			"to": [11, 10, 11],
			"rotation": {"angle": 0, "axis": "y", "origin": [0, -2, 0]},
			"faces": {
				"north": {"uv": [0, 0, 2, 16], "texture": "#0"},
				"east": {"uv": [0, 0, 2, 16], "texture": "#0"},
				"south": {"uv": [0, 0, 2, 16], "texture": "#0"},
				"west": {"uv": [0, 0, 2, 16], "texture": "#0"},
				"up": {"uv": [0, 0, 2, 2], "texture": "#0"},
				"down": {"uv": [0, 0, 2, 2], "texture": "#0"}
			}
		},
		{
			"from": [3, 10, 3],
			"to": [4, 19, 13],
			"rotation": {"angle": 0, "axis": "y", "origin": [0, -2, 0]},
			"faces": {
				"north": {"uv": [0, 0, 1, 9], "texture": "#1"},
				"east": {"uv": [0, 0, 10, 9], "texture": "#1"},
				"south": {"uv": [0, 0, 1, 9], "texture": "#1"},
				"west": {"uv": [0, 0, 10, 9], "texture": "#1"},
				"up": {"uv": [0, 0, 1, 10], "texture": "#1"},
				"down": {"uv": [0, 0, 1, 10], "texture": "#1"}
			}
		},
		{
			"from": [12, 10, 3],
			"to": [13, 19, 13],
			"rotation": {"angle": 0, "axis": "y", "origin": [0, -2, 0]},
			"faces": {
				"north": {"uv": [0, 0, 1, 9], "texture": "#1"},
				"east": {"uv": [0, 0, 10, 9], "texture": "#1"},
				"south": {"uv": [0, 0, 1, 9], "texture": "#1"},
				"west": {"uv": [0, 0, 10, 9], "texture": "#1"},
				"up": {"uv": [0, 0, 1, 10], "texture": "#1"},
				"down": {"uv": [0, 0, 1, 10], "texture": "#1"}
			}
		},
		{
			"from": [4, 10, 12],
			"to": [12, 19, 13],
			"rotation": {"angle": 0, "axis": "y", "origin": [8, 22.5, 8]},
			"faces": {
				"north": {"uv": [0, 0, 8, 9], "texture": "#1"},
				"east": {"uv": [0, 0, 1, 9], "texture": "#1"},
				"south": {"uv": [0, 0, 8, 9], "texture": "#1"},
				"west": {"uv": [0, 0, 1, 9], "texture": "#1"},
				"up": {"uv": [0, 0, 1, 8], "rotation": 90, "texture": "#1"},
				"down": {"uv": [0, 0, 1, 8], "rotation": 270, "texture": "#1"}
			}
		},
		{
			"from": [4, 10, 3],
			"to": [12, 19, 4],
			"rotation": {"angle": 0, "axis": "y", "origin": [8, 22.5, 8]},
			"faces": {
				"north": {"uv": [0, 0, 8, 9], "texture": "#1"},
				"east": {"uv": [0, 0, 1, 9], "texture": "#1"},
				"south": {"uv": [0, 0, 8, 9], "texture": "#1"},
				"west": {"uv": [0, 0, 1, 9], "texture": "#1"},
				"up": {"uv": [0, 0, 1, 8], "rotation": 90, "texture": "#1"},
				"down": {"uv": [0, 0, 1, 8], "rotation": 270, "texture": "#1"}
			}
		},
		{
			"from": [3, 19, 2.5],
			"to": [13, 20, 3.5],
			"rotation": {"angle": 0, "axis": "y", "origin": [8, 22.5, 8]},
			"faces": {
				"north": {"uv": [0, 0, 10, 1], "texture": "#1"},
				"east": {"uv": [0, 0, 1, 1], "texture": "#1"},
				"south": {"uv": [0, 0, 10, 1], "texture": "#1"},
				"west": {"uv": [0, 0, 1, 1], "texture": "#1"},
				"up": {"uv": [0, 0, 1, 10], "rotation": 90, "texture": "#1"},
				"down": {"uv": [0, 0, 1, 10], "rotation": 270, "texture": "#1"}
			}
		},
		{
			"from": [12.5, 18.975, 2.475],
			"to": [13.5, 19.975, 13.525],
			"rotation": {"angle": 0, "axis": "y", "origin": [0, -2, 0]},
			"faces": {
				"north": {"uv": [0, 0, 1, 1], "texture": "#1"},
				"east": {"uv": [0, 0, 11.05, 1], "texture": "#1"},
				"south": {"uv": [0, 0, 1, 1], "texture": "#1"},
				"west": {"uv": [0, 0, 11.05, 1], "texture": "#1"},
				"up": {"uv": [0, 0, 1, 11.05], "texture": "#1"},
				"down": {"uv": [0, 0, 1, 11.05], "texture": "#1"}
			}
		},
		{
			"from": [3, 19, 12.5],
			"to": [13, 20, 13.5],
			"rotation": {"angle": 0, "axis": "y", "origin": [8, 22.5, 8]},
			"faces": {
				"north": {"uv": [0, 0, 10, 1], "texture": "#1"},
				"east": {"uv": [0, 0, 1, 1], "texture": "#1"},
				"south": {"uv": [0, 0, 10, 1], "texture": "#1"},
				"west": {"uv": [0, 0, 1, 1], "texture": "#1"},
				"up": {"uv": [0, 0, 1, 10], "rotation": 90, "texture": "#1"},
				"down": {"uv": [0, 0, 1, 10], "rotation": 270, "texture": "#1"}
			}
		},
		{
			"from": [2.5, 18.975, 2.475],
			"to": [3.5, 19.975, 13.525],
			"rotation": {"angle": 0, "axis": "y", "origin": [0, -2, 0]},
			"faces": {
				"north": {"uv": [0, 0, 1, 1], "texture": "#1"},
				"east": {"uv": [0, 0, 11.05, 1], "texture": "#1"},
				"south": {"uv": [0, 0, 1, 1], "texture": "#1"},
				"west": {"uv": [0, 0, 11.05, 1], "texture": "#1"},
				"up": {"uv": [0, 0, 1, 11.05], "texture": "#1"},
				"down": {"uv": [0, 0, 1, 11.05], "texture": "#1"}
			}
		},
		{
			"from": [4, 10, 4],
			"to": [12, 11, 12],
			"rotation": {"angle": 0, "axis": "y", "origin": [0, -2, 0]},
			"faces": {
				"north": {"uv": [0, 0, 8, 1], "texture": "#1"},
				"east": {"uv": [0, 0, 8, 1], "texture": "#1"},
				"south": {"uv": [0, 0, 8, 1], "texture": "#1"},
				"west": {"uv": [0, 0, 8, 1], "texture": "#1"},
				"up": {"uv": [0, 0, 8, 8], "texture": "#1"},
				"down": {"uv": [0, 0, 8, 8], "texture": "#1"}
			}
		},
		{
			"from": [3.25, 9.75, 2.975],
			"to": [12.5, 13.5, 2.975],
			"rotation": {"angle": 0, "axis": "y", "origin": [0, -2, 0]},
			"faces": {
				"north": {"uv": [0, 10.09231, 16, 16], "texture": "#2"},
				"east": {"uv": [0, 0, 0, 8], "texture": "#missing"},
				"west": {"uv": [0, 0, 0, 8], "texture": "#missing"},
				"up": {"uv": [0, 0, 6, 0], "texture": "#missing"},
				"down": {"uv": [0, 0, 6, 0], "texture": "#missing"}
			}
		},
		{
			"from": [5, 13.25, 2.975],
			"to": [11, 19.25, 2.975],
			"rotation": {"angle": 0, "axis": "y", "origin": [0, -2, 0]},
			"faces": {
				"north": {"uv": [0, 0, 16, 15.80952], "texture": "#3"},
				"east": {"uv": [0, 0, 0, 8], "texture": "#missing"},
				"south": {"uv": [0, 0, 6, 8], "texture": "#missing"},
				"west": {"uv": [0, 0, 0, 8], "texture": "#missing"},
				"up": {"uv": [0, 0, 6, 0], "texture": "#missing"},
				"down": {"uv": [0, 0, 6, 0], "texture": "#missing"}
			}
		},
		{
			"from": [3.25, 9.75, 13.025],
			"to": [12.5, 13.5, 13.025],
			"rotation": {"angle": 0, "axis": "y", "origin": [0, -2, 16]},
			"faces": {
				"east": {"uv": [0, 0, 0, 8], "texture": "#missing"},
				"south": {"uv": [0, 10.09231, 16, 16], "texture": "#2"},
				"west": {"uv": [0, 0, 0, 8], "texture": "#missing"},
				"up": {"uv": [0, 0, 6, 0], "texture": "#missing"},
				"down": {"uv": [0, 0, 6, 0], "texture": "#missing"}
			}
		},
		{
			"from": [5, 13.25, 13.025],
			"to": [11, 19.25, 13.025],
			"rotation": {"angle": 0, "axis": "y", "origin": [0, -2, 16]},
			"faces": {
				"north": {"uv": [6, 0, 0, 8], "texture": "#missing"},
				"east": {"uv": [0, 0, 0, 8], "texture": "#missing"},
				"south": {"uv": [16, 0, 0, 15.80952], "texture": "#3"},
				"west": {"uv": [0, 0, 0, 8], "texture": "#missing"},
				"up": {"uv": [0, 0, 6, 0], "texture": "#missing"},
				"down": {"uv": [0, 0, 6, 0], "texture": "#missing"}
			}
		},
		{
			"from": [2.9875, 9.75, 3.3125],
			"to": [2.9875, 13.5, 12.5625],
			"rotation": {"angle": 0, "axis": "y", "origin": [7.9375, 17.9375, 8]},
			"faces": {
				"north": {"uv": [0, 0, 0, 8], "texture": "#missing"},
				"south": {"uv": [0, 0, 0, 8], "texture": "#missing"},
				"west": {"uv": [0, 10.09231, 16, 16], "texture": "#2"},
				"up": {"uv": [0, 0, 6, 0], "rotation": 90, "texture": "#missing"},
				"down": {"uv": [0, 0, 6, 0], "rotation": 270, "texture": "#missing"}
			}
		},
		{
			"from": [2.9875, 13.25, 5.0625],
			"to": [2.9875, 19.25, 11.0625],
			"rotation": {"angle": 0, "axis": "y", "origin": [7.9375, 17.9375, 8]},
			"faces": {
				"north": {"uv": [0, 0, 0, 8], "texture": "#missing"},
				"east": {"uv": [6, 0, 0, 8], "texture": "#missing"},
				"south": {"uv": [0, 0, 0, 8], "texture": "#missing"},
				"west": {"uv": [16, 0, 0, 15.80952], "texture": "#3"},
				"up": {"uv": [0, 0, 6, 0], "rotation": 90, "texture": "#missing"},
				"down": {"uv": [0, 0, 6, 0], "rotation": 270, "texture": "#missing"}
			}
		},
		{
			"from": [13.0125, 9.75, 3.3125],
			"to": [13.0125, 13.5, 12.5625],
			"rotation": {"angle": 0, "axis": "y", "origin": [12.9625, 17.9375, 8]},
			"faces": {
				"north": {"uv": [0, 0, 0, 8], "texture": "#missing"},
				"east": {"uv": [0, 10.09231, 16, 16], "texture": "#2"},
				"south": {"uv": [0, 0, 0, 8], "texture": "#missing"},
				"up": {"uv": [0, 0, 6, 0], "rotation": 90, "texture": "#missing"},
				"down": {"uv": [0, 0, 6, 0], "rotation": 270, "texture": "#missing"}
			}
		},
		{
			"from": [13.0125, 13.25, 5.0625],
			"to": [13.0125, 19.25, 11.0625],
			"rotation": {"angle": 0, "axis": "y", "origin": [12.9625, 17.9375, 8]},
			"faces": {
				"north": {"uv": [0, 0, 0, 8], "texture": "#missing"},
				"east": {"uv": [0, 0, 16, 15.80952], "texture": "#3"},
				"south": {"uv": [0, 0, 0, 8], "texture": "#missing"},
				"west": {"uv": [0, 0, 6, 8], "texture": "#missing"},
				"up": {"uv": [0, 0, 6, 0], "rotation": 90, "texture": "#missing"},
				"down": {"uv": [0, 0, 6, 0], "rotation": 270, "texture": "#missing"}
			}
		},
		{
			"from": [2.975, 13.725, 2.975],
			"to": [4.975, 18.975, 4.975],
			"rotation": {"angle": 0, "axis": "y", "origin": [0, -2, 0]},
			"faces": {
				"north": {"uv": [0, 0, 2, 5.25], "texture": "#0"},
				"east": {"uv": [0, 0, 2, 5.25], "texture": "#0"},
				"south": {"uv": [0, 0, 2, 5.25], "texture": "#0"},
				"west": {"uv": [0, 0, 2, 5.25], "texture": "#0"},
				"up": {"uv": [0, 0, 2, 2], "texture": "#0"},
				"down": {"uv": [0, 0, 2, 2], "texture": "#0"}
			}
		},
		{
			"from": [11.025, 13.725, 2.975],
			"to": [13.025, 18.975, 4.975],
			"rotation": {"angle": 0, "axis": "y", "origin": [16, -2, 0]},
			"faces": {
				"north": {"uv": [2, 0, 4, 5.25], "texture": "#0"},
				"east": {"uv": [2, 0, 4, 5.25], "texture": "#0"},
				"south": {"uv": [2, 0, 4, 5.25], "texture": "#0"},
				"west": {"uv": [2, 0, 4, 5.25], "texture": "#0"},
				"up": {"uv": [2, 0, 4, 2], "texture": "#0"},
				"down": {"uv": [2, 0, 4, 2], "texture": "#0"}
			}
		},
		{
			"from": [11.025, 13.725, 11.025],
			"to": [13.025, 18.975, 13.025],
			"rotation": {"angle": 0, "axis": "y", "origin": [16, -2, 16]},
			"faces": {
				"north": {"uv": [0, 0, 2, 5.25], "texture": "#0"},
				"east": {"uv": [0, 0, 2, 5.25], "texture": "#0"},
				"south": {"uv": [0, 0, 2, 5.25], "texture": "#0"},
				"west": {"uv": [0, 0, 2, 5.25], "texture": "#0"},
				"up": {"uv": [2, 2, 4, 4], "texture": "#0"},
				"down": {"uv": [2, 2, 4, 4], "texture": "#0"}
			}
		},
		{
			"from": [2.975, 13.725, 11.025],
			"to": [4.975, 18.975, 13.025],
			"rotation": {"angle": 0, "axis": "y", "origin": [0, -2, 16]},
			"faces": {
				"north": {"uv": [2, 0, 4, 5.25], "texture": "#0"},
				"east": {"uv": [2, 0, 4, 5.25], "texture": "#0"},
				"south": {"uv": [2, 0, 4, 5.25], "texture": "#0"},
				"west": {"uv": [2, 0, 4, 5.25], "texture": "#0"},
				"up": {"uv": [0, 2, 2, 4], "texture": "#0"},
				"down": {"uv": [0, 2, 2, 4], "texture": "#0"}
			}
		},
		{
			"from": [3.975, 10.725, 11.025],
			"to": [4.975, 13.725, 12.025],
			"rotation": {"angle": 0, "axis": "y", "origin": [0, -2, 16]},
			"faces": {
				"north": {"uv": [2, 0, 3, 3], "texture": "#0"},
				"east": {"uv": [2, 0, 3, 3], "texture": "#0"},
				"south": {"uv": [2, 0, 3, 3], "texture": "#0"},
				"west": {"uv": [2, 0, 3, 3], "texture": "#0"},
				"up": {"uv": [0, 2, 1, 3], "texture": "#0"},
				"down": {"uv": [0, 2, 1, 3], "texture": "#0"}
			}
		},
		{
			"from": [11.025, 10.725, 11.025],
			"to": [12.025, 13.725, 12.025],
			"rotation": {"angle": 0, "axis": "y", "origin": [16, -2, 16]},
			"faces": {
				"north": {"uv": [3, 0, 2, 3], "texture": "#0"},
				"east": {"uv": [3, 0, 2, 3], "texture": "#0"},
				"south": {"uv": [3, 0, 2, 3], "texture": "#0"},
				"west": {"uv": [3, 0, 2, 3], "texture": "#0"},
				"up": {"uv": [1, 2, 0, 3], "texture": "#0"},
				"down": {"uv": [1, 2, 0, 3], "texture": "#0"}
			}
		},
		{
			"from": [11.025, 10.725, 3.975],
			"to": [12.025, 13.725, 4.975],
			"rotation": {"angle": 0, "axis": "y", "origin": [16, -2, 0]},
			"faces": {
				"north": {"uv": [2, 0, 3, 3], "texture": "#0"},
				"east": {"uv": [2, 0, 3, 3], "texture": "#0"},
				"south": {"uv": [2, 0, 3, 3], "texture": "#0"},
				"west": {"uv": [2, 0, 3, 3], "texture": "#0"},
				"up": {"uv": [1, 3, 0, 2], "texture": "#0"},
				"down": {"uv": [1, 3, 0, 2], "texture": "#0"}
			}
		},
		{
			"from": [3.975, 10.725, 3.975],
			"to": [4.975, 13.725, 4.975],
			"rotation": {"angle": 0, "axis": "y", "origin": [0, -2, 0]},
			"faces": {
				"north": {"uv": [3, 0, 2, 3], "texture": "#0"},
				"east": {"uv": [3, 0, 2, 3], "texture": "#0"},
				"south": {"uv": [3, 0, 2, 3], "texture": "#0"},
				"west": {"uv": [3, 0, 2, 3], "texture": "#0"},
				"up": {"uv": [0, 3, 1, 2], "texture": "#0"},
				"down": {"uv": [0, 3, 1, 2], "texture": "#0"}
			}
		},
		{
			"from": [6.5, -9, 6.5],
			"to": [9.5, -6, 9.5],
			"rotation": {"angle": 0, "axis": "y", "origin": [0, -2, 0]},
			"faces": {
				"north": {"uv": [0, 0, 3, 3], "texture": "#1"},
				"east": {"uv": [0, 0, 3, 3], "texture": "#1"},
				"south": {"uv": [0, 0, 3, 3], "texture": "#1"},
				"west": {"uv": [0, 0, 3, 3], "texture": "#1"},
				"up": {"uv": [0, 0, 3, 3], "texture": "#1"},
				"down": {"uv": [0, 0, 3, 3], "texture": "#1"}
			}
		},
		{
			"from": [8.8, 13.6, 8.85],
			"to": [9.6, 17.6, 8.85],
			"rotation": {"angle": 0, "axis": "y", "origin": [1.6, -0.4, 1.6]},
			"faces": {
				"north": {"uv": [9, 0.75, 9.25, 2], "texture": "#1_0"},
				"east": {"uv": [0, 0, 0, 5], "texture": "#missing"},
				"south": {"uv": [9, 0.75, 9.25, 2], "texture": "#1_0"},
				"west": {"uv": [0, 0, 0, 5], "texture": "#missing"},
				"up": {"uv": [0, 0, 1, 0], "texture": "#missing"},
				"down": {"uv": [0, 0, 1, 0], "texture": "#missing"}
			}
		},
		{
			"from": [8, 13.6, 6.45],
			"to": [10.4, 13.6, 8.05],
			"rotation": {"angle": 0, "axis": "y", "origin": [1.6, -0.4, 1.6]},
			"faces": {
				"north": {"uv": [0, 0, 3, 0], "texture": "#missing"},
				"east": {"uv": [0, 0, 2, 0], "texture": "#missing"},
				"south": {"uv": [0, 0, 3, 0], "texture": "#missing"},
				"west": {"uv": [0, 0, 2, 0], "texture": "#missing"},
				"up": {"uv": [8, 0.25, 8.75, 0.75], "texture": "#1_0"},
				"down": {"uv": [8, 0.25, 8.75, 0.75], "texture": "#1_0"}
			}
		},
		{
			"from": [8.8, 13.6, 8.05],
			"to": [9.6, 13.6, 8.85],
			"rotation": {"angle": 0, "axis": "y", "origin": [1.6, -0.4, 1.6]},
			"faces": {
				"north": {"uv": [0, 0, 1, 0], "texture": "#missing"},
				"east": {"uv": [0, 0, 1, 0], "texture": "#missing"},
				"south": {"uv": [0, 0, 1, 0], "texture": "#missing"},
				"west": {"uv": [0, 0, 1, 0], "texture": "#missing"},
				"up": {"uv": [8.25, 0, 8.5, 0.25], "texture": "#1_0"},
				"down": {"uv": [8.25, 0, 8.5, 0.25], "texture": "#1_0"}
			}
		},
		{
			"from": [5.6, 13.6, 6.45],
			"to": [8, 13.6, 8.05],
			"rotation": {"angle": 0, "axis": "y", "origin": [1.6, -0.4, 1.6]},
			"faces": {
				"north": {"uv": [0, 0, 3, 0], "texture": "#missing"},
				"east": {"uv": [0, 0, 2, 0], "texture": "#missing"},
				"south": {"uv": [0, 0, 3, 0], "texture": "#missing"},
				"west": {"uv": [0, 0, 2, 0], "texture": "#missing"},
				"up": {"uv": [8, 0.25, 8.75, 0.75], "texture": "#1_0"},
				"down": {"uv": [8, 0.25, 8.75, 0.75], "texture": "#1_0"}
			}
		},
		{
			"from": [6.4, 13.6, 8.05],
			"to": [7.2, 13.6, 8.85],
			"rotation": {"angle": 0, "axis": "y", "origin": [1.6, -0.4, 1.6]},
			"faces": {
				"north": {"uv": [0, 0, 1, 0], "texture": "#missing"},
				"east": {"uv": [0, 0, 1, 0], "texture": "#missing"},
				"south": {"uv": [0, 0, 1, 0], "texture": "#missing"},
				"west": {"uv": [0, 0, 1, 0], "texture": "#missing"},
				"up": {"uv": [8.25, 0, 8.5, 0.25], "texture": "#1_0"},
				"down": {"uv": [8.25, 0, 8.5, 0.25], "texture": "#1_0"}
			}
		},
		{
			"from": [6.4, 13.6, 8.85],
			"to": [7.2, 17.6, 8.85],
			"rotation": {"angle": 0, "axis": "y", "origin": [1.6, -0.4, 1.6]},
			"faces": {
				"north": {"uv": [9, 0.75, 9.25, 2], "texture": "#1_0"},
				"east": {"uv": [0, 0, 0, 5], "texture": "#missing"},
				"south": {"uv": [9, 0.75, 9.25, 2], "texture": "#1_0"},
				"west": {"uv": [0, 0, 0, 5], "texture": "#missing"},
				"up": {"uv": [0, 0, 1, 0], "texture": "#missing"},
				"down": {"uv": [0, 0, 1, 0], "texture": "#missing"}
			}
		},
		{
			"from": [5.6, 17.6, 4.85],
			"to": [10.4, 22.4, 11.25],
			"rotation": {"angle": 0, "axis": "y", "origin": [1.6, -0.4, 1.6]},
			"faces": {
				"north": {"uv": [1.5, 2.25, 3, 3.75], "texture": "#1_0"},
				"east": {"uv": [3, 3.75, 4.5, 5.75], "texture": "#1_0"},
				"south": {"uv": [3, 2.25, 4.5, 3.75], "texture": "#1_0"},
				"west": {"uv": [0, 3.75, 1.5, 5.75], "texture": "#1_0"},
				"up": {"uv": [4.5, 3.75, 6, 5.75], "texture": "#1_0"},
				"down": {"uv": [1.5, 3.75, 3, 5.75], "texture": "#1_0"}
			}
		},
		{
			"from": [6.4, 20.8, 3.25],
			"to": [9.6, 25.6, 5.65],
			"rotation": {"angle": 0, "axis": "y", "origin": [8, 9.2, 5.2]},
			"faces": {
				"north": {"uv": [0.75, 0.75, 1.75, 2.25], "texture": "#1_0"},
				"east": {"uv": [0, 0.75, 0.75, 2.25], "texture": "#1_0"},
				"south": {"uv": [2.5, 0.75, 3.5, 2.25], "texture": "#1_0"},
				"west": {"uv": [1.75, 0.75, 2.5, 2.25], "texture": "#1_0"},
				"up": {"uv": [0.75, 0, 1.75, 0.75], "texture": "#1_0"},
				"down": {"uv": [1.75, 0, 2.75, 0.75], "texture": "#1_0"}
			}
		},
		{
			"from": [7.2, 20.8, 2.45],
			"to": [8.8, 22.4, 3.25],
			"rotation": {"angle": 0, "axis": "y", "origin": [1.6, -0.4, 1.6]},
			"faces": {
				"north": {"uv": [4, 1.5, 4.5, 2], "texture": "#1_0"},
				"east": {"uv": [3.5, 1.5, 4, 2], "texture": "#1_0"},
				"south": {"uv": [5, 1.5, 5.5, 2], "texture": "#1_0"},
				"west": {"uv": [4.5, 1.5, 5, 2], "texture": "#1_0"},
				"up": {"uv": [4, 1, 4.5, 1.5], "texture": "#1_0"},
				"down": {"uv": [4.5, 1, 5, 1.5], "texture": "#1_0"}
			}
		},
		{
			"from": [6.4, 22.4, 1.65],
			"to": [9.6, 24, 3.25],
			"rotation": {"angle": 0, "axis": "y", "origin": [1.6, -0.4, 1.6]},
			"faces": {
				"north": {"uv": [4, 0.5, 5, 1], "texture": "#1_0"},
				"east": {"uv": [3.5, 0.5, 4, 1], "texture": "#1_0"},
				"south": {"uv": [5.5, 0.5, 6.5, 1], "texture": "#1_0"},
				"west": {"uv": [5, 0.5, 5.5, 1], "texture": "#1_0"},
				"up": {"uv": [4, 0, 5, 0.5], "rotation": 180, "texture": "#1_0"},
				"down": {"uv": [5, 0, 6, 0.5], "texture": "#1_0"}
			}
		},
		{
			"from": [10.4, 19.2, 5.65],
			"to": [11.2, 22.4, 10.45],
			"rotation": {"angle": 0, "axis": "y", "origin": [1.6, -0.4, 1.6]},
			"faces": {
				"north": {"uv": [7.5, 4.75, 7.75, 5.75], "texture": "#1_0"},
				"east": {"uv": [6, 4.75, 7.5, 5.75], "texture": "#1_0"},
				"south": {"uv": [9.25, 4.75, 9.5, 5.75], "texture": "#1_0"},
				"west": {"uv": [7.75, 4.75, 9.25, 5.75], "texture": "#1_0"},
				"up": {"uv": [7.5, 3.25, 7.75, 4.25], "rotation": 180, "texture": "#1_0"},
				"down": {"uv": [7.75, 3.25, 8, 4.25], "texture": "#1_0"}
			}
		},
		{
			"from": [4.8, 19.2, 5.65],
			"to": [5.6, 22.4, 10.45],
			"rotation": {"angle": 0, "axis": "y", "origin": [14.4, -0.4, 1.6]},
			"faces": {
				"north": {"uv": [7.75, 4.75, 7.5, 5.75], "texture": "#1_0"},
				"east": {"uv": [9.25, 4.75, 7.75, 5.75], "texture": "#1_0"},
				"south": {"uv": [9.5, 4.75, 9.25, 5.75], "texture": "#1_0"},
				"west": {"uv": [7.5, 4.75, 6, 5.75], "texture": "#1_0"},
				"up": {"uv": [7.75, 3.25, 7.5, 4.25], "rotation": 180, "texture": "#1_0"},
				"down": {"uv": [8, 3.25, 7.75, 4.25], "texture": "#1_0"}
			}
		},
		{
			"from": [0.8768, 17.596, 8],
			"to": [15.1232, 31.8, 8],
			"rotation": {"angle": -45, "axis": "y", "origin": [8, 32.86, 8]},
			"faces": {
				"north": {"uv": [0, 0, 16, 16], "texture": "#5"},
				"east": {"uv": [0, 0, 0, 16], "texture": "#missing"},
				"south": {"uv": [16, 0, 0, 16], "texture": "#5"},
				"west": {"uv": [0, 0, 0, 16], "texture": "#missing"},
				"up": {"uv": [0, 0, 16, 0], "texture": "#missing"},
				"down": {"uv": [0, 0, 16, 0], "texture": "#missing"}
			}
		},
		{
			"from": [8, 17.596, 0.8768],
			"to": [8, 31.8, 15.1232],
			"rotation": {"angle": -45, "axis": "y", "origin": [8, 32.86, 8]},
			"faces": {
				"north": {"uv": [0, 0, 0, 16], "texture": "#missing"},
				"east": {"uv": [16, 0, 0, 16], "texture": "#5"},
				"south": {"uv": [0, 0, 0, 16], "texture": "#missing"},
				"west": {"uv": [0, 0, 16, 16], "texture": "#5"},
				"up": {"uv": [0, 0, 16, 0], "rotation": 270, "texture": "#missing"},
				"down": {"uv": [0, 0, 16, 0], "rotation": 90, "texture": "#missing"}
			}
		}
	],
	"gui_light": "front",
	"display": {
		"thirdperson_righthand": {
			"translation": [0, 7.5, 0]
		},
		"firstperson_righthand": {
			"rotation": [-30, 11, 0],
			"translation": [-1, 4.75, 2.25],
			"scale": [0.6, 0.6, 0.6]
		},
		"firstperson_lefthand": {
			"rotation": [-30, 11, 0],
			"translation": [-1, 4.75, 2.25],
			"scale": [0.6, 0.6, 0.6]
		},
		"ground": {
			"translation": [0, 5.25, 0],
			"scale": [0.7, 0.7, 0.7]
		},
		"gui": {
			"rotation": [0, 2, -45],
			"translation": [-1.25, -1.5, 0],
			"scale": [0.7, 0.7, 0.7]
		},
		"fixed": {
			"rotation": [0, 0, 45],
			"translation": [2, -2, -1]
		}
	},
	"groups": [0, 1, 2, 3, 4, 5, 6, 7, 8, 9, 10, 11, 12, 13, 14, 15, 16, 17, 18, 19, 20, 21, 22, 23, 24, 25, 26, 27,
		{
			"name": "chicken",
			"origin": [8, 8, 8],
			"color": 0,
			"children": [
				{
					"name": "legs",
					"origin": [0, 0, 0],
					"color": 0,
					"children": [28, 29, 30, 31, 32, 33]
				}, 34, 35, 36, 37, 38, 39]
		}, 40, 41]
}