{
	"credit": "Made with Blockbench",
	"textures": {
		"0": "wands/raw_copper_block",
		"1": "wands/copper_block",
		"2": "wands/yellow_concrete_powder",
		"3": "wands/yellow_stained_glass",
		"4": "wands/yellow_concrete",
		"particle": "wands/raw_copper_block"
	},
	"elements": [
		{
			"from": [7, 0, 7],
			"to": [9, 16, 9],
			"faces": {
				"north": {"uv": [0, 0, 2, 16], "texture": "#2"},
				"east": {"uv": [0, 0, 2, 16], "texture": "#2"},
				"south": {"uv": [0, 0, 2, 16], "texture": "#2"},
				"west": {"uv": [0, 0, 2, 16], "texture": "#2"},
				"up": {"uv": [0, 0, 2, 2], "texture": "#2"},
				"down": {"uv": [0, 0, 2, 2], "texture": "#2"}
			}
		},
		{
			"from": [5, 16, 5],
			"to": [11, 22, 11],
			"faces": {
				"north": {"uv": [0, 0, 6, 6], "texture": "#0"},
				"east": {"uv": [0, 8, 6, 14], "texture": "#0"},
				"south": {"uv": [7, 7, 13, 13], "texture": "#0"},
				"west": {"uv": [10, 0, 16, 6], "texture": "#0"},
				"up": {"uv": [0, 0, 6, 6], "texture": "#0"},
				"down": {"uv": [0, 0, 6, 6], "texture": "#0"}
			}
		},
		{
			"from": [6.95, 14, 2],
			"to": [9.05, 32, 4],
			"rotation": {"angle": -22.5, "axis": "x", "origin": [7.975, 27, 5]},
			"faces": {
				"north": {"uv": [0, 0, 2.1, 16], "texture": "#1"},
				"east": {"uv": [0, 0, 2, 16], "texture": "#1"},
				"south": {"uv": [0, 0, 2.1, 16], "texture": "#1"},
				"west": {"uv": [0, 0, 2, 16], "texture": "#1"},
				"up": {"uv": [0, 0, 2.1, 2], "texture": "#1"},
				"down": {"uv": [0, 0, 2.1, 2], "texture": "#1"}
			}
		},
		{
			"from": [6.975, 14, 12],
			"to": [9.025, 32, 14],
			"rotation": {"angle": 22.5, "axis": "x", "origin": [7.975, 27, 11]},
			"faces": {
				"north": {"uv": [2, 0, 4.05, 16], "texture": "#1"},
				"east": {"uv": [2, 0, 4, 16], "texture": "#1"},
				"south": {"uv": [2, 0, 4.05, 16], "texture": "#1"},
				"west": {"uv": [2, 0, 4, 16], "texture": "#1"},
				"up": {"uv": [0, 2, 2.05, 4], "texture": "#1"},
				"down": {"uv": [0, 2, 2.05, 4], "texture": "#1"}
			}
		},
		{
			"from": [2.87481, 15, 6.95],
			"to": [4.87481, 32, 9.05],
			"rotation": {"angle": 22.5, "axis": "z", "origin": [8, 25.31075, 7.975]},
			"faces": {
				"north": {"uv": [2, 0, 4, 16], "texture": "#1"},
				"east": {"uv": [2, 0, 4.1, 16], "texture": "#1"},
				"south": {"uv": [2, 0, 4, 16], "texture": "#1"},
				"west": {"uv": [2, 0, 4.1, 16], "texture": "#1"},
				"up": {"uv": [0, 2, 2.1, 4], "rotation": 90, "texture": "#1"},
				"down": {"uv": [0, 2, 2.1, 4], "rotation": 270, "texture": "#1"}
			}
		},
		{
			"from": [11.12519, 15, 6.975],
			"to": [13.12519, 32, 9.025],
			"rotation": {"angle": -22.5, "axis": "z", "origin": [8, 25.31075, 7.975]},
			"faces": {
				"north": {"uv": [0, 0, 2, 16], "texture": "#1"},
				"east": {"uv": [0, 0, 2.05, 16], "texture": "#1"},
				"south": {"uv": [0, 0, 2, 16], "texture": "#1"},
				"west": {"uv": [0, 0, 2.05, 16], "texture": "#1"},
				"up": {"uv": [0, 0, 2.05, 2], "rotation": 90, "texture": "#1"},
				"down": {"uv": [0, 0, 2.05, 2], "rotation": 270, "texture": "#1"}
			}
		},
		{
			"from": [6, -3.75, 6],
			"to": [10, 0.25, 10],
			"faces": {
				"north": {"uv": [0, 0, 16, 16], "texture": "#3"},
				"east": {"uv": [0, 0, 16, 16], "texture": "#3"},
				"south": {"uv": [0, 0, 16, 16], "texture": "#3"},
				"west": {"uv": [0, 0, 16, 16], "texture": "#3"},
				"up": {"uv": [0, 0, 16, 16], "texture": "#3"},
				"down": {"uv": [0, 0, 16, 16], "texture": "#3"}
			}
		},
		{
			"from": [6.5, -3, 6.5],
			"to": [9.5, 0, 9.5],
			"faces": {
				"north": {"uv": [0, 0, 3, 3], "texture": "#4"},
				"east": {"uv": [0, 0, 3, 3], "texture": "#4"},
				"south": {"uv": [0, 0, 3, 3], "texture": "#4"},
				"west": {"uv": [0, 0, 3, 3], "texture": "#4"},
				"up": {"uv": [0, 0, 3, 3], "texture": "#4"},
				"down": {"uv": [0, 0, 3, 3], "texture": "#4"}
			}
		}
	],
	"gui_light": "front",
	"display": {
		"thirdperson_righthand": {
			"translation": [0, 1.5, 0]
		},
		"firstperson_righthand": {
			"rotation": [-30, 11, 0],
			"translation": [-1, 4.75, 2.25],
			"scale": [0.6, 0.6, 0.6]
		},
		"firstperson_lefthand": {
			"rotation": [-30, 11, 0],
			"translation": [-1, 4.75, 2.25],
			"scale": [0.6, 0.6, 0.6]
		},
		"ground": {
			"translation": [0, 5.25, 0],
			"scale": [0.7, 0.7, 0.7]
		},
		"gui": {
			"rotation": [0, 2, -45],
			"translation": [-1.25, -1.5, 0],
			"scale": [0.7, 0.7, 0.7]
		},
		"fixed": {
			"rotation": [0, 0, 45],
			"translation": [2, -2, -1]
		}
	}
}