{
	"credit": "Made with Blockbench",
	"textures": {
		"0": "wands/lava_still",
		"1": "wands/magma",
		"5": "wands/blackstone",
		"6": "wands/ancient_debris_side",
		"9": "wands/red_stained_glass",
		"particle": "wands/lava_still"
	},
	"elements": [
		{
			"from": [7, 0, 7],
			"to": [9, 16, 9],
			"faces": {
				"north": {"uv": [0, 0, 2, 16], "texture": "#6"},
				"east": {"uv": [11, 0, 13, 16], "texture": "#6"},
				"south": {"uv": [5, 0, 7, 16], "texture": "#6"},
				"west": {"uv": [2, 0, 4, 16], "texture": "#6"},
				"up": {"uv": [0, 0, 2, 2], "texture": "#6"},
				"down": {"uv": [0, 0, 2, 2], "texture": "#6"}
			}
		},
		{
			"from": [5.5, -4.5, 5.5],
			"to": [10.5, 0.5, 10.5],
			"faces": {
				"north": {"uv": [0, 0, 16, 16], "texture": "#9"},
				"east": {"uv": [0, 0, 16, 16], "texture": "#9"},
				"south": {"uv": [0, 0, 16, 16], "texture": "#9"},
				"west": {"uv": [0, 0, 16, 16], "texture": "#9"},
				"up": {"uv": [0, 0, 16, 16], "texture": "#9"},
				"down": {"uv": [0, 0, 16, 16], "texture": "#9"}
			}
		},
		{
			"from": [6, -4, 6],
			"to": [10, 0, 10],
			"faces": {
				"north": {"uv": [0, 0, 4, 4], "texture": "#0"},
				"east": {"uv": [0, 0, 4, 4], "texture": "#0"},
				"south": {"uv": [0, 0, 4, 4], "texture": "#0"},
				"west": {"uv": [0, 0, 4, 4], "texture": "#0"},
				"up": {"uv": [0, 0, 4, 4], "texture": "#0"},
				"down": {"uv": [0, 0, 4, 4], "texture": "#0"}
			}
		},
		{
			"from": [6.025, 19, -5],
			"to": [9.975, 21, 7],
			"rotation": {"angle": 45, "axis": "x", "origin": [8, 15.5, 1.5]},
			"faces": {
				"north": {"uv": [0, 0, 3.95, 2], "texture": "#5"},
				"east": {"uv": [0, 0, 12, 2], "texture": "#5"},
				"south": {"uv": [0, 0, 3.95, 2], "texture": "#5"},
				"west": {"uv": [0, 0, 12, 2], "texture": "#5"},
				"up": {"uv": [0, 0, 3.95, 12], "texture": "#5"},
				"down": {"uv": [0, 0, 3.95, 12], "texture": "#5"}
			}
		},
		{
			"from": [6, 19, 8.8],
			"to": [10, 21, 21],
			"rotation": {"angle": -45, "axis": "x", "origin": [8, 15.5, 14.5]},
			"faces": {
				"north": {"uv": [4, 0, 8, 2], "texture": "#5"},
				"east": {"uv": [3.8, 0, 16, 2], "texture": "#5"},
				"south": {"uv": [4, 0, 8, 2], "texture": "#5"},
				"west": {"uv": [3.8, 0, 16, 2], "texture": "#5"},
				"up": {"uv": [0, 3.8, 4, 16], "texture": "#5"},
				"down": {"uv": [0, 3.8, 4, 16], "texture": "#5"}
			}
		},
		{
			"from": [-0.59619, 15.43934, 6],
			"to": [11.60381, 17.43934, 10],
			"rotation": {"angle": -45, "axis": "z", "origin": [8, 19.03553, 8]},
			"faces": {
				"north": {"uv": [3.75, 0, 15.95, 2], "texture": "#5"},
				"east": {"uv": [4, 0, 8, 2], "texture": "#5"},
				"south": {"uv": [3.75, 0, 15.95, 2], "texture": "#5"},
				"west": {"uv": [4, 0, 8, 2], "texture": "#5"},
				"up": {"uv": [0, 3.75, 4, 15.95], "rotation": 90, "texture": "#5"},
				"down": {"uv": [0, 3.75, 4, 15.95], "rotation": 270, "texture": "#5"}
			}
		},
		{
			"from": [4.59619, 15.43934, 6.025],
			"to": [16.59619, 17.43934, 9.975],
			"rotation": {"angle": 45, "axis": "z", "origin": [8, 19.03553, 8]},
			"faces": {
				"north": {"uv": [0, 0, 12, 2], "texture": "#5"},
				"east": {"uv": [0, 0, 3.95, 2], "texture": "#5"},
				"south": {"uv": [0, 0, 12, 2], "texture": "#5"},
				"west": {"uv": [0, 0, 3.95, 2], "texture": "#5"},
				"up": {"uv": [0, 0, 3.95, 12], "rotation": 90, "texture": "#5"},
				"down": {"uv": [0, 0, 3.95, 12], "rotation": 270, "texture": "#5"}
			}
		},
		{
			"from": [4, 22, 4],
			"to": [12, 30, 12],
			"faces": {
				"north": {"uv": [0, 0, 8, 8], "texture": "#0"},
				"east": {"uv": [0, 0, 8, 8], "texture": "#0"},
				"south": {"uv": [0, 0, 8, 8], "texture": "#0"},
				"west": {"uv": [0, 0, 8, 8], "texture": "#0"},
				"up": {"uv": [0, 0, 8, 8], "texture": "#0"},
				"down": {"uv": [0, 0, 8, 8], "texture": "#0"}
			}
		},
		{
			"from": [7, 27.26515, 1.4092],
			"to": [9, 29.26515, 7.4092],
			"rotation": {"angle": -45, "axis": "x", "origin": [8, 24.67435, 8]},
			"faces": {
				"north": {"uv": [0, 0, 2, 2], "texture": "#1"},
				"east": {"uv": [0, 0, 6, 2], "texture": "#1"},
				"south": {"uv": [0, 0, 2, 2], "texture": "#1"},
				"west": {"uv": [0, 0, 6, 2], "texture": "#1"},
				"up": {"uv": [0, 0, 2, 6], "texture": "#1"},
				"down": {"uv": [0, 0, 2, 6], "texture": "#1"}
			}
		},
		{
			"from": [7, 27.26515, 8.5908],
			"to": [9, 29.26515, 14.5908],
			"rotation": {"angle": 45, "axis": "x", "origin": [8, 24.67435, 8]},
			"faces": {
				"north": {"uv": [2, 0, 4, 2], "texture": "#1"},
				"east": {"uv": [6, 0, 12, 2], "texture": "#1"},
				"south": {"uv": [2, 0, 4, 2], "texture": "#1"},
				"west": {"uv": [6, 0, 12, 2], "texture": "#1"},
				"up": {"uv": [0, 6, 2, 12], "texture": "#1"},
				"down": {"uv": [0, 6, 2, 12], "texture": "#1"}
			}
		},
		{
			"from": [1.4092, 27.26515, 7],
			"to": [7.4092, 29.26515, 9],
			"rotation": {"angle": 45, "axis": "z", "origin": [8, 24.67435, 8]},
			"faces": {
				"north": {"uv": [6, 0, 12, 2], "texture": "#1"},
				"east": {"uv": [2, 0, 4, 2], "texture": "#1"},
				"south": {"uv": [6, 0, 12, 2], "texture": "#1"},
				"west": {"uv": [2, 0, 4, 2], "texture": "#1"},
				"up": {"uv": [0, 6, 2, 12], "rotation": 90, "texture": "#1"},
				"down": {"uv": [0, 6, 2, 12], "rotation": 270, "texture": "#1"}
			}
		},
		{
			"from": [8.5908, 27.26515, 7],
			"to": [14.5908, 29.26515, 9],
			"rotation": {"angle": -45, "axis": "z", "origin": [8, 24.67435, 8]},
			"faces": {
				"north": {"uv": [0, 0, 6, 2], "texture": "#1"},
				"east": {"uv": [0, 0, 2, 2], "texture": "#1"},
				"south": {"uv": [0, 0, 6, 2], "texture": "#1"},
				"west": {"uv": [0, 0, 2, 2], "texture": "#1"},
				"up": {"uv": [0, 0, 2, 6], "rotation": 90, "texture": "#1"},
				"down": {"uv": [0, 0, 2, 6], "rotation": 270, "texture": "#1"}
			}
		}
	],
	"gui_light": "front",
	"display": {
		"firstperson_righthand": {
			"rotation": [-30, 11, 0],
			"translation": [-1, 4.75, 2.25],
			"scale": [0.6, 0.6, 0.6]
		},
		"firstperson_lefthand": {
			"rotation": [-30, 11, 0],
			"translation": [-1, 4.75, 2.25],
			"scale": [0.6, 0.6, 0.6]
		},
		"ground": {
			"translation": [0, 5.25, 0],
			"scale": [0.7, 0.7, 0.7]
		},
		"gui": {
			"rotation": [0, 2, -45],
			"translation": [-3, -3, 0],
			"scale": [0.7, 0.7, 0.7]
		},
		"fixed": {
			"rotation": [0, 0, 45],
			"translation": [2, -2, -1]
		}
	}
}