{
	"credit": "Made with Blockbench",
	"textures": {
		"0": "wands/iron_ore",
		"1": "wands/raw_iron_block",
		"2": "wands/stone",
		"3": "wands/deepslate",
		"4": "wands/blackstone",
		"particle": "wands/iron_ore"
	},
	"elements": [
		{
			"from": [7, 0, 7],
			"to": [9, 16, 9],
			"faces": {
				"north": {"uv": [0, 0, 2, 16], "texture": "#4"},
				"east": {"uv": [0, 0, 2, 16], "texture": "#4"},
				"south": {"uv": [0, 0, 2, 16], "texture": "#4"},
				"west": {"uv": [0, 0, 2, 16], "texture": "#4"},
				"up": {"uv": [0, 0, 2, 2], "texture": "#4"},
				"down": {"uv": [0, 0, 2, 2], "texture": "#4"}
			}
		},
		{
			"from": [4, 18, 4],
			"to": [12, 26, 12],
			"faces": {
				"north": {"uv": [0, 0, 8, 8], "texture": "#1"},
				"east": {"uv": [0, 0, 8, 8], "texture": "#1"},
				"south": {"uv": [0, 0, 8, 8], "texture": "#1"},
				"west": {"uv": [0, 0, 8, 8], "texture": "#1"},
				"up": {"uv": [0, 0, 8, 8], "texture": "#1"},
				"down": {"uv": [0, 0, 8, 8], "texture": "#1"}
			}
		},
		{
			"from": [5, 20, 3],
			"to": [11, 24, 4],
			"rotation": {"angle": 0, "axis": "z", "origin": [8, 22, 3.5]},
			"faces": {
				"north": {"uv": [0, 0, 4, 6], "rotation": 90, "texture": "#0"},
				"east": {"uv": [0, 0, 4, 1], "rotation": 270, "texture": "#0"},
				"south": {"uv": [0, 0, 4, 6], "rotation": 270, "texture": "#0"},
				"west": {"uv": [0, 0, 4, 1], "rotation": 270, "texture": "#0"},
				"up": {"uv": [0, 0, 1, 6], "rotation": 270, "texture": "#0"},
				"down": {"uv": [0, 0, 1, 6], "rotation": 270, "texture": "#0"}
			}
		},
		{
			"from": [6, 19, 3],
			"to": [10, 25, 4],
			"faces": {
				"north": {"uv": [0, 0, 4, 6], "texture": "#0"},
				"east": {"uv": [0, 0, 1, 6], "texture": "#0"},
				"south": {"uv": [0, 0, 4, 6], "texture": "#0"},
				"west": {"uv": [0, 0, 1, 6], "texture": "#0"},
				"up": {"uv": [0, 0, 4, 1], "texture": "#0"},
				"down": {"uv": [0, 0, 4, 1], "texture": "#0"}
			}
		},
		{
			"from": [12, 19, 6],
			"to": [13, 25, 10],
			"rotation": {"angle": 0, "axis": "y", "origin": [8, 22, 8]},
			"faces": {
				"north": {"uv": [0, 0, 1, 6], "texture": "#0"},
				"east": {"uv": [0, 0, 4, 6], "texture": "#0"},
				"south": {"uv": [0, 0, 1, 6], "texture": "#0"},
				"west": {"uv": [0, 0, 4, 6], "texture": "#0"},
				"up": {"uv": [0, 0, 4, 1], "rotation": 90, "texture": "#0"},
				"down": {"uv": [0, 0, 4, 1], "rotation": 270, "texture": "#0"}
			}
		},
		{
			"from": [12, 20, 5],
			"to": [13, 24, 11],
			"rotation": {"angle": 0, "axis": "y", "origin": [8, 22, 8]},
			"faces": {
				"north": {"uv": [0, 0, 4, 1], "rotation": 270, "texture": "#0"},
				"east": {"uv": [0, 0, 4, 6], "rotation": 90, "texture": "#0"},
				"south": {"uv": [0, 0, 4, 1], "rotation": 270, "texture": "#0"},
				"west": {"uv": [0, 0, 4, 6], "rotation": 270, "texture": "#0"},
				"up": {"uv": [0, 0, 1, 6], "texture": "#0"},
				"down": {"uv": [0, 0, 1, 6], "rotation": 180, "texture": "#0"}
			}
		},
		{
			"from": [5, 26, 6],
			"to": [11, 27, 10],
			"rotation": {"angle": 0, "axis": "z", "origin": [8, 22, 8]},
			"faces": {
				"north": {"uv": [0, 0, 1, 6], "rotation": 90, "texture": "#0"},
				"east": {"uv": [0, 0, 4, 1], "rotation": 180, "texture": "#0"},
				"south": {"uv": [0, 0, 1, 6], "rotation": 270, "texture": "#0"},
				"west": {"uv": [0, 0, 4, 1], "texture": "#0"},
				"up": {"uv": [0, 0, 4, 6], "rotation": 270, "texture": "#0"},
				"down": {"uv": [0, 0, 4, 6], "rotation": 270, "texture": "#0"}
			}
		},
		{
			"from": [6, 26, 5],
			"to": [10, 27, 11],
			"rotation": {"angle": 0, "axis": "z", "origin": [8, 22, 8]},
			"faces": {
				"north": {"uv": [0, 0, 4, 1], "texture": "#0"},
				"east": {"uv": [0, 0, 1, 6], "rotation": 90, "texture": "#0"},
				"south": {"uv": [0, 0, 4, 1], "rotation": 180, "texture": "#0"},
				"west": {"uv": [0, 0, 1, 6], "rotation": 270, "texture": "#0"},
				"up": {"uv": [3, 7, 7, 13], "texture": "#0"},
				"down": {"uv": [0, 0, 4, 6], "rotation": 180, "texture": "#0"}
			}
		},
		{
			"from": [5, 17, 6],
			"to": [11, 18, 10],
			"rotation": {"angle": 0, "axis": "z", "origin": [8, 22, 8]},
			"faces": {
				"north": {"uv": [1, 0, 2, 6], "rotation": 90, "texture": "#0"},
				"east": {"uv": [0, 1, 4, 2], "rotation": 180, "texture": "#0"},
				"south": {"uv": [1, 0, 2, 6], "rotation": 270, "texture": "#0"},
				"west": {"uv": [0, 1, 4, 2], "texture": "#0"},
				"up": {"uv": [4, 0, 8, 6], "rotation": 270, "texture": "#0"},
				"down": {"uv": [2, 7, 6, 13], "rotation": 270, "texture": "#0"}
			}
		},
		{
			"from": [6, 17, 5],
			"to": [10, 18, 11],
			"rotation": {"angle": 0, "axis": "z", "origin": [8, 22, 8]},
			"faces": {
				"north": {"uv": [0, 1, 4, 2], "texture": "#0"},
				"east": {"uv": [1, 0, 2, 6], "rotation": 90, "texture": "#0"},
				"south": {"uv": [0, 1, 4, 2], "rotation": 180, "texture": "#0"},
				"west": {"uv": [1, 0, 2, 6], "rotation": 270, "texture": "#0"},
				"up": {"uv": [0, 6, 4, 12], "rotation": 180, "texture": "#0"},
				"down": {"uv": [0, 6, 4, 12], "texture": "#0"}
			}
		},
		{
			"from": [6, 16, 6],
			"to": [10, 17, 10],
			"faces": {
				"north": {"uv": [0, 0, 4, 1], "texture": "#0"},
				"east": {"uv": [0, 0, 4, 1], "texture": "#0"},
				"south": {"uv": [0, 0, 4, 1], "texture": "#0"},
				"west": {"uv": [0, 0, 4, 1], "texture": "#0"},
				"up": {"uv": [0, 0, 4, 4], "texture": "#0"},
				"down": {"uv": [12, 4, 16, 8], "texture": "#0"}
			}
		},
		{
			"from": [6, 20, 2.5],
			"to": [10, 24, 3.5],
			"rotation": {"angle": 0, "axis": "y", "origin": [8, 22, 8]},
			"faces": {
				"north": {"uv": [2, 11, 6, 15], "rotation": 270, "texture": "#0"},
				"east": {"uv": [0, 0, 4, 1], "rotation": 90, "texture": "#0"},
				"south": {"uv": [0, 0, 4, 4], "rotation": 270, "texture": "#0"},
				"west": {"uv": [0, 0, 4, 1], "rotation": 270, "texture": "#0"},
				"up": {"uv": [0, 0, 4, 1], "texture": "#0"},
				"down": {"uv": [0, 0, 4, 1], "rotation": 180, "texture": "#0"}
			}
		},
		{
			"from": [12.5, 20, 6],
			"to": [13.5, 24, 10],
			"rotation": {"angle": 0, "axis": "z", "origin": [8, 22, 8]},
			"faces": {
				"north": {"uv": [0, 0, 4, 1], "rotation": 90, "texture": "#0"},
				"east": {"uv": [9, 8, 13, 12], "rotation": 270, "texture": "#0"},
				"south": {"uv": [0, 0, 4, 1], "rotation": 270, "texture": "#0"},
				"west": {"uv": [0, 0, 4, 4], "rotation": 270, "texture": "#0"},
				"up": {"uv": [0, 0, 4, 1], "rotation": 270, "texture": "#0"},
				"down": {"uv": [0, 0, 4, 1], "rotation": 270, "texture": "#0"}
			}
		},
		{
			"from": [6, 26.5, 6],
			"to": [10, 27.5, 10],
			"faces": {
				"north": {"uv": [0, 0, 4, 1], "texture": "#0"},
				"east": {"uv": [0, 0, 4, 1], "texture": "#0"},
				"south": {"uv": [0, 0, 4, 1], "texture": "#0"},
				"west": {"uv": [0, 0, 4, 1], "texture": "#0"},
				"up": {"uv": [10, 0, 14, 4], "texture": "#0"},
				"down": {"uv": [0, 0, 4, 4], "texture": "#0"}
			}
		},
		{
			"from": [6, 20, 12.5],
			"to": [10, 24, 13.5],
			"rotation": {"angle": 0, "axis": "y", "origin": [8, 22, 8]},
			"faces": {
				"north": {"uv": [0, 0, 4, 4], "rotation": 270, "texture": "#0"},
				"east": {"uv": [0, 0, 4, 1], "rotation": 90, "texture": "#0"},
				"south": {"uv": [2, 7, 6, 11], "rotation": 270, "texture": "#0"},
				"west": {"uv": [0, 0, 4, 1], "rotation": 270, "texture": "#0"},
				"up": {"uv": [0, 0, 4, 1], "texture": "#0"},
				"down": {"uv": [0, 0, 4, 1], "rotation": 180, "texture": "#0"}
			}
		},
		{
			"from": [6, 19, 12],
			"to": [10, 25, 13],
			"rotation": {"angle": 0, "axis": "y", "origin": [0, 0, 16]},
			"faces": {
				"north": {"uv": [4, 0, 0, 6], "texture": "#0"},
				"east": {"uv": [1, 0, 0, 6], "texture": "#0"},
				"south": {"uv": [4, 0, 0, 6], "texture": "#0"},
				"west": {"uv": [1, 0, 0, 6], "texture": "#0"},
				"up": {"uv": [0, 1, 4, 0], "texture": "#0"},
				"down": {"uv": [0, 1, 4, 0], "texture": "#0"}
			}
		},
		{
			"from": [5, 20, 12],
			"to": [11, 24, 13],
			"rotation": {"angle": 0, "axis": "z", "origin": [8, 22, 12.5]},
			"faces": {
				"north": {"uv": [0, 6, 4, 0], "rotation": 270, "texture": "#0"},
				"east": {"uv": [0, 1, 4, 0], "rotation": 270, "texture": "#0"},
				"south": {"uv": [0, 6, 4, 0], "rotation": 90, "texture": "#0"},
				"west": {"uv": [0, 1, 4, 0], "rotation": 270, "texture": "#0"},
				"up": {"uv": [1, 0, 0, 6], "rotation": 270, "texture": "#0"},
				"down": {"uv": [1, 0, 0, 6], "rotation": 270, "texture": "#0"}
			}
		},
		{
			"from": [3, 20, 5],
			"to": [4, 24, 11],
			"rotation": {"angle": 0, "axis": "y", "origin": [8, 22, 8]},
			"faces": {
				"north": {"uv": [0, 1, 4, 2], "rotation": 270, "texture": "#0"},
				"east": {"uv": [0, 6, 4, 12], "rotation": 270, "texture": "#0"},
				"south": {"uv": [0, 1, 4, 2], "rotation": 270, "texture": "#0"},
				"west": {"uv": [9, 8, 13, 14], "rotation": 90, "texture": "#0"},
				"up": {"uv": [1, 0, 2, 6], "texture": "#0"},
				"down": {"uv": [1, 0, 2, 6], "rotation": 180, "texture": "#0"}
			}
		},
		{
			"from": [2.5, 20, 6],
			"to": [3.5, 24, 10],
			"rotation": {"angle": 0, "axis": "z", "origin": [8, 22, 8]},
			"faces": {
				"north": {"uv": [0, 0, 4, 1], "rotation": 90, "texture": "#0"},
				"east": {"uv": [0, 0, 4, 4], "rotation": 270, "texture": "#0"},
				"south": {"uv": [0, 0, 4, 1], "rotation": 270, "texture": "#0"},
				"west": {"uv": [1, 1, 5, 5], "rotation": 270, "texture": "#0"},
				"up": {"uv": [0, 0, 4, 1], "rotation": 270, "texture": "#0"},
				"down": {"uv": [0, 0, 4, 1], "rotation": 270, "texture": "#0"}
			}
		},
		{
			"from": [3, 19, 6],
			"to": [4, 25, 10],
			"rotation": {"angle": 0, "axis": "y", "origin": [8, 22, 8]},
			"faces": {
				"north": {"uv": [1, 0, 2, 6], "texture": "#0"},
				"east": {"uv": [4, 0, 8, 6], "texture": "#0"},
				"south": {"uv": [1, 0, 2, 6], "texture": "#0"},
				"west": {"uv": [4, 0, 8, 6], "texture": "#0"},
				"up": {"uv": [0, 1, 4, 2], "rotation": 90, "texture": "#0"},
				"down": {"uv": [0, 1, 4, 2], "rotation": 270, "texture": "#0"}
			}
		},
		{
			"from": [7.025, 11.5, 7.75],
			"to": [8.975, 19, 9.75],
			"rotation": {"angle": 22.5, "axis": "x", "origin": [8, 13.5, 9.5]},
			"faces": {
				"north": {"uv": [0, 0, 1.95, 7.5], "texture": "#3"},
				"east": {"uv": [0, 0, 2, 7.5], "texture": "#3"},
				"south": {"uv": [0, 0, 1.95, 7.5], "texture": "#3"},
				"west": {"uv": [0, 0, 2, 7.5], "texture": "#3"},
				"up": {"uv": [0, 0, 1.95, 2], "texture": "#3"},
				"down": {"uv": [0, 0, 1.95, 2], "texture": "#3"}
			}
		},
		{
			"from": [7.025, 11.5, 6.25],
			"to": [8.975, 19, 8.25],
			"rotation": {"angle": -22.5, "axis": "x", "origin": [8, 13.5, 6.5]},
			"faces": {
				"north": {"uv": [1.95, 0, 0, 7.5], "texture": "#3"},
				"east": {"uv": [2, 0, 0, 7.5], "texture": "#3"},
				"south": {"uv": [1.95, 0, 0, 7.5], "texture": "#3"},
				"west": {"uv": [2, 0, 0, 7.5], "texture": "#3"},
				"up": {"uv": [0, 2, 1.95, 0], "texture": "#3"},
				"down": {"uv": [0, 2, 1.95, 0], "texture": "#3"}
			}
		},
		{
			"from": [8.36437, 12.21894, 7.025],
			"to": [10.36437, 19.71894, 8.975],
			"rotation": {"angle": -22.5, "axis": "z", "origin": [8, 15.4038, 8]},
			"faces": {
				"north": {"uv": [2, 0, 4, 7.5], "texture": "#3"},
				"east": {"uv": [1.95, 0, 3.9, 7.5], "texture": "#3"},
				"south": {"uv": [2, 0, 4, 7.5], "texture": "#3"},
				"west": {"uv": [1.95, 0, 3.9, 7.5], "texture": "#3"},
				"up": {"uv": [0, 2, 1.95, 4], "rotation": 90, "texture": "#3"},
				"down": {"uv": [0, 2, 1.95, 4], "rotation": 270, "texture": "#3"}
			}
		},
		{
			"from": [5.63563, 12.21894, 7.025],
			"to": [7.63563, 19.71894, 8.975],
			"rotation": {"angle": 22.5, "axis": "z", "origin": [8, 15.4038, 8]},
			"faces": {
				"north": {"uv": [0, 0, 2, 7.5], "texture": "#3"},
				"east": {"uv": [0, 0, 1.95, 7.5], "texture": "#3"},
				"south": {"uv": [0, 0, 2, 7.5], "texture": "#3"},
				"west": {"uv": [0, 0, 1.95, 7.5], "texture": "#3"},
				"up": {"uv": [0, 0, 1.95, 2], "rotation": 90, "texture": "#3"},
				"down": {"uv": [0, 0, 1.95, 2], "rotation": 270, "texture": "#3"}
			}
		},
		{
			"from": [5.63563, -6.78106, 7.025],
			"to": [7.63563, 0.71894, 8.975],
			"rotation": {"angle": 22.5, "axis": "z", "origin": [8, -3.5962, 8]},
			"faces": {
				"north": {"uv": [0, 0, 2, 7.5], "texture": "#2"},
				"east": {"uv": [0, 0, 1.95, 7.5], "texture": "#2"},
				"south": {"uv": [0, 0, 2, 7.5], "texture": "#2"},
				"west": {"uv": [0, 0, 1.95, 7.5], "texture": "#2"},
				"up": {"uv": [0, 0, 1.95, 2], "rotation": 90, "texture": "#2"},
				"down": {"uv": [0, 0, 1.95, 2], "rotation": 270, "texture": "#2"}
			}
		},
		{
			"from": [7.025, -7.5, 6.25],
			"to": [8.975, 0, 8.25],
			"rotation": {"angle": -22.5, "axis": "x", "origin": [8, -5.5, 6.5]},
			"faces": {
				"north": {"uv": [1.95, 0, 3.9, 7.5], "texture": "#2"},
				"east": {"uv": [2, 0, 4, 7.5], "texture": "#2"},
				"south": {"uv": [1.95, 0, 3.9, 7.5], "texture": "#2"},
				"west": {"uv": [2, 0, 4, 7.5], "texture": "#2"},
				"up": {"uv": [0, 2, 1.95, 4], "texture": "#2"},
				"down": {"uv": [0, 2, 1.95, 4], "texture": "#2"}
			}
		},
		{
			"from": [7.025, -7.5, 7.75],
			"to": [8.975, 0, 9.75],
			"rotation": {"angle": 22.5, "axis": "x", "origin": [8, -5.5, 9.5]},
			"faces": {
				"north": {"uv": [0, 0, 1.95, 7.5], "texture": "#2"},
				"east": {"uv": [0, 0, 2, 7.5], "texture": "#2"},
				"south": {"uv": [0, 0, 1.95, 7.5], "texture": "#2"},
				"west": {"uv": [0, 0, 2, 7.5], "texture": "#2"},
				"up": {"uv": [0, 0, 1.95, 2], "texture": "#2"},
				"down": {"uv": [0, 0, 1.95, 2], "texture": "#2"}
			}
		},
		{
			"from": [8.36437, -6.78106, 7.025],
			"to": [10.36437, 0.71894, 8.975],
			"rotation": {"angle": -22.5, "axis": "z", "origin": [8, -3.5962, 8]},
			"faces": {
				"north": {"uv": [2, 0, 4, 7.5], "texture": "#2"},
				"east": {"uv": [1.95, 0, 3.9, 7.5], "texture": "#2"},
				"south": {"uv": [2, 0, 4, 7.5], "texture": "#2"},
				"west": {"uv": [1.95, 0, 3.9, 7.5], "texture": "#2"},
				"up": {"uv": [0, 2, 1.95, 4], "rotation": 90, "texture": "#2"},
				"down": {"uv": [0, 2, 1.95, 4], "rotation": 270, "texture": "#2"}
			}
		},
		{
			"from": [6, -4, 6],
			"to": [10, 1, 10],
			"faces": {
				"north": {"uv": [0, 0, 4, 5], "texture": "#3"},
				"east": {"uv": [0, 0, 4, 5], "texture": "#3"},
				"south": {"uv": [0, 0, 4, 5], "texture": "#3"},
				"west": {"uv": [0, 0, 4, 5], "texture": "#3"},
				"up": {"uv": [0, 0, 4, 4], "texture": "#3"},
				"down": {"uv": [0, 0, 4, 4], "texture": "#3"}
			}
		}
	],
	"gui_light": "front",
	"display": {
		"thirdperson_righthand": {
			"translation": [0, 1.5, 0]
		},
		"firstperson_righthand": {
			"rotation": [-30, 11, 0],
			"translation": [-1, 4.75, 2.25],
			"scale": [0.6, 0.6, 0.6]
		},
		"firstperson_lefthand": {
			"rotation": [-30, 11, 0],
			"translation": [-1, 4.75, 2.25],
			"scale": [0.6, 0.6, 0.6]
		},
		"ground": {
			"translation": [0, 5.25, 0],
			"scale": [0.7, 0.7, 0.7]
		},
		"gui": {
			"rotation": [0, 2, -45],
			"translation": [-1.25, -1.5, 0],
			"scale": [0.7, 0.7, 0.7]
		},
		"fixed": {
			"rotation": [0, 0, 45],
			"translation": [2, -2, -1]
		}
	},
	"groups": [0, 1,
		{
			"name": "group",
			"origin": [8, 22, 8],
			"color": 0,
			"children": [2, 3, 4, 5, 6, 7, 8, 9, 10, 11, 12, 13, 14, 15, 16, 17, 18, 19]
		}, 20, 21, 22, 23, 24, 25, 26, 27, 28]
}