{
	"credit": "Made with Blockbench",
	"textures": {
		"0": "wands/raw_gold_block",
		"2": "wands/yellow_concrete_powder",
		"3": "wands/yellow_stained_glass",
		"4": "wands/copper_block",
		"5": "wands/cut_copper",
		"6": "wands/gold_block",
		"particle": "wands/raw_gold_block"
	},
	"elements": [
		{
			"from": [7, 0, 7],
			"to": [9, 16, 9],
			"faces": {
				"north": {"uv": [0, 0, 2, 16], "texture": "#2"},
				"east": {"uv": [0, 0, 2, 16], "texture": "#2"},
				"south": {"uv": [0, 0, 2, 16], "texture": "#2"},
				"west": {"uv": [0, 0, 2, 16], "texture": "#2"},
				"up": {"uv": [0, 0, 2, 2], "texture": "#2"},
				"down": {"uv": [0, 0, 2, 2], "texture": "#2"}
			}
		},
		{
			"from": [5, 16, 5],
			"to": [11, 22, 11],
			"faces": {
				"north": {"uv": [0, 0, 6, 6], "texture": "#0"},
				"east": {"uv": [0, 0, 6, 6], "texture": "#0"},
				"south": {"uv": [0, 0, 6, 6], "texture": "#0"},
				"west": {"uv": [0, 0, 6, 6], "texture": "#0"},
				"up": {"uv": [0, 0, 6, 6], "texture": "#0"},
				"down": {"uv": [0, 0, 6, 6], "texture": "#0"}
			}
		},
		{
			"from": [4, 15, 4],
			"to": [12, 23, 12],
			"faces": {
				"north": {"uv": [0, 0, 16, 16], "texture": "#3"},
				"east": {"uv": [0, 0, 16, 16], "texture": "#3"},
				"south": {"uv": [0, 0, 16, 16], "texture": "#3"},
				"west": {"uv": [0, 0, 16, 16], "texture": "#3"},
				"up": {"uv": [0, 0, 16, 16], "texture": "#3"},
				"down": {"uv": [0, 0, 16, 16], "texture": "#3"}
			}
		},
		{
			"from": [1, 18, 7],
			"to": [15, 20, 9],
			"rotation": {"angle": 0, "axis": "y", "origin": [16, 0, 0]},
			"faces": {
				"north": {"uv": [2, 0, 16, 2], "texture": "#4"},
				"east": {"uv": [2, 0, 4, 2], "texture": "#4"},
				"south": {"uv": [2, 0, 16, 2], "texture": "#4"},
				"west": {"uv": [2, 0, 4, 2], "texture": "#4"},
				"up": {"uv": [2, 0, 16, 2], "texture": "#4"},
				"down": {"uv": [2, 0, 16, 2], "texture": "#4"}
			}
		},
		{
			"from": [7, 18, 1],
			"to": [9, 20, 15],
			"rotation": {"angle": 0, "axis": "y", "origin": [8, 19, 8]},
			"faces": {
				"north": {"uv": [2, 0, 4, 2], "texture": "#4"},
				"east": {"uv": [2, 0, 16, 2], "texture": "#4"},
				"south": {"uv": [2, 0, 4, 2], "texture": "#4"},
				"west": {"uv": [2, 0, 16, 2], "texture": "#4"},
				"up": {"uv": [2, 0, 16, 2], "rotation": 90, "texture": "#4"},
				"down": {"uv": [2, 0, 16, 2], "rotation": 270, "texture": "#4"}
			}
		},
		{
			"from": [1, 18, 7],
			"to": [15, 20, 9],
			"rotation": {"angle": 45, "axis": "y", "origin": [8, 19, 8]},
			"faces": {
				"north": {"uv": [2, 0, 16, 2], "texture": "#4"},
				"east": {"uv": [2, 0, 4, 2], "texture": "#4"},
				"south": {"uv": [2, 0, 16, 2], "texture": "#4"},
				"west": {"uv": [2, 0, 4, 2], "texture": "#4"},
				"up": {"uv": [2, 0, 16, 2], "rotation": 180, "texture": "#4"},
				"down": {"uv": [2, 0, 16, 2], "rotation": 180, "texture": "#4"}
			}
		},
		{
			"from": [7, 18, 1],
			"to": [9, 20, 15],
			"rotation": {"angle": 45, "axis": "y", "origin": [8, 19, 8]},
			"faces": {
				"north": {"uv": [2, 0, 4, 2], "texture": "#4"},
				"east": {"uv": [2, 0, 16, 2], "texture": "#4"},
				"south": {"uv": [2, 0, 4, 2], "texture": "#4"},
				"west": {"uv": [2, 0, 16, 2], "texture": "#4"},
				"up": {"uv": [2, 0, 16, 2], "rotation": 90, "texture": "#4"},
				"down": {"uv": [2, 0, 16, 2], "rotation": 270, "texture": "#4"}
			}
		},
		{
			"from": [7, 21, 3],
			"to": [9, 31, 4],
			"rotation": {"angle": -22.5, "axis": "x", "origin": [8, 28, 4.5]},
			"faces": {
				"north": {"uv": [0, 0, 2, 10], "texture": "#5"},
				"east": {"uv": [0, 0, 1, 10], "texture": "#5"},
				"south": {"uv": [0, 0, 2, 10], "texture": "#5"},
				"west": {"uv": [0, 0, 1, 10], "texture": "#5"},
				"up": {"uv": [0, 0, 2, 1], "texture": "#5"},
				"down": {"uv": [0, 0, 2, 1], "texture": "#5"}
			}
		},
		{
			"from": [7, 21, 12],
			"to": [9, 31, 13],
			"rotation": {"angle": 22.5, "axis": "x", "origin": [8, 28, 11.5]},
			"faces": {
				"north": {"uv": [2, 0, 0, 10], "texture": "#5"},
				"east": {"uv": [1, 0, 0, 10], "texture": "#5"},
				"south": {"uv": [2, 0, 0, 10], "texture": "#5"},
				"west": {"uv": [1, 0, 0, 10], "texture": "#5"},
				"up": {"uv": [0, 1, 2, 0], "texture": "#5"},
				"down": {"uv": [0, 1, 2, 0], "texture": "#5"}
			}
		},
		{
			"from": [4.11998, 22, 7],
			"to": [5.11998, 32, 9],
			"rotation": {"angle": 22.5, "axis": "z", "origin": [8, 25.76956, 8]},
			"faces": {
				"north": {"uv": [1, 0, 2, 10], "texture": "#5"},
				"east": {"uv": [2, 0, 4, 10], "texture": "#5"},
				"south": {"uv": [1, 0, 2, 10], "texture": "#5"},
				"west": {"uv": [2, 0, 4, 10], "texture": "#5"},
				"up": {"uv": [0, 1, 2, 2], "rotation": 90, "texture": "#5"},
				"down": {"uv": [0, 1, 2, 2], "rotation": 270, "texture": "#5"}
			}
		},
		{
			"from": [10.88002, 22, 7],
			"to": [11.88002, 32, 9],
			"rotation": {"angle": -22.5, "axis": "z", "origin": [8, 25.76956, 8]},
			"faces": {
				"north": {"uv": [0, 0, 1, 10], "texture": "#5"},
				"east": {"uv": [0, 0, 2, 10], "texture": "#5"},
				"south": {"uv": [0, 0, 1, 10], "texture": "#5"},
				"west": {"uv": [0, 0, 2, 10], "texture": "#5"},
				"up": {"uv": [0, 0, 2, 1], "rotation": 90, "texture": "#5"},
				"down": {"uv": [0, 0, 2, 1], "rotation": 270, "texture": "#5"}
			}
		},
		{
			"from": [6.61998, 12, 7.025],
			"to": [7.61998, 17, 8.975],
			"rotation": {"angle": 22.5, "axis": "z", "origin": [8, 13.76956, 8]},
			"faces": {
				"north": {"uv": [1, 0, 2, 5], "texture": "#5"},
				"east": {"uv": [2, 0, 3.95, 5], "texture": "#5"},
				"south": {"uv": [1, 0, 2, 5], "texture": "#5"},
				"west": {"uv": [2, 0, 3.95, 5], "texture": "#5"},
				"up": {"uv": [0, 1, 1.95, 2], "rotation": 90, "texture": "#5"},
				"down": {"uv": [0, 1, 1.95, 2], "rotation": 270, "texture": "#5"}
			}
		},
		{
			"from": [8.38002, 12, 7.025],
			"to": [9.38002, 17, 8.975],
			"rotation": {"angle": -22.5, "axis": "z", "origin": [8, 13.76956, 8]},
			"faces": {
				"north": {"uv": [2, 0, 1, 5], "texture": "#5"},
				"east": {"uv": [3.95, 0, 2, 5], "texture": "#5"},
				"south": {"uv": [2, 0, 1, 5], "texture": "#5"},
				"west": {"uv": [3.95, 0, 2, 5], "texture": "#5"},
				"up": {"uv": [0, 2, 1.95, 1], "rotation": 90, "texture": "#5"},
				"down": {"uv": [0, 2, 1.95, 1], "rotation": 270, "texture": "#5"}
			}
		},
		{
			"from": [7.025, 12.02573, 8.5094],
			"to": [8.975, 17.02573, 9.5094],
			"rotation": {"angle": 22.5, "axis": "x", "origin": [8, 14.10763, 8]},
			"faces": {
				"north": {"uv": [3.95, 0, 5.9, 5], "texture": "#5"},
				"east": {"uv": [2, 0, 3, 5], "texture": "#5"},
				"south": {"uv": [3.95, 0, 5.9, 5], "texture": "#5"},
				"west": {"uv": [2, 0, 3, 5], "texture": "#5"},
				"up": {"uv": [0, 2, 1.95, 3], "rotation": 180, "texture": "#5"},
				"down": {"uv": [0, 2, 1.95, 3], "rotation": 180, "texture": "#5"}
			}
		},
		{
			"from": [7.025, 12.02573, 6.4906],
			"to": [8.975, 17.02573, 7.4906],
			"rotation": {"angle": -22.5, "axis": "x", "origin": [8, 14.10763, 8]},
			"faces": {
				"north": {"uv": [2, 0, 3.95, 5], "texture": "#5"},
				"east": {"uv": [1, 0, 2, 5], "texture": "#5"},
				"south": {"uv": [2, 0, 3.95, 5], "texture": "#5"},
				"west": {"uv": [1, 0, 2, 5], "texture": "#5"},
				"up": {"uv": [0, 1, 1.95, 2], "rotation": 180, "texture": "#5"},
				"down": {"uv": [0, 1, 1.95, 2], "rotation": 180, "texture": "#5"}
			}
		},
		{
			"from": [7, -4, 6],
			"to": [9, 1, 7],
			"rotation": {"angle": -22.5, "axis": "x", "origin": [8, -2, 6.5]},
			"faces": {
				"north": {"uv": [0, 0, 2, 5], "texture": "#6"},
				"east": {"uv": [0, 0, 1, 5], "texture": "#6"},
				"south": {"uv": [0, 0, 2, 5], "texture": "#6"},
				"west": {"uv": [0, 0, 1, 5], "texture": "#6"},
				"up": {"uv": [0, 0, 2, 1], "texture": "#6"},
				"down": {"uv": [0, 0, 2, 1], "texture": "#6"}
			}
		},
		{
			"from": [7, -4, 9],
			"to": [9, 1, 10],
			"rotation": {"angle": 22.5, "axis": "x", "origin": [8, -2, 9.5]},
			"faces": {
				"north": {"uv": [2, 0, 0, 5], "texture": "#6"},
				"east": {"uv": [1, 0, 0, 5], "texture": "#6"},
				"south": {"uv": [2, 0, 0, 5], "texture": "#6"},
				"west": {"uv": [1, 0, 0, 5], "texture": "#6"},
				"up": {"uv": [0, 1, 2, 0], "texture": "#6"},
				"down": {"uv": [0, 1, 2, 0], "texture": "#6"}
			}
		},
		{
			"from": [5.9374, -3.39081, 7],
			"to": [6.9374, 1.60919, 9],
			"rotation": {"angle": 22.5, "axis": "z", "origin": [8, -1.53806, 8]},
			"faces": {
				"north": {"uv": [1, 0, 2, 5], "texture": "#6"},
				"east": {"uv": [2, 0, 4, 5], "texture": "#6"},
				"south": {"uv": [1, 0, 2, 5], "texture": "#6"},
				"west": {"uv": [2, 0, 4, 5], "texture": "#6"},
				"up": {"uv": [0, 1, 2, 2], "rotation": 90, "texture": "#6"},
				"down": {"uv": [0, 1, 2, 2], "rotation": 270, "texture": "#6"}
			}
		},
		{
			"from": [9.0626, -3.39081, 7],
			"to": [10.0626, 1.60919, 9],
			"rotation": {"angle": -22.5, "axis": "z", "origin": [8, -1.53806, 8]},
			"faces": {
				"north": {"uv": [0, 0, 1, 5], "texture": "#6"},
				"east": {"uv": [0, 0, 2, 5], "texture": "#6"},
				"south": {"uv": [0, 0, 1, 5], "texture": "#6"},
				"west": {"uv": [0, 0, 2, 5], "texture": "#6"},
				"up": {"uv": [0, 0, 2, 1], "rotation": 90, "texture": "#6"},
				"down": {"uv": [0, 0, 2, 1], "rotation": 270, "texture": "#6"}
			}
		},
		{
			"from": [6.25, -2.5, 6.25],
			"to": [9.75, 0, 9.75],
			"faces": {
				"north": {"uv": [0, 0, 3.5, 2.5], "texture": "#5"},
				"east": {"uv": [0, 0, 3.5, 2.5], "texture": "#5"},
				"south": {"uv": [0, 0, 3.5, 2.5], "texture": "#5"},
				"west": {"uv": [0, 0, 3.5, 2.5], "texture": "#5"},
				"up": {"uv": [0, 0, 3.5, 3.5], "texture": "#5"},
				"down": {"uv": [0, 0, 3.5, 3.5], "texture": "#5"}
			}
		}
	],
	"gui_light": "front",
	"display": {
		"thirdperson_righthand": {
			"translation": [0, 1.5, 0]
		},
		"firstperson_righthand": {
			"rotation": [-30, 11, 0],
			"translation": [-1, 4.75, 2.25],
			"scale": [0.6, 0.6, 0.6]
		},
		"firstperson_lefthand": {
			"rotation": [-30, 11, 0],
			"translation": [-1, 4.75, 2.25],
			"scale": [0.6, 0.6, 0.6]
		},
		"ground": {
			"translation": [0, 5.25, 0],
			"scale": [0.7, 0.7, 0.7]
		},
		"gui": {
			"rotation": [0, 2, -45],
			"translation": [-1.25, -1.5, 0],
			"scale": [0.7, 0.7, 0.7]
		},
		"fixed": {
			"rotation": [0, 0, 45],
			"translation": [2, -2, -1]
		}
	}
}