{
	"credit": "Made with Blockbench",
	"parent": "block/block",
	"textures": {
		"2": "redstone/collector_side",
		"3": "redstone/magenta_stained_glass",
		"4": "redstone/collector_up",
		"5": "redstone/end_portal_frame_eye",
		"6": "redstone/obsidian",
		"7": "redstone/crying_obsidian",
		"particle": "redstone/magenta_stained_glass"
	},
	"elements": [
		{
			"from": [6.75, 16, -0.5],
			"to": [9.25, 17.5, 1.5],
			"rotation": {"angle": 0, "axis": "x", "origin": [8, 17, 0.5]},
			"faces": {
				"north": {"uv": [0, 0, 2.5, 1.5], "texture": "#6"},
				"east": {"uv": [0, 0, 2, 1.5], "texture": "#6"},
				"south": {"uv": [0, 0, 2.5, 1.5], "texture": "#6"},
				"west": {"uv": [0, 0, 2, 1.5], "texture": "#6"},
				"up": {"uv": [0, 0, 2.5, 2], "texture": "#6"},
				"down": {"uv": [0, 0, 2.5, 2], "texture": "#6"}
			}
		},
		{
			"from": [-0.50002, 16, 6.72971],
			"to": [1.49998, 17.5, 9.22971],
			"rotation": {"angle": 0, "axis": "x", "origin": [8.01014, 18.192, 7.98985]},
			"faces": {
				"north": {"uv": [2, 0, 4, 1.5], "texture": "#6"},
				"east": {"uv": [2.5, 0, 5, 1.5], "texture": "#6"},
				"south": {"uv": [2, 0, 4, 1.5], "texture": "#6"},
				"west": {"uv": [2.5, 0, 5, 1.5], "texture": "#6"},
				"up": {"uv": [0, 2, 2.5, 4], "rotation": 90, "texture": "#6"},
				"down": {"uv": [0, 2, 2.5, 4], "rotation": 270, "texture": "#6"}
			}
		},
		{
			"from": [6.75, 16, 14.5],
			"to": [9.25, 17.5, 16.5],
			"rotation": {"angle": 0, "axis": "x", "origin": [8, 17, 15.5]},
			"faces": {
				"north": {"uv": [2.5, 0, 0, 1.5], "texture": "#6"},
				"east": {"uv": [2, 0, 0, 1.5], "texture": "#6"},
				"south": {"uv": [2.5, 0, 0, 1.5], "texture": "#6"},
				"west": {"uv": [2, 0, 0, 1.5], "texture": "#6"},
				"up": {"uv": [0, 2, 2.5, 0], "texture": "#6"},
				"down": {"uv": [0, 2, 2.5, 0], "texture": "#6"}
			}
		},
		{
			"from": [14.49998, 16, 6.72971],
			"to": [16.49998, 17.5, 9.22971],
			"rotation": {"angle": 0, "axis": "x", "origin": [8.01014, 18.192, 7.98985]},
			"faces": {
				"north": {"uv": [0, 0, 2, 1.5], "texture": "#6"},
				"east": {"uv": [0, 0, 2.5, 1.5], "texture": "#6"},
				"south": {"uv": [0, 0, 2, 1.5], "texture": "#6"},
				"west": {"uv": [0, 0, 2.5, 1.5], "texture": "#6"},
				"up": {"uv": [0, 0, 2.5, 2], "rotation": 90, "texture": "#6"},
				"down": {"uv": [0, 0, 2.5, 2], "rotation": 270, "texture": "#6"}
			}
		},
		{
			"from": [7, 16.05, 0.175],
			"to": [9, 18.05, 6.425],
			"rotation": {"angle": -45, "axis": "x", "origin": [8, 17, 0.5]},
			"faces": {
				"north": {"uv": [0, 0, 2, 2], "texture": "#6"},
				"east": {"uv": [0, 0, 7, 2], "texture": "#6"},
				"south": {"uv": [0, 0, 2, 2], "texture": "#6"},
				"west": {"uv": [0, 0, 7, 2], "texture": "#6"},
				"up": {"uv": [0, 0, 2, 7], "texture": "#6"},
				"down": {"uv": [0, 0, 2, 7], "texture": "#6"}
			}
		},
		{
			"from": [1.53178, 21.70961, 6.97971],
			"to": [7.78178, 23.70961, 8.97971],
			"rotation": {"angle": 45, "axis": "z", "origin": [8.01014, 18.192, 7.98985]},
			"faces": {
				"north": {"uv": [8, 0, 15, 2], "texture": "#6"},
				"east": {"uv": [2, 0, 4, 2], "texture": "#6"},
				"south": {"uv": [8, 0, 15, 2], "texture": "#6"},
				"west": {"uv": [2, 0, 4, 2], "texture": "#6"},
				"up": {"uv": [0, 8, 2, 15], "rotation": 90, "texture": "#6"},
				"down": {"uv": [0, 8, 2, 15], "rotation": 270, "texture": "#6"}
			}
		},
		{
			"from": [7, 16.05, 9.575],
			"to": [9, 18.05, 15.825],
			"rotation": {"angle": 45, "axis": "x", "origin": [8, 17, 15.5]},
			"faces": {
				"north": {"uv": [2, 0, 4, 2], "texture": "#6"},
				"east": {"uv": [8, 0, 15, 2], "texture": "#6"},
				"south": {"uv": [2, 0, 4, 2], "texture": "#6"},
				"west": {"uv": [8, 0, 15, 2], "texture": "#6"},
				"up": {"uv": [0, 8, 2, 15], "texture": "#6"},
				"down": {"uv": [0, 8, 2, 15], "texture": "#6"}
			}
		},
		{
			"from": [8.22413, 21.69525, 6.97971],
			"to": [14.47413, 23.69525, 8.97971],
			"rotation": {"angle": -45, "axis": "z", "origin": [8.01014, 18.192, 7.98985]},
			"faces": {
				"north": {"uv": [0, 0, 7, 2], "texture": "#6"},
				"east": {"uv": [0, 0, 2, 2], "texture": "#6"},
				"south": {"uv": [0, 0, 7, 2], "texture": "#6"},
				"west": {"uv": [0, 0, 2, 2], "texture": "#6"},
				"up": {"uv": [0, 0, 2, 7], "rotation": 90, "texture": "#6"},
				"down": {"uv": [0, 0, 2, 7], "rotation": 270, "texture": "#6"}
			}
		},
		{
			"from": [6.22413, 22.44525, 7.72971],
			"to": [8.47413, 22.94525, 8.22971],
			"rotation": {"angle": -45, "axis": "z", "origin": [8.01014, 18.192, 7.98985]},
			"faces": {
				"north": {"uv": [0, 0, 7, 2], "texture": "#6"},
				"east": {"uv": [0, 0, 2, 2], "texture": "#6"},
				"south": {"uv": [0, 0, 7, 2], "texture": "#6"},
				"west": {"uv": [0, 0, 2, 2], "texture": "#6"},
				"up": {"uv": [0, 0, 2, 7], "rotation": 90, "texture": "#6"},
				"down": {"uv": [0, 0, 2, 7], "rotation": 270, "texture": "#6"}
			}
		},
		{
			"from": [7.77028, 22.44525, 6.20384],
			"to": [8.27028, 22.94525, 8.45384],
			"rotation": {"angle": 45, "axis": "x", "origin": [8.01014, 18.192, 7.98985]},
			"faces": {
				"north": {"uv": [0, 0, 2, 2], "texture": "#6"},
				"east": {"uv": [0, 0, 7, 2], "texture": "#6"},
				"south": {"uv": [0, 0, 2, 2], "texture": "#6"},
				"west": {"uv": [0, 0, 7, 2], "texture": "#6"},
				"up": {"uv": [0, 0, 2, 7], "rotation": 180, "texture": "#6"},
				"down": {"uv": [0, 0, 2, 7], "rotation": 180, "texture": "#6"}
			}
		},
		{
			"from": [7.54615, 22.44525, 7.74999],
			"to": [9.79615, 22.94525, 8.24999],
			"rotation": {"angle": 45, "axis": "z", "origin": [8.01014, 18.192, 7.98985]},
			"faces": {
				"north": {"uv": [0, 0, 7, 2], "texture": "#6"},
				"east": {"uv": [0, 0, 2, 2], "texture": "#6"},
				"south": {"uv": [0, 0, 7, 2], "texture": "#6"},
				"west": {"uv": [0, 0, 2, 2], "texture": "#6"},
				"up": {"uv": [0, 0, 2, 7], "rotation": 270, "texture": "#6"},
				"down": {"uv": [0, 0, 2, 7], "rotation": 90, "texture": "#6"}
			}
		},
		{
			"from": [7.75, 22.44525, 7.52586],
			"to": [8.25, 22.94525, 9.77586],
			"rotation": {"angle": -45, "axis": "x", "origin": [8.01014, 18.192, 7.98985]},
			"faces": {
				"north": {"uv": [0, 0, 2, 2], "texture": "#6"},
				"east": {"uv": [0, 0, 7, 2], "texture": "#6"},
				"south": {"uv": [0, 0, 2, 2], "texture": "#6"},
				"west": {"uv": [0, 0, 7, 2], "texture": "#6"},
				"up": {"uv": [0, 0, 2, 7], "texture": "#6"},
				"down": {"uv": [0, 0, 2, 7], "texture": "#6"}
			}
		},
		{
			"from": [4, 20, 4],
			"to": [12, 28, 12],
			"rotation": {"angle": 0, "axis": "y", "origin": [0, 16, 0]},
			"faces": {
				"north": {"uv": [0, 0, 16, 16], "texture": "#3"},
				"east": {"uv": [0, 0, 16, 16], "texture": "#3"},
				"south": {"uv": [0, 0, 16, 16], "texture": "#3"},
				"west": {"uv": [0, 0, 16, 16], "texture": "#3"},
				"up": {"uv": [0, 0, 16, 16], "texture": "#3"},
				"down": {"uv": [0, 0, 16, 16], "texture": "#3"}
			}
		},
		{
			"from": [6.81066, 22.83066, 5.12],
			"to": [9.19294, 25.21294, 10.88],
			"rotation": {"angle": 0, "axis": "y", "origin": [8, 24.02, 8]},
			"faces": {
				"north": {"uv": [4, 4, 11.998, 11.998], "texture": "#5"},
				"south": {"uv": [4, 4, 11.998, 11.998], "texture": "#5"}
			}
		},
		{
			"from": [6.81066, 21.14, 6.81066],
			"to": [9.19294, 26.9, 9.19294],
			"rotation": {"angle": 0, "axis": "y", "origin": [8, 24.02, 8]},
			"faces": {
				"up": {"uv": [4, 4, 11.998, 11.998], "texture": "#5"},
				"down": {"uv": [4, 4, 11.998, 11.998], "texture": "#5"}
			}
		},
		{
			"from": [5.12, 22.83066, 6.81066],
			"to": [10.88, 25.21294, 9.19294],
			"rotation": {"angle": 0, "axis": "y", "origin": [8, 24.02, 8]},
			"faces": {
				"east": {"uv": [4, 4, 11.998, 11.998], "texture": "#5"},
				"west": {"uv": [4, 4, 11.998, 11.998], "texture": "#5"}
			}
		},
		{
			"from": [5.96353, 22.82706, 5.12],
			"to": [10.03647, 25.21294, 10.88],
			"rotation": {"angle": 45, "axis": "x", "origin": [8, 24.02, 8]},
			"faces": {
				"north": {"uv": [0, 3.34375, 16, 12.65625], "texture": "#2"},
				"south": {"uv": [0, 3.34375, 16, 12.65625], "texture": "#2"}
			}
		},
		{
			"from": [5.96353, 22.82706, 5.12],
			"to": [10.03647, 25.21294, 10.88],
			"rotation": {"angle": -45, "axis": "x", "origin": [8, 24.02, 8]},
			"faces": {
				"north": {"uv": [0, 3.34375, 16, 12.65625], "texture": "#2"},
				"south": {"uv": [0, 3.34375, 16, 12.65625], "texture": "#2"}
			}
		},
		{
			"from": [6.80706, 21.98353, 5.12],
			"to": [9.19294, 26.05647, 10.88],
			"rotation": {"angle": 45, "axis": "y", "origin": [8, 24.02, 8]},
			"faces": {
				"north": {"uv": [3.34375, 0, 12.65625, 16], "texture": "#4"},
				"south": {"uv": [3.34375, 0, 12.65625, 16], "texture": "#4"}
			}
		},
		{
			"from": [6.80706, 21.98353, 5.12],
			"to": [9.19294, 26.05647, 10.88],
			"rotation": {"angle": -45, "axis": "y", "origin": [8, 24.02, 8]},
			"faces": {
				"north": {"uv": [3.34375, 0, 12.65625, 16], "texture": "#4"},
				"south": {"uv": [3.34375, 0, 12.65625, 16], "texture": "#4"}
			}
		},
		{
			"from": [6.80706, 21.14, 5.96353],
			"to": [9.19294, 26.9, 10.03647],
			"rotation": {"angle": 45, "axis": "z", "origin": [8, 24.02, 8]},
			"faces": {
				"up": {"uv": [3.34375, 0, 12.65625, 16], "texture": "#4"},
				"down": {"uv": [3.34375, 0, 12.65625, 16], "texture": "#4"}
			}
		},
		{
			"from": [6.80706, 21.14, 5.96353],
			"to": [9.19294, 26.9, 10.03647],
			"rotation": {"angle": -45, "axis": "z", "origin": [8, 24.02, 8]},
			"faces": {
				"up": {"uv": [3.34375, 0, 12.65625, 16], "texture": "#4"},
				"down": {"uv": [3.34375, 0, 12.65625, 16], "texture": "#4"}
			}
		},
		{
			"from": [0, 9.75, 0],
			"to": [16, 16, 2.25],
			"faces": {
				"north": {"uv": [0, 0, 16, 6.25], "texture": "#7"},
				"east": {"uv": [0, 0, 2.25, 6.25], "texture": "#7"},
				"south": {"uv": [0, 0, 16, 6.25], "texture": "#7"},
				"west": {"uv": [0, 0, 2.25, 6.25], "texture": "#7"},
				"up": {"uv": [0, 0, 16, 2.25], "texture": "#7"},
				"down": {"uv": [0, 0, 16, 2.25], "texture": "#7"}
			}
		},
		{
			"from": [0, 9.75, 13.75],
			"to": [16, 16, 16],
			"rotation": {"angle": 0, "axis": "y", "origin": [0, 0, 16]},
			"faces": {
				"north": {"uv": [0, 0, 16, 6.25], "texture": "#7"},
				"east": {"uv": [2, 0, 4.25, 6.25], "texture": "#7"},
				"south": {"uv": [0, 0, 16, 6.25], "texture": "#7"},
				"west": {"uv": [2, 0, 4.25, 6.25], "texture": "#7"},
				"up": {"uv": [0, 2, 16, 4.25], "texture": "#7"},
				"down": {"uv": [0, 2, 16, 4.25], "texture": "#7"}
			}
		},
		{
			"from": [0, 9.75, 2.25],
			"to": [2.25, 16, 13.75],
			"rotation": {"angle": 0, "axis": "y", "origin": [8, 13, 8]},
			"faces": {
				"north": {"uv": [2, 0, 4.25, 6.25], "texture": "#7"},
				"east": {"uv": [0, 0, 11.5, 6.25], "texture": "#7"},
				"south": {"uv": [2, 0, 4.25, 6.25], "texture": "#7"},
				"west": {"uv": [0, 0, 11.5, 6.25], "texture": "#7"},
				"up": {"uv": [0, 2, 11.5, 4.25], "rotation": 90, "texture": "#7"},
				"down": {"uv": [0, 2, 11.5, 4.25], "rotation": 270, "texture": "#7"}
			}
		},
		{
			"from": [13.75, 9.75, 2.25],
			"to": [16, 16, 13.75],
			"rotation": {"angle": 0, "axis": "y", "origin": [8, 13, 8]},
			"faces": {
				"north": {"uv": [0, 0, 2.25, 6.25], "texture": "#7"},
				"east": {"uv": [0, 0, 11.5, 6.25], "texture": "#7"},
				"south": {"uv": [0, 0, 2.25, 6.25], "texture": "#7"},
				"west": {"uv": [0, 0, 11.5, 6.25], "texture": "#7"},
				"up": {"uv": [0, 0, 11.5, 2.25], "rotation": 90, "texture": "#7"},
				"down": {"uv": [0, 0, 11.5, 2.25], "rotation": 270, "texture": "#7"}
			}
		}
	],
	"display": {
		"thirdperson_righthand": {
			"rotation": [75, 45, 0],
			"translation": [0, 2.5, 0],
			"scale": [0.375, 0.375, 0.375]
		},
		"firstperson_righthand": {
			"rotation": [0, 45, 0],
			"scale": [0.4, 0.4, 0.4]
		},
		"firstperson_lefthand": {
			"rotation": [0, 225, 0],
			"scale": [0.4, 0.4, 0.4]
		},
		"ground": {
			"translation": [0, 3, 0],
			"scale": [0.25, 0.25, 0.25]
		},
		"gui": {
			"rotation": [30, 225, 0],
			"scale": [0.625, 0.625, 0.625]
		},
		"fixed": {
			"rotation": [-90, 0, 0],
			"translation": [0, 0, -16],
			"scale": [2.01, 2.01, 2.01]
		}
	},
	"groups": [
		0,
		1,
		2,
		3,
		4,
		5,
		6,
		7,
		8,
		9,
		10,
		11,
		12,
		{
			"name": "sphere",
			"origin": [8, 8, 8],
			"color": 0,
			"children": [13, 14, 15, 16, 17, 18, 19, 20, 21]
		},
		22,
		23,
		24,
		25
	]
}