{
	"credit": "Made with Blockbench",
	"textures": {
		"0": "random/mootator/cow",
		"1": "random/mootator/gray_concrete",
		"2": "random/mootator/light_gray_concrete",
		"3": "random/mootator/light_gray_terracotta",
		"4": "random/mootator/brown_concrete",
		"5": "random/mootator/brown_concrete_powder",
		"6": "random/mootator/brown_mushroom_block",
		"8": "random/mootator/brown_wool",
		"9": "random/mootator/redstone_block",
		"particle": "random/mootator/brown_concrete"
	},
	"elements": [
		{
			"from": [4, 0, 0],
			"to": [12, 8, 6],
			"faces": {
				"north": {"uv": [3, 3, 7, 7], "texture": "#0"},
				"east": {"uv": [0, 3, 3, 7], "texture": "#0"},
				"south": {"uv": [10, 3, 14, 7], "texture": "#0"},
				"west": {"uv": [7, 3, 10, 7], "texture": "#0"},
				"up": {"uv": [3, 0, 7, 3], "rotation": 180, "texture": "#0"},
				"down": {"uv": [7, 0, 11, 3], "texture": "#0"}
			}
		},
		{
			"from": [12, 6, 2],
			"to": [13, 9, 3],
			"rotation": {"angle": 0, "axis": "y", "origin": [16, 0, 0]},
			"faces": {
				"north": {"uv": [12, 0.5, 11.5, 2], "texture": "#0"},
				"east": {"uv": [12.5, 0.5, 12, 2], "texture": "#0"},
				"south": {"uv": [13, 0.5, 12.5, 2], "texture": "#0"},
				"west": {"uv": [11.5, 0.5, 11, 2], "texture": "#0"},
				"up": {"uv": [12, 0, 11.5, 0.5], "texture": "#0"},
				"down": {"uv": [12.5, 0, 12, 0.5], "texture": "#0"}
			}
		},
		{
			"from": [3, 6, 2],
			"to": [4, 9, 3],
			"faces": {
				"north": {"uv": [11.5, 0.5, 12, 2], "texture": "#0"},
				"east": {"uv": [11, 0.5, 11.5, 2], "texture": "#0"},
				"south": {"uv": [12.5, 0.5, 13, 2], "texture": "#0"},
				"west": {"uv": [12, 0.5, 12.5, 2], "texture": "#0"},
				"up": {"uv": [11.5, 0, 12, 0.5], "texture": "#0"},
				"down": {"uv": [12, 0, 12.5, 0.5], "texture": "#0"}
			}
		},
		{
			"from": [5, 1, -3],
			"to": [11, 7, 9],
			"faces": {
				"north": {"uv": [0, 0, 6, 6], "texture": "#1"},
				"east": {"uv": [0, 0, 12, 6], "texture": "#1"},
				"south": {"uv": [0, 0, 6, 6], "texture": "#1"},
				"west": {"uv": [0, 0, 12, 6], "texture": "#1"},
				"up": {"uv": [0, 0, 6, 12], "texture": "#1"},
				"down": {"uv": [0, 0, 6, 12], "texture": "#1"}
			}
		},
		{
			"from": [6, 2, -10],
			"to": [10, 6, -3],
			"faces": {
				"north": {"uv": [0, 0, 4, 4], "texture": "#6"},
				"east": {"uv": [0, 0, 7, 4], "texture": "#6"},
				"south": {"uv": [0, 0, 4, 4], "texture": "#6"},
				"west": {"uv": [0, 0, 7, 4], "texture": "#6"},
				"up": {"uv": [0, 0, 4, 7], "texture": "#6"},
				"down": {"uv": [0, 0, 4, 7], "texture": "#6"}
			}
		},
		{
			"from": [5.5, 3, -11],
			"to": [10.5, 5, -3],
			"faces": {
				"north": {"uv": [0, 0, 5, 2], "texture": "#4"},
				"east": {"uv": [0, 0, 8, 2], "texture": "#4"},
				"south": {"uv": [0, 0, 5, 2], "texture": "#4"},
				"west": {"uv": [0, 0, 8, 2], "texture": "#4"},
				"up": {"uv": [0, 0, 5, 8], "texture": "#4"},
				"down": {"uv": [0, 0, 5, 8], "texture": "#4"}
			}
		},
		{
			"from": [5.5, 3.1, -12.5],
			"to": [9.25, 4.85, -8.75],
			"rotation": {"angle": -45, "axis": "y", "origin": [8, 4, -10]},
			"faces": {
				"north": {"uv": [0, 0, 3.75, 1.75], "texture": "#9"},
				"east": {"uv": [0, 0, 3.75, 1.75], "texture": "#9"},
				"south": {"uv": [0, 0, 3.75, 1.75], "texture": "#9"},
				"west": {"uv": [0, 0, 3.75, 1.75], "texture": "#9"},
				"up": {"uv": [0, 0, 3.75, 3.75], "texture": "#9"},
				"down": {"uv": [0, 0, 3.75, 3.75], "texture": "#9"}
			}
		},
		{
			"from": [7, 1.5, -9],
			"to": [9, 6.5, -3],
			"rotation": {"angle": 0, "axis": "z", "origin": [8, 4, -6]},
			"faces": {
				"north": {"uv": [0, 0, 5, 2], "rotation": 90, "texture": "#4"},
				"east": {"uv": [0, 0, 5, 6], "rotation": 270, "texture": "#4"},
				"south": {"uv": [0, 0, 5, 2], "rotation": 270, "texture": "#4"},
				"west": {"uv": [0, 0, 5, 6], "rotation": 270, "texture": "#4"},
				"up": {"uv": [0, 0, 6, 2], "rotation": 270, "texture": "#4"},
				"down": {"uv": [0, 0, 6, 2], "rotation": 270, "texture": "#4"}
			}
		},
		{
			"from": [5.5, 3, 4],
			"to": [10.5, 9, 11],
			"faces": {
				"north": {"uv": [0, 0, 5, 6], "texture": "#6"},
				"east": {"uv": [0, 0, 7, 6], "texture": "#6"},
				"south": {"uv": [0, 0, 5, 6], "texture": "#6"},
				"west": {"uv": [0, 0, 7, 6], "texture": "#6"},
				"up": {"uv": [0, 0, 5, 7], "texture": "#6"},
				"down": {"uv": [0, 0, 5, 7], "texture": "#6"}
			}
		},
		{
			"from": [6, 0, 6],
			"to": [10, 7, 13],
			"faces": {
				"north": {"uv": [0, 0, 4, 7], "texture": "#5"},
				"east": {"uv": [0, 0, 7, 7], "texture": "#5"},
				"south": {"uv": [0, 0, 4, 7], "texture": "#5"},
				"west": {"uv": [0, 0, 7, 7], "texture": "#5"},
				"up": {"uv": [0, 0, 4, 7], "texture": "#5"},
				"down": {"uv": [0, 0, 4, 7], "texture": "#5"}
			}
		},
		{
			"from": [6.5, -1, 13],
			"to": [9.5, 5, 15],
			"faces": {
				"north": {"uv": [0, 0, 3, 6], "texture": "#8"},
				"east": {"uv": [0, 0, 2, 6], "texture": "#8"},
				"south": {"uv": [0, 0, 3, 6], "texture": "#8"},
				"west": {"uv": [0, 0, 2, 6], "texture": "#8"},
				"up": {"uv": [0, 0, 3, 2], "texture": "#8"},
				"down": {"uv": [0, 0, 3, 2], "texture": "#8"}
			}
		},
		{
			"from": [6.5, -9, 11],
			"to": [9.5, 0, 13],
			"faces": {
				"north": {"uv": [0, 0, 3, 9], "texture": "#2"},
				"east": {"uv": [0, 0, 2, 9], "texture": "#2"},
				"south": {"uv": [0, 0, 3, 9], "texture": "#2"},
				"west": {"uv": [0, 0, 2, 9], "texture": "#2"},
				"up": {"uv": [0, 0, 3, 2], "texture": "#2"},
				"down": {"uv": [0, 0, 3, 2], "texture": "#2"}
			}
		},
		{
			"from": [6.75, -7, 9],
			"to": [9.25, 1, 11],
			"rotation": {"angle": -22.5, "axis": "x", "origin": [8, -2, 10]},
			"faces": {
				"north": {"uv": [0, 0, 2.5, 8], "texture": "#2"},
				"east": {"uv": [0, 0, 2, 8], "texture": "#2"},
				"south": {"uv": [0, 0, 2.5, 8], "texture": "#2"},
				"west": {"uv": [0, 0, 2, 8], "texture": "#2"},
				"up": {"uv": [0, 0, 2.5, 2], "texture": "#2"},
				"down": {"uv": [0, 0, 2.5, 2], "texture": "#2"}
			}
		},
		{
			"from": [4, 2.5, 5.5],
			"to": [5, 5.5, 12.5],
			"rotation": {"angle": -22.5, "axis": "y", "origin": [3.5, 4, 7.5]},
			"faces": {
				"north": {"uv": [0, 0, 1, 3], "texture": "#3"},
				"east": {"uv": [0, 0, 7, 3], "texture": "#3"},
				"south": {"uv": [0, 0, 1, 3], "texture": "#3"},
				"west": {"uv": [0, 0, 7, 3], "texture": "#3"},
				"up": {"uv": [0, 0, 7, 1], "rotation": 270, "texture": "#3"},
				"down": {"uv": [0, 0, 7, 1], "rotation": 90, "texture": "#3"}
			}
		},
		{
			"from": [6, 3, 7.5],
			"to": [7, 5, 14.5],
			"rotation": {"angle": -22.5, "axis": "y", "origin": [3.5, 4, 7.5]},
			"faces": {
				"north": {"uv": [0, 0, 1, 2], "texture": "#3"},
				"east": {"uv": [0, 0, 7, 2], "texture": "#3"},
				"south": {"uv": [0, 0, 1, 2], "texture": "#3"},
				"west": {"uv": [0, 0, 7, 2], "texture": "#3"},
				"up": {"uv": [0, 0, 7, 1], "rotation": 270, "texture": "#3"},
				"down": {"uv": [0, 0, 7, 1], "rotation": 90, "texture": "#3"}
			}
		},
		{
			"from": [8, 3.5, 9.5],
			"to": [9, 4.5, 16.5],
			"rotation": {"angle": -22.5, "axis": "y", "origin": [3.5, 4, 7.5]},
			"faces": {
				"north": {"uv": [0, 0, 1, 1], "texture": "#3"},
				"east": {"uv": [0, 0, 7, 1], "texture": "#3"},
				"south": {"uv": [0, 0, 1, 1], "texture": "#3"},
				"west": {"uv": [0, 0, 7, 1], "texture": "#3"},
				"up": {"uv": [0, 0, 7, 1], "rotation": 270, "texture": "#3"},
				"down": {"uv": [0, 0, 7, 1], "rotation": 90, "texture": "#3"}
			}
		},
		{
			"from": [11, 2.5, 5.5],
			"to": [12, 5.5, 12.5],
			"rotation": {"angle": 22.5, "axis": "y", "origin": [12.5, 4, 7.5]},
			"faces": {
				"north": {"uv": [1, 0, 0, 3], "texture": "#3"},
				"east": {"uv": [7, 0, 0, 3], "texture": "#3"},
				"south": {"uv": [1, 0, 0, 3], "texture": "#3"},
				"west": {"uv": [7, 0, 0, 3], "texture": "#3"},
				"up": {"uv": [0, 1, 7, 0], "rotation": 270, "texture": "#3"},
				"down": {"uv": [0, 1, 7, 0], "rotation": 90, "texture": "#3"}
			}
		},
		{
			"from": [9, 3, 7.5],
			"to": [10, 5, 14.5],
			"rotation": {"angle": 22.5, "axis": "y", "origin": [12.5, 4, 7.5]},
			"faces": {
				"north": {"uv": [1, 0, 0, 2], "texture": "#3"},
				"east": {"uv": [7, 0, 0, 2], "texture": "#3"},
				"south": {"uv": [1, 0, 0, 2], "texture": "#3"},
				"west": {"uv": [7, 0, 0, 2], "texture": "#3"},
				"up": {"uv": [0, 1, 7, 0], "rotation": 270, "texture": "#3"},
				"down": {"uv": [0, 1, 7, 0], "rotation": 90, "texture": "#3"}
			}
		},
		{
			"from": [7, 3.5, 9.5],
			"to": [8, 4.5, 16.5],
			"rotation": {"angle": 22.5, "axis": "y", "origin": [12.5, 4, 7.5]},
			"faces": {
				"north": {"uv": [1, 0, 0, 1], "texture": "#3"},
				"east": {"uv": [7, 0, 0, 1], "texture": "#3"},
				"south": {"uv": [1, 0, 0, 1], "texture": "#3"},
				"west": {"uv": [7, 0, 0, 1], "texture": "#3"},
				"up": {"uv": [0, 1, 7, 0], "rotation": 270, "texture": "#3"},
				"down": {"uv": [0, 1, 7, 0], "rotation": 90, "texture": "#3"}
			}
		}
	],
	"gui_light": "front",
	"display": {
		"thirdperson_righthand": {
			"translation": [0, 6.5, -2.25],
			"scale": [0.67, 0.67, 0.67]
		},
		"thirdperson_lefthand": {
			"translation": [0, 2, -7.5],
			"scale": [0.71, 0.71, 0.71]
		},
		"firstperson_righthand": {
			"rotation": [0, -4, 0],
			"translation": [-3.25, 4.75, 0],
			"scale": [0.4, 0.4, 0.4]
		},
		"firstperson_lefthand": {
			"rotation": [0, -4, 0],
			"translation": [-3.25, 4.75, 0],
			"scale": [0.4, 0.4, 0.4]
		},
		"ground": {
			"scale": [0.43, 0.43, 0.43]
		},
		"gui": {
			"rotation": [90, -45, 90],
			"translation": [0.75, -0.5, 0],
			"scale": [0.43, 0.43, 0.43]
		},
		"head": {
			"translation": [0, 0, -12.25]
		},
		"fixed": {
			"rotation": [90, 45, -90],
			"scale": [0.49, 0.49, 0.49]
		}
	},
	"groups": [
		{
			"name": "group",
			"origin": [0, 0, 0],
			"color": 0,
			"children": [0, 1, 2]
		},
		3,
		4,
		5,
		6,
		7,
		8,
		9,
		10,
		11,
		12,
		13,
		14,
		15,
		16,
		17,
		18
	]
}