{
	"credit": "Made with Blockbench",
	"textures": {
		"0": "random/potato_cannon/dark_oak_planks",
		"1": "random/potato_cannon/gray_concrete",
		"2": "random/potato_cannon/gray_concrete_powder",
		"3": "random/potato_cannon/light_gray_concrete",
		"4": "random/potato_cannon/light_gray_concrete_powder",
		"5": "random/potato_cannon/white_concrete",
		"6": "random/potato_cannon/black_concrete",
		"particle": "random/potato_cannon/gray_concrete"
	},
	"elements": [
		{
			"from": [6, 8, -13],
			"to": [10, 12, -12],
			"rotation": {"angle": 0, "axis": "y", "origin": [14, 16, -6]},
			"faces": {
				"north": {"uv": [0, 0, 4, 4], "texture": "#4"},
				"east": {"uv": [0, 0, 1, 4], "texture": "#4"},
				"south": {"uv": [0, 0, 4, 4], "texture": "#4"},
				"west": {"uv": [0, 0, 1, 4], "texture": "#4"},
				"up": {"uv": [0, 0, 4, 1], "texture": "#4"},
				"down": {"uv": [0, 0, 4, 1], "texture": "#4"}
			}
		},
		{
			"from": [5.75, 7.75, 16],
			"to": [10.25, 12.25, 30],
			"rotation": {"angle": 0, "axis": "y", "origin": [14, 16, 23]},
			"faces": {
				"north": {"uv": [0, 0, 4.5, 4.5], "texture": "#3"},
				"east": {"uv": [0, 0, 14, 4.5], "texture": "#3"},
				"south": {"uv": [0, 0, 4.5, 4.5], "texture": "#3"},
				"west": {"uv": [0, 0, 14, 4.5], "texture": "#3"},
				"up": {"uv": [0, 0, 4.5, 14], "texture": "#3"},
				"down": {"uv": [0, 0, 4.5, 14], "texture": "#3"}
			}
		},
		{
			"from": [6.5, 8.5, 0],
			"to": [9.5, 11.5, 16],
			"rotation": {"angle": 0, "axis": "y", "origin": [13.5, 16.5, 7]},
			"faces": {
				"north": {"uv": [0, 0, 3, 3], "texture": "#5"},
				"east": {"uv": [0, 0, 16, 3], "texture": "#5"},
				"south": {"uv": [0, 0, 3, 3], "texture": "#5"},
				"west": {"uv": [0, 0, 16, 3], "texture": "#5"},
				"up": {"uv": [0, 0, 3, 16], "texture": "#5"},
				"down": {"uv": [0, 0, 3, 16], "texture": "#5"}
			}
		},
		{
			"from": [6.5, 8.5, 30],
			"to": [9.5, 11.5, 32],
			"rotation": {"angle": 0, "axis": "y", "origin": [13.5, 16.5, 23]},
			"faces": {
				"north": {"uv": [0, 0, 3, 3], "texture": "#2"},
				"east": {"uv": [0, 0, 2, 3], "texture": "#2"},
				"south": {"uv": [0, 0, 3, 3], "texture": "#2"},
				"west": {"uv": [0, 0, 2, 3], "texture": "#2"},
				"up": {"uv": [0, 0, 3, 2], "texture": "#2"},
				"down": {"uv": [0, 0, 3, 2], "texture": "#2"}
			}
		},
		{
			"from": [6.5, 8.5, -15],
			"to": [9.5, 11.5, -13],
			"rotation": {"angle": 0, "axis": "y", "origin": [13.5, 16.5, -9]},
			"faces": {
				"north": {"uv": [6, 7, 9, 10], "texture": "#2"},
				"east": {"uv": [10, 7, 12, 10], "texture": "#2"},
				"south": {"uv": [7, 5, 10, 8], "texture": "#2"},
				"west": {"uv": [0, 3, 2, 6], "texture": "#2"},
				"up": {"uv": [1, 11, 4, 13], "texture": "#2"},
				"down": {"uv": [13, 6, 16, 8], "texture": "#2"}
			}
		},
		{
			"from": [6.5, 8.5, -12],
			"to": [9.5, 11.5, 0],
			"rotation": {"angle": 0, "axis": "y", "origin": [13.5, 16.5, -9]},
			"faces": {
				"north": {"uv": [0, 0, 3, 3], "texture": "#5"},
				"east": {"uv": [0, 0, 12, 3], "texture": "#5"},
				"south": {"uv": [0, 0, 3, 3], "texture": "#5"},
				"west": {"uv": [0, 0, 12, 3], "texture": "#5"},
				"up": {"uv": [0, 0, 3, 12], "texture": "#5"},
				"down": {"uv": [0, 0, 3, 12], "texture": "#5"}
			}
		},
		{
			"from": [6, 8, -16],
			"to": [10, 12, -15],
			"rotation": {"angle": 0, "axis": "y", "origin": [14, 16, -9]},
			"faces": {
				"north": {"uv": [0, 0, 4, 4], "texture": "#4"},
				"east": {"uv": [0, 0, 1, 4], "texture": "#4"},
				"south": {"uv": [0, 0, 4, 4], "texture": "#4"},
				"west": {"uv": [0, 0, 1, 4], "texture": "#4"},
				"up": {"uv": [0, 0, 4, 1], "texture": "#4"},
				"down": {"uv": [0, 0, 4, 1], "texture": "#4"}
			}
		},
		{
			"from": [7, 0, 15],
			"to": [9, 11, 17],
			"rotation": {"angle": -45, "axis": "x", "origin": [7.5, 7.5, 15.5]},
			"faces": {
				"north": {"uv": [0, 0, 2, 11], "texture": "#0"},
				"east": {"uv": [0, 0, 2, 11], "texture": "#0"},
				"south": {"uv": [0, 0, 2, 11], "texture": "#0"},
				"west": {"uv": [0, 0, 2, 11], "texture": "#0"},
				"up": {"uv": [0, 0, 2, 2], "texture": "#0"},
				"down": {"uv": [0, 0, 2, 2], "texture": "#0"}
			}
		},
		{
			"from": [7, 5.5, 21.5],
			"to": [9, 9, 31.75],
			"rotation": {"angle": -22.5, "axis": "x", "origin": [7.5, 6, 24.5]},
			"faces": {
				"north": {"uv": [0, 0, 2, 3.5], "rotation": 180, "texture": "#0"},
				"east": {"uv": [0, 0, 3.5, 10.25], "rotation": 90, "texture": "#0"},
				"south": {"uv": [0, 0, 2, 3.5], "texture": "#0"},
				"west": {"uv": [0, 0, 3.5, 10.25], "rotation": 270, "texture": "#0"},
				"up": {"uv": [0, 0, 2, 10.25], "texture": "#0"},
				"down": {"uv": [0, 0, 2, 10.25], "rotation": 180, "texture": "#0"}
			}
		},
		{
			"from": [6.75, 0, 20.5],
			"to": [9.25, 11, 22.5],
			"rotation": {"angle": 0, "axis": "x", "origin": [7.5, 7.5, 15.5]},
			"faces": {
				"north": {"uv": [0, 0, 2.5, 11], "texture": "#0"},
				"east": {"uv": [0, 0, 2, 11], "texture": "#0"},
				"south": {"uv": [0, 0, 2.5, 11], "texture": "#0"},
				"west": {"uv": [0, 0, 2, 11], "texture": "#0"},
				"up": {"uv": [0, 0, 2.5, 2], "texture": "#0"},
				"down": {"uv": [0, 0, 2.5, 2], "texture": "#0"}
			}
		},
		{
			"from": [9, 11, 15.775],
			"to": [15, 17, 19.275],
			"rotation": {"angle": 0, "axis": "z", "origin": [7.5, 12.5, 17.525]},
			"faces": {
				"north": {"uv": [0, 0, 6, 6], "texture": "#1"},
				"east": {"uv": [0, 0, 3.5, 6], "texture": "#1"},
				"south": {"uv": [0, 0, 6, 6], "texture": "#1"},
				"west": {"uv": [0, 0, 3.5, 6], "texture": "#1"},
				"up": {"uv": [0, 0, 6, 3.5], "texture": "#1"},
				"down": {"uv": [0, 0, 6, 3.5], "texture": "#1"}
			}
		},
		{
			"from": [8.75, 15.25, 14.775],
			"to": [15.75, 17.25, 20.275],
			"rotation": {"angle": 0, "axis": "z", "origin": [7.25, 11.75, 17.525]},
			"faces": {
				"north": {"uv": [0, 0, 7, 2], "texture": "#1"},
				"east": {"uv": [0, 0, 5.5, 2], "texture": "#1"},
				"south": {"uv": [0, 0, 7, 2], "texture": "#1"},
				"west": {"uv": [0, 0, 5.5, 2], "texture": "#1"},
				"up": {"uv": [0, 0, 7, 5.5], "texture": "#6"},
				"down": {"uv": [0, 0, 7, 5.5], "texture": "#1"}
			}
		},
		{
			"from": [7, 10, 16.275],
			"to": [11, 17, 18.775],
			"rotation": {"angle": -22.5, "axis": "z", "origin": [7.5, 12.5, 17.525]},
			"faces": {
				"north": {"uv": [0, 0, 4, 7], "texture": "#2"},
				"east": {"uv": [0, 0, 2.5, 7], "texture": "#2"},
				"south": {"uv": [0, 0, 4, 7], "texture": "#2"},
				"west": {"uv": [0, 0, 2.5, 7], "texture": "#2"},
				"up": {"uv": [0, 0, 4, 2.5], "texture": "#2"},
				"down": {"uv": [0, 0, 4, 2.5], "texture": "#2"}
			}
		},
		{
			"from": [7, 9, 16.025],
			"to": [14, 13, 19.025],
			"rotation": {"angle": 22.5, "axis": "z", "origin": [9.5, 11.5, 17.525]},
			"faces": {
				"north": {"uv": [0, 0, 4, 7], "rotation": 270, "texture": "#2"},
				"east": {"uv": [0, 0, 4, 3], "rotation": 90, "texture": "#2"},
				"south": {"uv": [0, 0, 4, 7], "rotation": 90, "texture": "#2"},
				"west": {"uv": [0, 0, 4, 3], "rotation": 90, "texture": "#2"},
				"up": {"uv": [0, 0, 3, 7], "rotation": 90, "texture": "#2"},
				"down": {"uv": [0, 0, 3, 7], "rotation": 90, "texture": "#2"}
			}
		}
	],
	"gui_light": "front",
	"display": {
		"thirdperson_righthand": {
			"translation": [0, 2, -7.5],
			"scale": [0.71, 0.71, 0.71]
		},
		"thirdperson_lefthand": {
			"translation": [0, 2, -7.5],
			"scale": [0.71, 0.71, 0.71]
		},
		"firstperson_righthand": {
			"rotation": [0, -4, 0],
			"translation": [-3.25, 4.75, 0],
			"scale": [0.4, 0.4, 0.4]
		},
		"firstperson_lefthand": {
			"rotation": [0, -4, 0],
			"translation": [-3.25, 4.75, 0],
			"scale": [0.4, 0.4, 0.4]
		},
		"ground": {
			"scale": [0.43, 0.43, 0.43]
		},
		"gui": {
			"rotation": [90, -45, 90],
			"translation": [0.75, -0.5, 0],
			"scale": [0.43, 0.43, 0.43]
		},
		"head": {
			"translation": [0, 0, -12.25]
		},
		"fixed": {
			"rotation": [90, 45, -90],
			"scale": [0.49, 0.49, 0.49]
		}
	},
	"groups": [
		{
			"name": "cannon",
			"origin": [14, 11, -9],
			"children": [0, 1, 2, 3, 4, 5, 6]
		},
		{
			"name": "handle",
			"origin": [8, 8, 8],
			"children": [7, 8, 9]
		},
		{
			"name": "loading",
			"origin": [9.5, 11.5, 17.525],
			"children": [10, 11, 12, 13]
		}
	]
}