{
	"credit": "Made with Blockbench",
	"textures": {
		"0": "random/railgun/iron_block",
		"1": "random/railgun/oak_log",
		"2": "random/railgun/oak_planks",
		"3": "random/railgun/powered_rail_on",
		"4": "random/railgun/rail",
		"5": "random/railgun/black_concrete_powder",
		"particle": "random/railgun/iron_block"
	},
	"elements": [
		{
			"from": [6.25, 3.99375, -1.5],
			"to": [9.75, 4.24375, -1],
			"rotation": {"angle": 0, "axis": "y", "origin": [6, 4, 2]},
			"faces": {
				"north": {"uv": [1, 13, 15, 14], "texture": "#4"},
				"east": {"uv": [1, 13, 2, 15], "rotation": 90, "texture": "#4"},
				"south": {"uv": [1, 14, 15, 15], "texture": "#4"},
				"west": {"uv": [14, 13, 15, 15], "rotation": 90, "texture": "#4"},
				"up": {"uv": [1, 1, 15, 3], "texture": "#4"},
				"down": {"uv": [1, 1, 15, 3], "texture": "#4"}
			}
		},
		{
			"from": [6.5, 4, -4.75],
			"to": [7, 4.25, -0.75],
			"rotation": {"angle": 0, "axis": "y", "origin": [6, 4, 2]},
			"faces": {
				"north": {"uv": [12, 15, 14, 16], "texture": "#4"},
				"east": {"uv": [13, 16, 12, 0], "rotation": 90, "texture": "#4"},
				"south": {"uv": [12, 0, 14, 1], "texture": "#4"},
				"west": {"uv": [14, 16, 13, 0], "rotation": 90, "texture": "#4"},
				"up": {"uv": [2, 0, 4, 16], "texture": "#4"},
				"down": {"uv": [2, 0, 4, 16], "texture": "#4"}
			}
		},
		{
			"from": [9, 4, -4.75],
			"to": [9.5, 4.25, -0.75],
			"rotation": {"angle": 0, "axis": "y", "origin": [6, 4, 2]},
			"faces": {
				"north": {"uv": [2, 15, 4, 16], "texture": "#4"},
				"east": {"uv": [13, 0, 14, 16], "rotation": 90, "texture": "#4"},
				"south": {"uv": [2, 0, 4, 1], "texture": "#4"},
				"west": {"uv": [12, 0, 13, 16], "rotation": 270, "texture": "#4"},
				"up": {"uv": [12, 0, 14, 16], "texture": "#4"},
				"down": {"uv": [12, 0, 14, 16], "texture": "#4"}
			}
		},
		{
			"from": [6.25, 3.99375, -4.5],
			"to": [9.75, 4.24375, -4],
			"rotation": {"angle": 0, "axis": "y", "origin": [6, 4, 2]},
			"faces": {
				"north": {"uv": [1, 13, 15, 14], "texture": "#4"},
				"east": {"uv": [1, 13, 2, 15], "rotation": 90, "texture": "#4"},
				"south": {"uv": [1, 14, 15, 15], "texture": "#4"},
				"west": {"uv": [14, 13, 15, 15], "rotation": 90, "texture": "#4"},
				"up": {"uv": [1, 13, 15, 15], "texture": "#4"},
				"down": {"uv": [1, 13, 15, 15], "texture": "#4"}
			}
		},
		{
			"from": [6.25, 3.99375, -3.5],
			"to": [9.75, 4.24375, -3],
			"rotation": {"angle": 0, "axis": "y", "origin": [6, 4, 2]},
			"faces": {
				"north": {"uv": [1, 9, 15, 10], "texture": "#4"},
				"east": {"uv": [1, 13, 2, 15], "rotation": 90, "texture": "#4"},
				"south": {"uv": [1, 10, 15, 11], "texture": "#4"},
				"west": {"uv": [14, 13, 15, 15], "rotation": 90, "texture": "#4"},
				"up": {"uv": [1, 9, 15, 11], "texture": "#4"},
				"down": {"uv": [1, 9, 15, 11], "texture": "#4"}
			}
		},
		{
			"from": [6.25, 3.99375, -2.5],
			"to": [9.75, 4.24375, -2],
			"rotation": {"angle": 0, "axis": "y", "origin": [6, 4, 2]},
			"faces": {
				"north": {"uv": [1, 13, 15, 14], "texture": "#4"},
				"east": {"uv": [1, 13, 2, 15], "rotation": 90, "texture": "#4"},
				"south": {"uv": [1, 14, 15, 15], "texture": "#4"},
				"west": {"uv": [14, 13, 15, 15], "rotation": 90, "texture": "#4"},
				"up": {"uv": [1, 5, 15, 7], "texture": "#4"},
				"down": {"uv": [1, 5, 15, 7], "texture": "#4"}
			}
		},
		{
			"from": [6.25, 3.99375, 2.5],
			"to": [9.75, 4.24375, 3],
			"rotation": {"angle": 0, "axis": "y", "origin": [6, 4, 2]},
			"faces": {
				"north": {"uv": [1, 13, 15, 14], "texture": "#3"},
				"east": {"uv": [1, 13, 2, 15], "rotation": 90, "texture": "#3"},
				"south": {"uv": [1, 14, 15, 15], "texture": "#3"},
				"west": {"uv": [14, 13, 15, 15], "rotation": 90, "texture": "#3"},
				"up": {"uv": [1, 1, 15, 3], "texture": "#3"},
				"down": {"uv": [1, 1, 15, 3], "texture": "#3"}
			}
		},
		{
			"from": [6.5, 4, -0.75],
			"to": [7, 4.25, 3.25],
			"rotation": {"angle": 0, "axis": "y", "origin": [6, 4, 2]},
			"faces": {
				"north": {"uv": [12, 15, 14, 16], "texture": "#3"},
				"east": {"uv": [13, 16, 12, 0], "rotation": 90, "texture": "#3"},
				"south": {"uv": [12, 0, 14, 1], "texture": "#3"},
				"west": {"uv": [14, 16, 13, 0], "rotation": 90, "texture": "#3"},
				"up": {"uv": [2, 0, 4, 16], "texture": "#3"},
				"down": {"uv": [2, 0, 4, 16], "texture": "#3"}
			}
		},
		{
			"from": [7.75, 3.9875, 0],
			"to": [8.25, 4.2375, 2.5],
			"rotation": {"angle": 0, "axis": "y", "origin": [6, 4, 2]},
			"faces": {
				"north": {"uv": [7, 12, 9, 13], "texture": "#3"},
				"east": {"uv": [8, 13, 7, 3], "rotation": 90, "texture": "#3"},
				"south": {"uv": [7, 3, 9, 4], "texture": "#3"},
				"west": {"uv": [9, 13, 8, 3], "rotation": 90, "texture": "#3"},
				"up": {"uv": [7, 3, 9, 13], "texture": "#3"},
				"down": {"uv": [7, 3, 9, 13], "texture": "#3"}
			}
		},
		{
			"from": [9, 4, -0.75],
			"to": [9.5, 4.25, 3.25],
			"rotation": {"angle": 0, "axis": "y", "origin": [6, 4, 2]},
			"faces": {
				"north": {"uv": [2, 15, 4, 16], "texture": "#3"},
				"east": {"uv": [13, 0, 14, 16], "rotation": 90, "texture": "#3"},
				"south": {"uv": [2, 0, 4, 1], "texture": "#3"},
				"west": {"uv": [12, 0, 13, 16], "rotation": 270, "texture": "#3"},
				"up": {"uv": [12, 0, 14, 16], "texture": "#3"},
				"down": {"uv": [12, 0, 14, 16], "texture": "#3"}
			}
		},
		{
			"from": [6.25, 3.99375, -0.5],
			"to": [9.75, 4.24375, 0],
			"rotation": {"angle": 0, "axis": "y", "origin": [6, 4, 2]},
			"faces": {
				"north": {"uv": [1, 13, 15, 14], "texture": "#3"},
				"east": {"uv": [1, 13, 2, 15], "rotation": 90, "texture": "#3"},
				"south": {"uv": [1, 14, 15, 15], "texture": "#3"},
				"west": {"uv": [14, 13, 15, 15], "rotation": 90, "texture": "#3"},
				"up": {"uv": [1, 13, 15, 15], "texture": "#3"},
				"down": {"uv": [1, 13, 15, 15], "texture": "#3"}
			}
		},
		{
			"from": [6.25, 3.99375, 0.5],
			"to": [9.75, 4.24375, 1],
			"rotation": {"angle": 0, "axis": "y", "origin": [6, 4, 2]},
			"faces": {
				"north": {"uv": [1, 9, 15, 10], "texture": "#3"},
				"east": {"uv": [1, 13, 2, 15], "rotation": 90, "texture": "#3"},
				"south": {"uv": [1, 10, 15, 11], "texture": "#3"},
				"west": {"uv": [14, 13, 15, 15], "rotation": 90, "texture": "#3"},
				"up": {"uv": [1, 9, 15, 11], "texture": "#3"},
				"down": {"uv": [1, 9, 15, 11], "texture": "#3"}
			}
		},
		{
			"from": [6.25, 3.99375, 1.5],
			"to": [9.75, 4.24375, 2],
			"rotation": {"angle": 0, "axis": "y", "origin": [6, 4, 2]},
			"faces": {
				"north": {"uv": [1, 13, 15, 14], "texture": "#3"},
				"east": {"uv": [1, 13, 2, 15], "rotation": 90, "texture": "#3"},
				"south": {"uv": [1, 14, 15, 15], "texture": "#3"},
				"west": {"uv": [14, 13, 15, 15], "rotation": 90, "texture": "#3"},
				"up": {"uv": [1, 5, 15, 7], "texture": "#3"},
				"down": {"uv": [1, 5, 15, 7], "texture": "#3"}
			}
		},
		{
			"from": [6.25, 3.99375, 6.5],
			"to": [9.75, 4.24375, 7],
			"rotation": {"angle": 0, "axis": "y", "origin": [6, 4, 2]},
			"faces": {
				"north": {"uv": [1, 13, 15, 14], "texture": "#3"},
				"east": {"uv": [1, 13, 2, 15], "rotation": 90, "texture": "#3"},
				"south": {"uv": [1, 14, 15, 15], "texture": "#3"},
				"west": {"uv": [14, 13, 15, 15], "rotation": 90, "texture": "#3"},
				"up": {"uv": [1, 1, 15, 3], "texture": "#3"},
				"down": {"uv": [1, 1, 15, 3], "texture": "#3"}
			}
		},
		{
			"from": [6.5, 4, 3.24375],
			"to": [7, 4.25, 7.24375],
			"rotation": {"angle": 0, "axis": "y", "origin": [6, 4, 2]},
			"faces": {
				"north": {"uv": [12, 15, 14, 16], "texture": "#3"},
				"east": {"uv": [13, 16, 12, 0], "rotation": 90, "texture": "#3"},
				"south": {"uv": [12, 0, 14, 1], "texture": "#3"},
				"west": {"uv": [14, 16, 13, 0], "rotation": 90, "texture": "#3"},
				"up": {"uv": [2, 0, 4, 16], "texture": "#3"},
				"down": {"uv": [2, 0, 4, 16], "texture": "#3"}
			}
		},
		{
			"from": [7.75, 3.9875, 4],
			"to": [8.25, 4.2375, 6.5],
			"rotation": {"angle": 0, "axis": "y", "origin": [6, 4, 2]},
			"faces": {
				"north": {"uv": [7, 12, 9, 13], "texture": "#3"},
				"east": {"uv": [8, 13, 7, 3], "rotation": 90, "texture": "#3"},
				"south": {"uv": [7, 3, 9, 4], "texture": "#3"},
				"west": {"uv": [9, 13, 8, 3], "rotation": 90, "texture": "#3"},
				"up": {"uv": [7, 3, 9, 13], "texture": "#3"},
				"down": {"uv": [7, 3, 9, 13], "texture": "#3"}
			}
		},
		{
			"from": [9, 4, 3.24375],
			"to": [9.5, 4.25, 7.24375],
			"rotation": {"angle": 0, "axis": "y", "origin": [6, 4, 2]},
			"faces": {
				"north": {"uv": [2, 15, 4, 16], "texture": "#3"},
				"east": {"uv": [13, 0, 14, 16], "rotation": 90, "texture": "#3"},
				"south": {"uv": [2, 0, 4, 1], "texture": "#3"},
				"west": {"uv": [12, 0, 13, 16], "rotation": 270, "texture": "#3"},
				"up": {"uv": [12, 0, 14, 16], "texture": "#3"},
				"down": {"uv": [12, 0, 14, 16], "texture": "#3"}
			}
		},
		{
			"from": [6.25, 3.99375, 3.5],
			"to": [9.75, 4.24375, 4],
			"rotation": {"angle": 0, "axis": "y", "origin": [6, 4, 2]},
			"faces": {
				"north": {"uv": [1, 13, 15, 14], "texture": "#3"},
				"east": {"uv": [1, 13, 2, 15], "rotation": 90, "texture": "#3"},
				"south": {"uv": [1, 14, 15, 15], "texture": "#3"},
				"west": {"uv": [14, 13, 15, 15], "rotation": 90, "texture": "#3"},
				"up": {"uv": [1, 13, 15, 15], "texture": "#3"},
				"down": {"uv": [1, 13, 15, 15], "texture": "#3"}
			}
		},
		{
			"from": [6.25, 3.99375, 4.5],
			"to": [9.75, 4.24375, 5],
			"rotation": {"angle": 0, "axis": "y", "origin": [6, 4, 2]},
			"faces": {
				"north": {"uv": [1, 9, 15, 10], "texture": "#3"},
				"east": {"uv": [1, 13, 2, 15], "rotation": 90, "texture": "#3"},
				"south": {"uv": [1, 10, 15, 11], "texture": "#3"},
				"west": {"uv": [14, 13, 15, 15], "rotation": 90, "texture": "#3"},
				"up": {"uv": [1, 9, 15, 11], "texture": "#3"},
				"down": {"uv": [1, 9, 15, 11], "texture": "#3"}
			}
		},
		{
			"from": [6.25, 3.99375, 5.5],
			"to": [9.75, 4.24375, 6],
			"rotation": {"angle": 0, "axis": "y", "origin": [6, 4, 2]},
			"faces": {
				"north": {"uv": [1, 13, 15, 14], "texture": "#3"},
				"east": {"uv": [1, 13, 2, 15], "rotation": 90, "texture": "#3"},
				"south": {"uv": [1, 14, 15, 15], "texture": "#3"},
				"west": {"uv": [14, 13, 15, 15], "rotation": 90, "texture": "#3"},
				"up": {"uv": [1, 5, 15, 7], "texture": "#3"},
				"down": {"uv": [1, 5, 15, 7], "texture": "#3"}
			}
		},
		{
			"from": [6, 0, 6],
			"to": [10, 4, 10],
			"rotation": {"angle": 0, "axis": "y", "origin": [6, 4, 2]},
			"faces": {
				"north": {"uv": [0, 0, 16, 16], "texture": "#2"},
				"east": {"uv": [0, 0, 16, 16], "texture": "#2"},
				"south": {"uv": [0, 0, 16, 16], "texture": "#2"},
				"west": {"uv": [0, 0, 16, 16], "texture": "#2"},
				"up": {"uv": [0, 0, 16, 16], "texture": "#2"},
				"down": {"uv": [0, 0, 16, 16], "texture": "#2"}
			}
		},
		{
			"from": [8.75, 3, 2],
			"to": [9.75, 4, 6],
			"rotation": {"angle": 0, "axis": "y", "origin": [6, 4, 2]},
			"faces": {
				"north": {"uv": [0, 0, 4, 4], "texture": "#1"},
				"east": {"uv": [0, 0, 4, 16], "rotation": 90, "texture": "#1"},
				"south": {"uv": [0, 0, 4, 4], "texture": "#1"},
				"west": {"uv": [0, 0, 4, 16], "rotation": 90, "texture": "#1"},
				"up": {"uv": [0, 0, 4, 16], "texture": "#1"},
				"down": {"uv": [0, 0, 4, 16], "texture": "#1"}
			}
		},
		{
			"from": [8.75, 3, -2],
			"to": [9.75, 4, 2],
			"rotation": {"angle": 0, "axis": "y", "origin": [6, 4, 2]},
			"faces": {
				"north": {"uv": [0, 0, 4, 4], "texture": "#1"},
				"east": {"uv": [0, 0, 4, 16], "rotation": 90, "texture": "#1"},
				"south": {"uv": [0, 0, 4, 4], "texture": "#1"},
				"west": {"uv": [0, 0, 4, 16], "rotation": 90, "texture": "#1"},
				"up": {"uv": [0, 0, 4, 16], "texture": "#1"},
				"down": {"uv": [0, 0, 4, 16], "texture": "#1"}
			}
		},
		{
			"from": [6.25, 3, -2],
			"to": [7.25, 4, 2],
			"rotation": {"angle": 0, "axis": "y", "origin": [10, 4, 2]},
			"faces": {
				"north": {"uv": [4, 0, 0, 4], "texture": "#1"},
				"east": {"uv": [0, 16, 4, 0], "rotation": 90, "texture": "#1"},
				"south": {"uv": [4, 0, 0, 4], "texture": "#1"},
				"west": {"uv": [0, 16, 4, 0], "rotation": 90, "texture": "#1"},
				"up": {"uv": [4, 0, 0, 16], "texture": "#1"},
				"down": {"uv": [4, 0, 0, 16], "texture": "#1"}
			}
		},
		{
			"from": [6.25, 3.5, -4.75],
			"to": [7, 4, -2],
			"rotation": {"angle": 0, "axis": "y", "origin": [10, 4, 2]},
			"faces": {
				"north": {"uv": [3, 0, 0, 2], "texture": "#1"},
				"east": {"uv": [0, 16, 2, 0], "rotation": 90, "texture": "#1"},
				"south": {"uv": [3, 0, 0, 2], "texture": "#1"},
				"west": {"uv": [0, 16, 2, 0], "rotation": 90, "texture": "#1"},
				"up": {"uv": [3, 0, 0, 16], "texture": "#1"},
				"down": {"uv": [3, 0, 0, 16], "texture": "#1"}
			}
		},
		{
			"from": [9, 3.5, -4.75],
			"to": [9.75, 4, -2],
			"rotation": {"angle": 0, "axis": "y", "origin": [6, 4, 2]},
			"faces": {
				"north": {"uv": [0, 0, 3, 2], "texture": "#1"},
				"east": {"uv": [0, 0, 2, 16], "rotation": 90, "texture": "#1"},
				"south": {"uv": [0, 0, 2, 2], "texture": "#1"},
				"west": {"uv": [0, 0, 2, 16], "rotation": 90, "texture": "#1"},
				"up": {"uv": [0, 0, 3, 16], "texture": "#1"},
				"down": {"uv": [1, 0, 3, 16], "texture": "#1"}
			}
		},
		{
			"from": [6.25, 3, 2],
			"to": [7.25, 4, 6],
			"rotation": {"angle": 0, "axis": "y", "origin": [10, 4, 2]},
			"faces": {
				"north": {"uv": [4, 0, 0, 4], "texture": "#1"},
				"east": {"uv": [0, 16, 4, 0], "rotation": 90, "texture": "#1"},
				"south": {"uv": [4, 0, 0, 4], "texture": "#1"},
				"west": {"uv": [0, 16, 4, 0], "rotation": 90, "texture": "#1"},
				"up": {"uv": [4, 0, 0, 16], "texture": "#1"},
				"down": {"uv": [4, 0, 0, 16], "texture": "#1"}
			}
		},
		{
			"from": [8.775, 2.25, 2],
			"to": [9.7125, 3.25, 6],
			"rotation": {"angle": 22.5, "axis": "x", "origin": [8, 1.75, 4]},
			"faces": {
				"north": {"uv": [0, 0, 4, 4], "texture": "#1"},
				"east": {"uv": [0, 0, 4, 16], "rotation": 90, "texture": "#1"},
				"south": {"uv": [0, 0, 4, 4], "texture": "#1"},
				"west": {"uv": [0, 0, 4, 16], "rotation": 90, "texture": "#1"},
				"up": {"uv": [0, 0, 4, 16], "texture": "#1"},
				"down": {"uv": [0, 0, 4, 16], "texture": "#1"}
			}
		},
		{
			"from": [6.275, 2.25, 2],
			"to": [7.2125, 3.25, 6],
			"rotation": {"angle": 22.5, "axis": "x", "origin": [8, 1.75, 4]},
			"faces": {
				"north": {"uv": [4, 0, 0, 4], "texture": "#1"},
				"east": {"uv": [0, 16, 4, 0], "rotation": 90, "texture": "#1"},
				"south": {"uv": [4, 0, 0, 4], "texture": "#1"},
				"west": {"uv": [0, 16, 4, 0], "rotation": 90, "texture": "#1"},
				"up": {"uv": [4, 0, 0, 16], "texture": "#1"},
				"down": {"uv": [4, 0, 0, 16], "texture": "#1"}
			}
		},
		{
			"from": [6, 4, 9.75],
			"to": [10, 8, 10],
			"rotation": {"angle": 0, "axis": "y", "origin": [6, 4, 2]},
			"faces": {
				"north": {"uv": [0, 0, 16, 16], "texture": "#5"},
				"east": {"uv": [0, 0, 1, 16], "texture": "#0"},
				"south": {"uv": [0, 0, 16, 16], "texture": "#0"},
				"west": {"uv": [0, 0, 1, 16], "texture": "#0"},
				"up": {"uv": [0, 0, 16, 1], "texture": "#0"},
				"down": {"uv": [0, 0, 16, 1], "texture": "#0"}
			}
		},
		{
			"from": [7, 1, 10],
			"to": [9, 3, 10.5],
			"rotation": {"angle": 0, "axis": "y", "origin": [6, 4, 2]},
			"faces": {
				"north": {"uv": [0, 0, 16, 16], "texture": "#5"},
				"east": {"uv": [0, 0, 2, 16], "texture": "#0"},
				"south": {"uv": [0, 0, 16, 16], "texture": "#0"},
				"west": {"uv": [0, 0, 2, 16], "texture": "#0"},
				"up": {"uv": [0, 0, 16, 2], "texture": "#0"},
				"down": {"uv": [0, 0, 16, 2], "texture": "#0"}
			}
		},
		{
			"from": [9.75, 4.5, 7.25],
			"to": [10, 8, 9.75],
			"rotation": {"angle": 0, "axis": "y", "origin": [6, 4, 2]},
			"faces": {
				"north": {"uv": [0, 0, 1, 14], "texture": "#0"},
				"east": {"uv": [0, 0, 10, 14], "texture": "#0"},
				"south": {"uv": [0, 0, 1, 14], "texture": "#0"},
				"west": {"uv": [0, 0, 10, 14], "texture": "#0"},
				"up": {"uv": [0, 0, 1, 10], "texture": "#0"},
				"down": {"uv": [0, 0, 1, 10], "texture": "#0"}
			}
		},
		{
			"from": [6, 4.5, 7.25],
			"to": [6.25, 8, 9.75],
			"rotation": {"angle": 0, "axis": "y", "origin": [10, 4, 2]},
			"faces": {
				"north": {"uv": [1, 0, 2, 14], "texture": "#0"},
				"east": {"uv": [6, 0, 16, 14], "texture": "#0"},
				"south": {"uv": [1, 0, 2, 14], "texture": "#0"},
				"west": {"uv": [6, 0, 16, 14], "texture": "#0"},
				"up": {"uv": [1, 0, 2, 10], "texture": "#0"},
				"down": {"uv": [1, 0, 2, 10], "texture": "#0"}
			}
		},
		{
			"from": [6, 4, 7.24375],
			"to": [10, 4.5, 9.75],
			"rotation": {"angle": 0, "axis": "z", "origin": [8, 6, 8.5]},
			"faces": {
				"north": {"uv": [1, 0, 3, 16], "rotation": 90, "texture": "#0"},
				"east": {"uv": [1, 0, 3, 10.025], "rotation": 270, "texture": "#0"},
				"south": {"uv": [1, 0, 3, 16], "rotation": 270, "texture": "#0"},
				"west": {"uv": [1, 0, 3, 10.025], "rotation": 270, "texture": "#0"},
				"up": {"uv": [5.975, 0, 16, 16], "rotation": 270, "texture": "#0"},
				"down": {"uv": [5.975, 0, 16, 16], "rotation": 270, "texture": "#0"}
			}
		},
		{
			"from": [6.25, 7.75, 7.25],
			"to": [9.75, 8, 9.75],
			"rotation": {"angle": 0, "axis": "z", "origin": [8, 6, 8.5]},
			"faces": {
				"north": {"uv": [0, 0, 1, 14], "rotation": 90, "texture": "#0"},
				"east": {"uv": [0, 0, 1, 10], "rotation": 270, "texture": "#0"},
				"south": {"uv": [0, 0, 1, 14], "rotation": 270, "texture": "#0"},
				"west": {"uv": [0, 0, 1, 10], "rotation": 270, "texture": "#0"},
				"up": {"uv": [0, 0, 10, 14], "rotation": 270, "texture": "#0"},
				"down": {"uv": [0, 0, 10, 14], "rotation": 270, "texture": "#0"}
			}
		},
		{
			"from": [7, -5, 8],
			"to": [9, 0, 10],
			"faces": {
				"north": {"uv": [0, 0, 8, 16], "texture": "#1"},
				"east": {"uv": [0, 0, 8, 16], "texture": "#1"},
				"south": {"uv": [0, 0, 8, 16], "texture": "#1"},
				"west": {"uv": [0, 0, 8, 16], "texture": "#1"},
				"up": {"uv": [0, 0, 2, 2], "texture": "#1"},
				"down": {"uv": [0, 0, 8, 8], "texture": "#2"}
			}
		},
		{
			"from": [7.25, -2.25, 8],
			"to": [8.75, 1, 9],
			"rotation": {"angle": -22.5, "axis": "x", "origin": [8, -2.5, 9]},
			"faces": {
				"north": {"uv": [0, 0, 6, 12], "texture": "#1"},
				"east": {"uv": [0, 0, 4, 12], "texture": "#1"},
				"south": {"uv": [0, 0, 6, 12], "texture": "#1"},
				"west": {"uv": [0, 0, 4, 12], "texture": "#1"},
				"up": {"uv": [0, 0, 2, 2], "texture": "#1"},
				"down": {"uv": [0, 0, 8, 8], "texture": "#2"}
			}
		}
	],
	"gui_light": "front",
	"display": {
		"thirdperson_righthand": {
			"translation": [0, 8.5, -0.25]
		},
		"thirdperson_lefthand": {
			"translation": [0, 2, -7.5],
			"scale": [0.71, 0.71, 0.71]
		},
		"firstperson_righthand": {
			"rotation": [0, -4, 0],
			"translation": [-3.25, 4.75, 0],
			"scale": [0.4, 0.4, 0.4]
		},
		"firstperson_lefthand": {
			"rotation": [0, -4, 0],
			"translation": [-3.25, 4.75, 0],
			"scale": [0.4, 0.4, 0.4]
		},
		"ground": {
			"scale": [0.43, 0.43, 0.43]
		},
		"gui": {
			"rotation": [90, -45, 90],
			"translation": [0.75, -0.5, 0],
			"scale": [0.43, 0.43, 0.43]
		},
		"head": {
			"translation": [0, 0, -12.25]
		},
		"fixed": {
			"rotation": [90, 45, -90],
			"scale": [0.49, 0.49, 0.49]
		}
	},
	"groups": [
		{
			"name": "rail",
			"origin": [0, 0, 0],
			"color": 0,
			"children": [0, 1, 2, 3, 4, 5]
		},
		{
			"name": "rail",
			"origin": [0, 0, 0],
			"color": 0,
			"children": [6, 7, 8, 9, 10, 11, 12]
		},
		{
			"name": "rail",
			"origin": [0, 0, 0],
			"color": 0,
			"children": [13, 14, 15, 16, 17, 18, 19]
		},
		20,
		21,
		22,
		23,
		24,
		25,
		26,
		27,
		28,
		29,
		30,
		31,
		32,
		33,
		34,
		35,
		36
	]
}