{
"zelda.e_arrow_shoot": {"sounds":[{"name":"zelda/bow/e_arrow_shoot", "volume":1}]},
"zelda.botw_electric": {"sounds":["zelda/bow/electric1","zelda/bow/electric2","zelda/bow/electric3"]},
"zelda.f_arrow_hit": {"sounds":["zelda/bow/f_arrow_hit1","zelda/bow/f_arrow_hit2","zelda/bow/f_arrow_hit3","zelda/bow/f_arrow_hit4"]},
"zelda.f_arrow_shoot": {"sounds":[{"name":"zelda/bow/f_arrow_shoot", "volume":1}]},
"zelda.i_arrow_hit": {"sounds":[{"name":"zelda/bow/i_arrow_hit", "volume":1}]},
"zelda.i_arrow_shoot": {"sounds":[{"name":"zelda/bow/i_arrow_shoot", "volume":1}]},
"zelda.l_arrow_hit": {"sounds":[{"name":"zelda/bow/l_arrow_hit", "volume":1}]},
"zelda.l_arrow_shoot": {"sounds":[{"name":"zelda/bow/l_arrow_shoot", "volume":1}]},
"zelda.frozen_start": {"sounds":[{"name":"zelda/bow/frozen_start", "volume":1}]},
"zelda.frozen_end": {"sounds":[{"name":"zelda/bow/frozen_end", "volume":1}]},
"zelda.bokoblin_jump": {"sounds":["zelda/bokoblin/jump1","zelda/bokoblin/jump2","zelda/bokoblin/jump3"]},
"zelda.fire_rod": {"sounds":["zelda/effects/fire_rod"]},
"zelda.ice_rod": {"sounds":["zelda/effects/ice_rod"]},
"zelda.fanfare": {"sounds":[{"name":"zelda/effects/fanfare_item", "volume":0.5}]},
"zelda.target1": {"sounds":[{"name":"zelda/boomerang/target1", "volume":1.0}]},
"zelda.target2": {"sounds":[{"name":"zelda/boomerang/target2", "volume":1.0}]},
"zelda.target3": {"sounds":[{"name":"zelda/boomerang/target3", "volume":1.0}]},
"zelda.target4": {"sounds":[{"name":"zelda/boomerang/target4", "volume":1.0}]},
"zelda.target5": {"sounds":[{"name":"zelda/boomerang/target5", "volume":1.0}]},
"zelda.boomerang_fly": {"sounds":[{"name":"zelda/boomerang/boomerang_fly", "volume":0.5}]},
"zelda.boomerang_damage": {"sounds":[{"name":"zelda/boomerang/boomerang_damage", "volume":5.0}]},
"zelda.hookshot/hitwall": {"sounds":[{"name":"zelda/hookshot/hookshot_hitwall", "volume":1.0}]},
"zelda.hookshot/clank": {"sounds":["zelda/hookshot/hookshot_clank1","zelda/hookshot/hookshot_clank2","zelda/hookshot/hookshot_clank3"]},
"zelda.hookshot/hook": {"sounds":["zelda/hookshot/hookshot_hook1","zelda/hookshot/hookshot_hook2","zelda/hookshot/hookshot_hook3"]},
"zelda.hookshot/fire": {"sounds":[{"name":"zelda/hookshot/hookshot_fire", "volume":1.0}]},
"zelda.redead_scream": {"sounds":[{"name":"zelda/entities/redead_scream", "volume":1.0}]},
"zelda.rupee_green": {"sounds": ["zelda/rupee/rupee_green"]},
"zelda.rupee_blue": {"sounds": ["zelda/rupee/rupee_blue"]},
"zelda.rupee_yellow": {"sounds":["zelda/rupee/rupee_yellow"]},
"zelda.rupee_red": {"sounds": ["zelda/rupee/rupee_red"]},
"creepah.aw_man": {"sounds":[{"name":"aw_man", "volume":1.0}]}


}