{
	"credit": "Made with Blockbench",
	"textures": {
		"4": "machine/placer_up",
		"5": "machine/placer_top",
		"7": "machine/placer_side",
		"8": "machine/gear",
		"particle": "machine/gear"
	},
	"elements": [
		{
			"from": [0, 0, 0],
			"to": [16, 16, 16],
			"faces": {
				"north": {"uv": [0, 0, 16, 16], "texture": "#7"},
				"east": {"uv": [0, 0, 16, 16], "texture": "#7"},
				"south": {"uv": [0, 0, 16, 16], "texture": "#7"},
				"west": {"uv": [0, 0, 16, 16], "texture": "#7"},
				"up": {"uv": [0, 0, 16, 16], "texture": "#5"},
				"down": {"uv": [0, 0, 16, 16], "texture": "#4"}
			}
		},
		{
			"from": [-1, 3, 3],
			"to": [0, 13, 13],
			"faces": {
				"north": {"uv": [3, 3, 4, 12.999], "texture": "#8"},
				"east": {"uv": [3, 3, 12.999, 12.999], "texture": "#8"},
				"south": {"uv": [12, 3, 13, 12.999], "texture": "#8"},
				"west": {"uv": [3, 3, 12.999, 12.999], "texture": "#8"},
				"up": {"uv": [3, 3, 12.997, 3.998], "rotation": 90, "texture": "#8"},
				"down": {"uv": [3, 12, 12.999, 12.998], "rotation": 90, "texture": "#8"}
			}
		},
		{
			"from": [-1, 1, 7],
			"to": [0, 3, 9],
			"faces": {
				"north": {"uv": [7, 13, 8, 15], "texture": "#8"},
				"east": {"uv": [7, 13, 8.999, 15], "texture": "#8"},
				"south": {"uv": [7.998, 13, 8.998, 15], "texture": "#8"},
				"west": {"uv": [7, 13, 8.999, 15], "texture": "#8"},
				"up": {"uv": [0, 0, 1, 2], "texture": "#missing"},
				"down": {"uv": [7, 14, 8.998, 15], "rotation": 90, "texture": "#8"}
			}
		},
		{
			"from": [-1, 13, 7],
			"to": [0, 15, 9],
			"faces": {
				"north": {"uv": [7, 1, 8, 3], "texture": "#8"},
				"east": {"uv": [7, 1, 8.998, 3], "texture": "#8"},
				"south": {"uv": [7.997, 1, 8.997, 3], "texture": "#8"},
				"west": {"uv": [7, 1, 8.998, 3], "texture": "#8"},
				"up": {"uv": [7, 1, 8.997, 1.999], "rotation": 90, "texture": "#8"},
				"down": {"uv": [0, 0, 1, 2], "texture": "#missing"}
			}
		},
		{
			"from": [-1, 7, 1],
			"to": [0, 9, 3],
			"faces": {
				"north": {"uv": [1, 7, 2, 8.999], "texture": "#8"},
				"east": {"uv": [1, 7, 2.999, 8.999], "texture": "#8"},
				"south": {"uv": [0, 0, 1, 2], "texture": "#missing"},
				"west": {"uv": [1, 7, 2.999, 8.999], "texture": "#8"},
				"up": {"uv": [1, 7, 3, 7.998], "rotation": 90, "texture": "#8"},
				"down": {"uv": [1, 8, 3, 8.998], "rotation": 90, "texture": "#8"}
			}
		},
		{
			"from": [-1, 7, 13],
			"to": [0, 9, 15],
			"faces": {
				"north": {"uv": [0, 0, 1, 2], "texture": "#missing"},
				"east": {"uv": [13, 7, 14.999, 8.999], "texture": "#8"},
				"south": {"uv": [13.999, 7, 14.999, 8.998], "texture": "#8"},
				"west": {"uv": [13, 7, 14.999, 8.999], "texture": "#8"},
				"up": {"uv": [13, 7, 14.999, 7.997], "rotation": 90, "texture": "#8"},
				"down": {"uv": [13, 8, 14.999, 8.997], "rotation": 90, "texture": "#8"}
			}
		},
		{
			"from": [-1, 2, 2],
			"to": [0, 4, 4],
			"faces": {
				"north": {"uv": [2, 12, 2.999, 14], "texture": "#8"},
				"east": {"uv": [2, 12, 4, 14], "texture": "#8"},
				"south": {"uv": [3, 12, 4, 14], "texture": "#8"},
				"west": {"uv": [2, 12, 4, 14], "texture": "#8"},
				"up": {"uv": [2, 12, 4, 12.999], "texture": "#8"},
				"down": {"uv": [2, 12.999, 4, 13.999], "texture": "#8"}
			}
		},
		{
			"from": [-1, 12, 2],
			"to": [0, 14, 4],
			"faces": {
				"north": {"uv": [2, 2, 2.999, 4], "texture": "#8"},
				"east": {"uv": [2, 2, 4, 4], "texture": "#8"},
				"south": {"uv": [3, 2, 4, 4], "texture": "#8"},
				"west": {"uv": [2, 2, 4, 4], "texture": "#8"},
				"up": {"uv": [2, 2, 4, 2.999], "texture": "#8"},
				"down": {"uv": [2, 3, 4, 4], "texture": "#8"}
			}
		},
		{
			"from": [-1, 12, 12],
			"to": [0, 14, 14],
			"faces": {
				"north": {"uv": [12, 2, 12.999, 4], "texture": "#8"},
				"east": {"uv": [12, 2, 14, 4], "texture": "#8"},
				"south": {"uv": [12.999, 2, 13.999, 4], "texture": "#8"},
				"west": {"uv": [12, 2, 14, 4], "texture": "#8"},
				"up": {"uv": [12, 2, 14, 2.999], "texture": "#8"},
				"down": {"uv": [12, 3, 14, 4], "texture": "#8"}
			}
		},
		{
			"from": [-1, 2, 12],
			"to": [0, 4, 14],
			"faces": {
				"north": {"uv": [12, 12, 12.999, 14], "texture": "#8"},
				"east": {"uv": [0, 0, 2, 2], "texture": "#missing"},
				"south": {"uv": [12.999, 12, 13.999, 14], "texture": "#8"},
				"west": {"uv": [12, 12, 14, 14], "texture": "#8"},
				"up": {"uv": [12, 12, 14, 12.999], "texture": "#8"},
				"down": {"uv": [12, 12.999, 14, 13.999], "texture": "#8"}
			}
		},
		{
			"from": [16, 3, 3],
			"to": [17, 13, 13],
			"faces": {
				"north": {"uv": [3, 3, 4, 12.999], "texture": "#8"},
				"east": {"uv": [3, 3, 12.999, 12.999], "texture": "#8"},
				"south": {"uv": [12, 3, 13, 12.999], "texture": "#8"},
				"west": {"uv": [3, 3, 12.999, 12.999], "texture": "#8"},
				"up": {"uv": [3, 3, 12.997, 3.998], "rotation": 90, "texture": "#8"},
				"down": {"uv": [3, 12, 12.999, 12.998], "rotation": 90, "texture": "#8"}
			}
		},
		{
			"from": [16, 1, 7],
			"to": [17, 3, 9],
			"faces": {
				"north": {"uv": [7, 13, 8, 15], "texture": "#8"},
				"east": {"uv": [7, 13, 8.999, 15], "texture": "#8"},
				"south": {"uv": [7.998, 13, 8.998, 15], "texture": "#8"},
				"west": {"uv": [7, 13, 8.999, 15], "texture": "#8"},
				"up": {"uv": [0, 0, 1, 2], "texture": "#missing"},
				"down": {"uv": [7, 14, 8.998, 15], "rotation": 90, "texture": "#8"}
			}
		},
		{
			"from": [16, 13, 7],
			"to": [17, 15, 9],
			"faces": {
				"north": {"uv": [7, 1, 8, 3], "texture": "#8"},
				"east": {"uv": [7, 1, 8.998, 3], "texture": "#8"},
				"south": {"uv": [7.997, 1, 8.997, 3], "texture": "#8"},
				"west": {"uv": [7, 1, 8.998, 3], "texture": "#8"},
				"up": {"uv": [7, 1, 8.997, 1.999], "rotation": 90, "texture": "#8"},
				"down": {"uv": [0, 0, 1, 2], "texture": "#missing"}
			}
		},
		{
			"from": [16, 7, 1],
			"to": [17, 9, 3],
			"faces": {
				"north": {"uv": [1, 7, 2, 8.999], "texture": "#8"},
				"east": {"uv": [1, 7, 2.999, 8.999], "texture": "#8"},
				"south": {"uv": [0, 0, 1, 2], "texture": "#missing"},
				"west": {"uv": [1, 7, 2.999, 8.999], "texture": "#8"},
				"up": {"uv": [1, 7, 3, 7.998], "rotation": 90, "texture": "#8"},
				"down": {"uv": [1, 8, 3, 8.998], "rotation": 90, "texture": "#8"}
			}
		},
		{
			"from": [16, 7, 13],
			"to": [17, 9, 15],
			"faces": {
				"north": {"uv": [0, 0, 1, 2], "texture": "#missing"},
				"east": {"uv": [13, 7, 14.999, 8.999], "texture": "#8"},
				"south": {"uv": [13.999, 7, 14.999, 8.998], "texture": "#8"},
				"west": {"uv": [13, 7, 14.999, 8.999], "texture": "#8"},
				"up": {"uv": [13, 7, 14.999, 7.997], "rotation": 90, "texture": "#8"},
				"down": {"uv": [13, 8, 14.999, 8.997], "rotation": 90, "texture": "#8"}
			}
		},
		{
			"from": [16, 2, 2],
			"to": [17, 4, 4],
			"faces": {
				"north": {"uv": [2, 12, 2.999, 14], "texture": "#8"},
				"east": {"uv": [2, 12, 4, 14], "texture": "#8"},
				"south": {"uv": [3, 12, 4, 14], "texture": "#8"},
				"west": {"uv": [2, 12, 4, 14], "texture": "#8"},
				"up": {"uv": [2, 12, 4, 12.999], "texture": "#8"},
				"down": {"uv": [2, 12.999, 4, 13.999], "texture": "#8"}
			}
		},
		{
			"from": [16, 12, 2],
			"to": [17, 14, 4],
			"faces": {
				"north": {"uv": [2, 2, 2.999, 4], "texture": "#8"},
				"east": {"uv": [2, 2, 4, 4], "texture": "#8"},
				"south": {"uv": [3, 2, 4, 4], "texture": "#8"},
				"west": {"uv": [2, 2, 4, 4], "texture": "#8"},
				"up": {"uv": [2, 2, 4, 2.999], "texture": "#8"},
				"down": {"uv": [2, 3, 4, 4], "texture": "#8"}
			}
		},
		{
			"from": [16, 12, 12],
			"to": [17, 14, 14],
			"faces": {
				"north": {"uv": [12, 2, 12.999, 4], "texture": "#8"},
				"east": {"uv": [12, 2, 14, 4], "texture": "#8"},
				"south": {"uv": [12.999, 2, 13.999, 4], "texture": "#8"},
				"west": {"uv": [12, 2, 14, 4], "texture": "#8"},
				"up": {"uv": [12, 2, 14, 2.999], "texture": "#8"},
				"down": {"uv": [12, 3, 14, 4], "texture": "#8"}
			}
		},
		{
			"from": [16, 2, 12],
			"to": [17, 4, 14],
			"faces": {
				"north": {"uv": [12, 12, 12.999, 14], "texture": "#8"},
				"east": {"uv": [12, 12, 14, 14], "texture": "#8"},
				"south": {"uv": [12.999, 12, 13.999, 14], "texture": "#8"},
				"west": {"uv": [12, 12, 14, 14], "texture": "#8"},
				"up": {"uv": [12, 12, 14, 12.999], "texture": "#8"},
				"down": {"uv": [12, 12.999, 14, 13.999], "texture": "#8"}
			}
		}
	],
	"gui_light": "front",
	"display": {
		"thirdperson_righthand": {
			"rotation": [75, 45, 0],
			"translation": [0, 2.5, 0],
			"scale": [0.375, 0.375, 0.375]
		},
		"firstperson_righthand": {
			"rotation": [0, 45, 0],
			"scale": [0.4, 0.4, 0.4]
		},
		"firstperson_lefthand": {
			"rotation": [0, 225, 0],
			"scale": [0.4, 0.4, 0.4]
		},
		"ground": {
			"translation": [0, -1.75, 0],
			"scale": [0.25, 0.25, 0.25]
		},
		"gui": {
			"rotation": [30, 225, 0],
			"scale": [0.625, 0.625, 0.625]
		},
		"fixed": {
			"rotation": [-90, 0, 0],
			"translation": [0, 0, 16],
			"scale": [2.01, 2.01, 2.01]
		}
	},
	"groups": [0,
		{
			"name": "gear",
			"origin": [8, 8, 8],
			"children": [1, 2, 3, 4, 5, 6, 7, 8, 9]
		},
		{
			"name": "gear",
			"origin": [8, 8, 8],
			"children": [10, 11, 12, 13, 14, 15, 16, 17, 18]
		}
	]
}