{
	"credit": "Made with Blockbench",
	"textures": {
		"0": "machine/iron_block",
		"1": "machine/light_gray_concrete",
		"4": "machine/cyan_terracotta",
		"5": "machine/generic_top",
		"6": "machine/slab_side",
		"particle": "machine/iron_block"
	},
	"elements": [
		{
			"from": [0, 0, 0],
			"to": [16, 8.1, 16],
			"faces": {
				"north": {"uv": [0, 0, 16, 8.1], "texture": "#6"},
				"east": {"uv": [0, 0, 16, 8.1], "texture": "#6"},
				"south": {"uv": [0, 0, 16, 8.1], "texture": "#6"},
				"west": {"uv": [0, 0, 16, 8.1], "texture": "#6"},
				"up": {"uv": [0, 0, 16, 16], "texture": "#5"},
				"down": {"uv": [0, 0, 16, 16], "texture": "#5"}
			}
		},
		{
			"from": [5, 8, 5],
			"to": [11, 9, 11],
			"faces": {
				"north": {"uv": [0, 0, 6, 1], "texture": "#4"},
				"east": {"uv": [0, 0, 6, 1], "texture": "#4"},
				"south": {"uv": [0, 0, 6, 1], "texture": "#4"},
				"west": {"uv": [0, 0, 6, 1], "texture": "#4"},
				"up": {"uv": [0, 0, 6, 6], "texture": "#4"},
				"down": {"uv": [0, 0, 6, 6], "texture": "#4"}
			}
		},
		{
			"from": [6, 9, 6],
			"to": [10, 10, 10],
			"faces": {
				"north": {"uv": [0, 0, 4, 1], "texture": "#4"},
				"east": {"uv": [0, 0, 4, 1], "texture": "#4"},
				"south": {"uv": [0, 0, 4, 1], "texture": "#4"},
				"west": {"uv": [0, 0, 4, 1], "texture": "#4"},
				"up": {"uv": [0, 0, 4, 4], "texture": "#4"},
				"down": {"uv": [0, 0, 4, 4], "texture": "#4"}
			}
		},
		{
			"from": [7, 7, 7],
			"to": [9, 14, 9],
			"rotation": {"angle": 0, "axis": "y", "origin": [0, -3, 0]},
			"faces": {
				"north": {"uv": [0, 0, 2, 7], "texture": "#1"},
				"east": {"uv": [0, 0, 2, 7], "texture": "#1"},
				"south": {"uv": [0, 0, 2, 7], "texture": "#1"},
				"west": {"uv": [0, 0, 2, 7], "texture": "#1"},
				"up": {"uv": [0, 0, 2, 2], "texture": "#1"},
				"down": {"uv": [0, 0, 2, 2], "texture": "#1"}
			}
		},
		{
			"from": [-2, 11.95, 6],
			"to": [18, 13.025, 10],
			"rotation": {"angle": 0, "axis": "y", "origin": [0, -3, 0]},
			"faces": {
				"north": {"uv": [0, 0, 16, 1.075], "texture": "#0"},
				"east": {"uv": [0, 0, 4, 1.075], "texture": "#0"},
				"south": {"uv": [0, 0, 16, 1.075], "texture": "#0"},
				"west": {"uv": [0, 0, 4, 1.075], "texture": "#0"},
				"up": {"uv": [0, 0, 16, 4], "texture": "#0"},
				"down": {"uv": [0, 0, 16, 4], "texture": "#0"}
			}
		},
		{
			"from": [6, 11.9, -2],
			"to": [10, 13, 18],
			"rotation": {"angle": 0, "axis": "y", "origin": [8, 12.5, 8]},
			"faces": {
				"north": {"uv": [0, 0, 4, 1.1], "texture": "#0"},
				"east": {"uv": [0, 0, 16, 1.1], "texture": "#0"},
				"south": {"uv": [0, 0, 4, 1.1], "texture": "#0"},
				"west": {"uv": [0, 0, 16, 1.1], "texture": "#0"},
				"up": {"uv": [0, 0, 16, 4], "rotation": 270, "texture": "#0"},
				"down": {"uv": [0, 0, 16, 4], "rotation": 90, "texture": "#0"}
			}
		},
		{
			"from": [6, 11.975, -2],
			"to": [10, 12.975, 18],
			"rotation": {"angle": 45, "axis": "y", "origin": [8, 12.5, 8]},
			"faces": {
				"north": {"uv": [0, 0, 4, 1], "texture": "#0"},
				"east": {"uv": [0, 0, 16, 1], "texture": "#0"},
				"south": {"uv": [0, 0, 4, 1], "texture": "#0"},
				"west": {"uv": [0, 0, 16, 1], "texture": "#0"},
				"up": {"uv": [0, 0, 16, 4], "rotation": 270, "texture": "#0"},
				"down": {"uv": [0, 0, 16, 4], "rotation": 90, "texture": "#0"}
			}
		},
		{
			"from": [-2, 11.975, 6],
			"to": [18, 12.975, 10],
			"rotation": {"angle": 45, "axis": "y", "origin": [8, 12.5, 8]},
			"faces": {
				"north": {"uv": [0, 0, 16, 1], "texture": "#0"},
				"east": {"uv": [0, 0, 4, 1], "texture": "#0"},
				"south": {"uv": [0, 0, 16, 1], "texture": "#0"},
				"west": {"uv": [0, 0, 4, 1], "texture": "#0"},
				"up": {"uv": [0, 0, 16, 4], "texture": "#0"},
				"down": {"uv": [0, 0, 16, 4], "texture": "#0"}
			}
		}
	],
	"gui_light": "front",
	"display": {
		"thirdperson_righthand": {
			"rotation": [75, 45, 0],
			"translation": [0, 2.5, 0],
			"scale": [0.375, 0.375, 0.375]
		},
		"firstperson_righthand": {
			"rotation": [0, 45, 0],
			"scale": [0.4, 0.4, 0.4]
		},
		"firstperson_lefthand": {
			"rotation": [0, 225, 0],
			"scale": [0.4, 0.4, 0.4]
		},
		"ground": {
			"translation": [0, 3, 0],
			"scale": [0.25, 0.25, 0.25]
		},
		"gui": {
			"rotation": [30, 225, 0],
			"scale": [0.625, 0.625, 0.625]
		},
		"fixed": {
			"rotation": [-90, 0, 0],
			"translation": [0, 0, -16],
			"scale": [2.01, 2.01, 2.01]
		}
	}
}