{
	"credit": "Made with Blockbench",
	"textures": {
		"0": "machine/obsidian_gear",
		"1": "machine/generic_top",
		"4": "machine/slab_side",
		"5": "machine/black_concrete",
		"6": "machine/blast_furnace_top",
		"7": "machine/arrow_top",
		"particle": "machine/obsidian_gear"
	},
	"elements": [
		{
			"from": [0, 0, 0],
			"to": [16, 16, 16],
			"faces": {
				"north": {"uv": [0, 0, 16, 16], "texture": "#4"},
				"east": {"uv": [0, 0, 16, 16], "texture": "#1"},
				"south": {"uv": [0, 0, 16, 16], "texture": "#1"},
				"west": {"uv": [0, 0, 16, 16], "texture": "#1"},
				"up": {"uv": [0, 0, 16, 16], "texture": "#7"},
				"down": {"uv": [0, 0, 16, 16], "texture": "#1"}
			}
		},
		{
			"from": [1, 7, 16.25],
			"to": [3, 9, 16.75],
			"rotation": {"angle": 0, "axis": "y", "origin": [0, 0, 16]},
			"faces": {
				"north": {"uv": [13, 7, 15, 9], "texture": "#0"},
				"east": {"uv": [14, 7, 13, 9], "texture": "#0"},
				"south": {"uv": [15, 7, 13, 9], "texture": "#0"},
				"west": {"uv": [15, 7, 14, 9], "texture": "#0"},
				"up": {"uv": [15, 8, 13, 7], "texture": "#0"},
				"down": {"uv": [13, 9, 15, 8], "rotation": 180, "texture": "#0"}
			}
		},
		{
			"from": [13, 7, 16.25],
			"to": [15, 9, 16.75],
			"rotation": {"angle": 0, "axis": "y", "origin": [16, 0, 16]},
			"faces": {
				"north": {"uv": [15, 7, 13, 9], "texture": "#0"},
				"east": {"uv": [14, 7, 15, 9], "texture": "#0"},
				"south": {"uv": [13, 7, 15, 9], "texture": "#0"},
				"west": {"uv": [13, 7, 14, 9], "texture": "#0"},
				"up": {"uv": [13, 8, 15, 7], "texture": "#0"},
				"down": {"uv": [15, 9, 13, 8], "rotation": 180, "texture": "#0"}
			}
		},
		{
			"from": [7, 13, 16.25],
			"to": [9, 15, 16.75],
			"rotation": {"angle": 0, "axis": "z", "origin": [8, 8, 16.5]},
			"faces": {
				"north": {"uv": [13, 7, 15, 9], "rotation": 270, "texture": "#0"},
				"east": {"uv": [13, 7, 15, 8], "rotation": 270, "texture": "#0"},
				"south": {"uv": [15, 7, 13, 9], "rotation": 90, "texture": "#0"},
				"west": {"uv": [15, 8, 13, 9], "rotation": 90, "texture": "#0"},
				"up": {"uv": [14, 9, 15, 7], "rotation": 270, "texture": "#0"},
				"down": {"uv": [13, 9, 14, 7], "rotation": 270, "texture": "#0"}
			}
		},
		{
			"from": [7, 1, 16.25],
			"to": [9, 3, 16.75],
			"rotation": {"angle": 0, "axis": "z", "origin": [8, 8, 16.5]},
			"faces": {
				"north": {"uv": [15, 7, 13, 9], "rotation": 270, "texture": "#0"},
				"east": {"uv": [15, 7, 13, 8], "rotation": 270, "texture": "#0"},
				"south": {"uv": [13, 7, 15, 9], "rotation": 90, "texture": "#0"},
				"west": {"uv": [13, 8, 15, 9], "rotation": 90, "texture": "#0"},
				"up": {"uv": [14, 9, 13, 7], "rotation": 270, "texture": "#0"},
				"down": {"uv": [15, 9, 14, 7], "rotation": 270, "texture": "#0"}
			}
		},
		{
			"from": [2, 12, 16.25],
			"to": [4, 14, 16.75],
			"rotation": {"angle": 0, "axis": "y", "origin": [0, 0, 16]},
			"faces": {
				"north": {"uv": [12, 2, 14, 4], "texture": "#0"},
				"east": {"uv": [13, 2, 12, 4], "texture": "#0"},
				"south": {"uv": [14, 2, 12, 4], "texture": "#0"},
				"west": {"uv": [13, 2, 14, 4], "texture": "#0"},
				"up": {"uv": [14, 3, 12, 2], "texture": "#0"},
				"down": {"uv": [12, 4, 14, 3], "texture": "#0"}
			}
		},
		{
			"from": [12, 12, 16.25],
			"to": [14, 14, 16.75],
			"rotation": {"angle": 0, "axis": "y", "origin": [16, 0, 16]},
			"faces": {
				"north": {"uv": [14, 2, 12, 4], "texture": "#0"},
				"east": {"uv": [14, 2, 13, 4], "texture": "#0"},
				"south": {"uv": [12, 2, 14, 4], "texture": "#0"},
				"west": {"uv": [12, 2, 13, 4], "texture": "#0"},
				"up": {"uv": [12, 3, 14, 2], "texture": "#0"},
				"down": {"uv": [14, 4, 12, 3], "texture": "#0"}
			}
		},
		{
			"from": [12, 2, 16.25],
			"to": [14, 4, 16.75],
			"rotation": {"angle": 0, "axis": "y", "origin": [16, 16, 16]},
			"faces": {
				"north": {"uv": [14, 4, 12, 2], "texture": "#0"},
				"east": {"uv": [14, 4, 13, 2], "texture": "#0"},
				"south": {"uv": [12, 4, 14, 2], "texture": "#0"},
				"west": {"uv": [12, 4, 13, 2], "texture": "#0"},
				"up": {"uv": [14, 3, 12, 4], "texture": "#0"},
				"down": {"uv": [12, 2, 14, 3], "texture": "#0"}
			}
		},
		{
			"from": [2, 2, 16.25],
			"to": [4, 4, 16.75],
			"rotation": {"angle": 0, "axis": "y", "origin": [0, 16, 16]},
			"faces": {
				"north": {"uv": [12, 4, 14, 2], "texture": "#0"},
				"east": {"uv": [13, 4, 12, 2], "texture": "#0"},
				"south": {"uv": [14, 4, 12, 2], "texture": "#0"},
				"west": {"uv": [13, 4, 14, 2], "texture": "#0"},
				"up": {"uv": [12, 3, 14, 4], "texture": "#0"},
				"down": {"uv": [14, 2, 12, 3], "texture": "#0"}
			}
		},
		{
			"from": [3, 3, 16],
			"to": [13, 13, 17],
			"rotation": {"angle": 0, "axis": "y", "origin": [0, 0, 16]},
			"faces": {
				"north": {"uv": [13, 3, 3, 13], "texture": "#0"},
				"east": {"uv": [4, 3, 3, 13], "texture": "#0"},
				"south": {"uv": [13, 3, 3, 13], "texture": "#0"},
				"west": {"uv": [13, 3, 12, 13], "texture": "#0"},
				"up": {"uv": [3, 4, 13, 3], "texture": "#0"},
				"down": {"uv": [3, 13, 13, 12], "texture": "#0"}
			}
		},
		{
			"from": [16.25, 7, 1],
			"to": [16.75, 9, 3],
			"rotation": {"angle": 0, "axis": "y", "origin": [8, 8, 8]},
			"faces": {
				"north": {"uv": [14, 7, 15, 9], "texture": "#0"},
				"east": {"uv": [13, 7, 15, 9], "texture": "#0"},
				"south": {"uv": [13, 7, 14, 9], "texture": "#0"},
				"west": {"uv": [15, 7, 13, 9], "texture": "#0"},
				"up": {"uv": [15, 7, 13, 8], "rotation": 90, "texture": "#0"},
				"down": {"uv": [13, 8, 15, 9], "rotation": 90, "texture": "#0"}
			}
		},
		{
			"from": [16.25, 7, 13],
			"to": [16.75, 9, 15],
			"rotation": {"angle": 0, "axis": "y", "origin": [8, 8, 8]},
			"faces": {
				"north": {"uv": [14, 7, 13, 9], "texture": "#0"},
				"east": {"uv": [15, 7, 13, 9], "texture": "#0"},
				"south": {"uv": [15, 7, 14, 9], "texture": "#0"},
				"west": {"uv": [13, 7, 15, 9], "texture": "#0"},
				"up": {"uv": [13, 7, 15, 8], "rotation": 90, "texture": "#0"},
				"down": {"uv": [15, 8, 13, 9], "rotation": 90, "texture": "#0"}
			}
		},
		{
			"from": [16.25, 13, 7],
			"to": [16.75, 15, 9],
			"rotation": {"angle": 0, "axis": "y", "origin": [8, 8, 8]},
			"faces": {
				"north": {"uv": [15, 9, 13, 8], "rotation": 90, "texture": "#0"},
				"east": {"uv": [15, 9, 13, 7], "rotation": 90, "texture": "#0"},
				"south": {"uv": [13, 8, 15, 7], "rotation": 270, "texture": "#0"},
				"west": {"uv": [13, 9, 15, 7], "rotation": 270, "texture": "#0"},
				"up": {"uv": [15, 9, 14, 7], "texture": "#0"},
				"down": {"uv": [14, 9, 13, 7], "rotation": 180, "texture": "#0"}
			}
		},
		{
			"from": [16.25, 1, 7],
			"to": [16.75, 3, 9],
			"rotation": {"angle": 0, "axis": "y", "origin": [8, 8, 8]},
			"faces": {
				"north": {"uv": [13, 9, 15, 8], "rotation": 90, "texture": "#0"},
				"east": {"uv": [13, 9, 15, 7], "rotation": 90, "texture": "#0"},
				"south": {"uv": [15, 8, 13, 7], "rotation": 270, "texture": "#0"},
				"west": {"uv": [15, 9, 13, 7], "rotation": 270, "texture": "#0"},
				"up": {"uv": [13, 9, 14, 7], "texture": "#0"},
				"down": {"uv": [14, 9, 15, 7], "rotation": 180, "texture": "#0"}
			}
		},
		{
			"from": [16.25, 12, 2],
			"to": [16.75, 14, 4],
			"rotation": {"angle": 0, "axis": "y", "origin": [8, 8, 8]},
			"faces": {
				"north": {"uv": [14, 2, 13, 4], "texture": "#0"},
				"east": {"uv": [12, 2, 14, 4], "texture": "#0"},
				"south": {"uv": [12, 2, 13, 4], "texture": "#0"},
				"west": {"uv": [14, 2, 12, 4], "texture": "#0"},
				"up": {"uv": [14, 2, 12, 3], "rotation": 90, "texture": "#0"},
				"down": {"uv": [12, 3, 14, 4], "rotation": 270, "texture": "#0"}
			}
		},
		{
			"from": [16.25, 12, 12],
			"to": [16.75, 14, 14],
			"rotation": {"angle": 0, "axis": "y", "origin": [8, 8, 8]},
			"faces": {
				"north": {"uv": [13, 2, 12, 4], "texture": "#0"},
				"east": {"uv": [14, 2, 12, 4], "texture": "#0"},
				"south": {"uv": [13, 2, 14, 4], "texture": "#0"},
				"west": {"uv": [12, 2, 14, 4], "texture": "#0"},
				"up": {"uv": [12, 2, 14, 3], "rotation": 90, "texture": "#0"},
				"down": {"uv": [14, 3, 12, 4], "rotation": 270, "texture": "#0"}
			}
		},
		{
			"from": [16.25, 2, 12],
			"to": [16.75, 4, 14],
			"rotation": {"angle": 0, "axis": "y", "origin": [8, 8, 8]},
			"faces": {
				"north": {"uv": [13, 4, 12, 2], "texture": "#0"},
				"east": {"uv": [14, 4, 12, 2], "texture": "#0"},
				"south": {"uv": [13, 4, 14, 2], "texture": "#0"},
				"west": {"uv": [12, 4, 14, 2], "texture": "#0"},
				"up": {"uv": [14, 4, 12, 3], "rotation": 90, "texture": "#0"},
				"down": {"uv": [12, 3, 14, 2], "rotation": 270, "texture": "#0"}
			}
		},
		{
			"from": [16.25, 2, 2],
			"to": [16.75, 4, 4],
			"rotation": {"angle": 0, "axis": "y", "origin": [8, 8, 8]},
			"faces": {
				"north": {"uv": [14, 4, 13, 2], "texture": "#0"},
				"east": {"uv": [12, 4, 14, 2], "texture": "#0"},
				"south": {"uv": [12, 4, 13, 2], "texture": "#0"},
				"west": {"uv": [14, 4, 12, 2], "texture": "#0"},
				"up": {"uv": [12, 4, 14, 3], "rotation": 90, "texture": "#0"},
				"down": {"uv": [14, 3, 12, 2], "rotation": 270, "texture": "#0"}
			}
		},
		{
			"from": [16, 3, 3],
			"to": [17, 13, 13],
			"rotation": {"angle": 0, "axis": "y", "origin": [8, 8, 8]},
			"faces": {
				"north": {"uv": [12, 3, 13, 13], "texture": "#0"},
				"east": {"uv": [3, 3, 13, 13], "texture": "#0"},
				"south": {"uv": [3, 3, 4, 13], "texture": "#0"},
				"west": {"uv": [3, 3, 13, 13], "texture": "#0"},
				"up": {"uv": [3, 3, 13, 4], "rotation": 90, "texture": "#0"},
				"down": {"uv": [3, 12, 13, 13], "rotation": 270, "texture": "#0"}
			}
		},
		{
			"from": [-0.75, 7, 1],
			"to": [-0.25, 9, 3],
			"rotation": {"angle": 0, "axis": "y", "origin": [8, 8, 8]},
			"faces": {
				"north": {"uv": [15, 7, 14, 9], "texture": "#0"},
				"east": {"uv": [13, 7, 15, 9], "texture": "#0"},
				"south": {"uv": [14, 7, 13, 9], "texture": "#0"},
				"west": {"uv": [15, 7, 13, 9], "texture": "#0"},
				"up": {"uv": [15, 8, 13, 7], "rotation": 90, "texture": "#0"},
				"down": {"uv": [13, 9, 15, 8], "rotation": 90, "texture": "#0"}
			}
		},
		{
			"from": [-0.75, 7, 13],
			"to": [-0.25, 9, 15],
			"rotation": {"angle": 0, "axis": "y", "origin": [8, 8, 8]},
			"faces": {
				"north": {"uv": [13, 7, 14, 9], "texture": "#0"},
				"east": {"uv": [15, 7, 13, 9], "texture": "#0"},
				"south": {"uv": [14, 7, 15, 9], "texture": "#0"},
				"west": {"uv": [13, 7, 15, 9], "texture": "#0"},
				"up": {"uv": [13, 8, 15, 7], "rotation": 90, "texture": "#0"},
				"down": {"uv": [15, 9, 13, 8], "rotation": 90, "texture": "#0"}
			}
		},
		{
			"from": [-0.75, 13, 7],
			"to": [-0.25, 15, 9],
			"rotation": {"angle": 0, "axis": "y", "origin": [8, 8, 8]},
			"faces": {
				"north": {"uv": [15, 8, 13, 9], "rotation": 90, "texture": "#0"},
				"east": {"uv": [13, 7, 15, 9], "rotation": 270, "texture": "#0"},
				"south": {"uv": [13, 7, 15, 8], "rotation": 270, "texture": "#0"},
				"west": {"uv": [15, 7, 13, 9], "rotation": 90, "texture": "#0"},
				"up": {"uv": [14, 9, 15, 7], "texture": "#0"},
				"down": {"uv": [13, 9, 14, 7], "rotation": 180, "texture": "#0"}
			}
		},
		{
			"from": [-0.75, 1, 7],
			"to": [-0.25, 3, 9],
			"rotation": {"angle": 0, "axis": "y", "origin": [8, 8, 8]},
			"faces": {
				"north": {"uv": [13, 8, 15, 9], "rotation": 90, "texture": "#0"},
				"east": {"uv": [15, 7, 13, 9], "rotation": 270, "texture": "#0"},
				"south": {"uv": [15, 7, 13, 8], "rotation": 270, "texture": "#0"},
				"west": {"uv": [13, 7, 15, 9], "rotation": 90, "texture": "#0"},
				"up": {"uv": [14, 9, 13, 7], "texture": "#0"},
				"down": {"uv": [15, 9, 14, 7], "rotation": 180, "texture": "#0"}
			}
		},
		{
			"from": [-0.75, 12, 2],
			"to": [-0.25, 14, 4],
			"rotation": {"angle": 0, "axis": "y", "origin": [8, 8, 8]},
			"faces": {
				"north": {"uv": [13, 2, 14, 4], "texture": "#0"},
				"east": {"uv": [12, 2, 14, 4], "texture": "#0"},
				"south": {"uv": [13, 2, 12, 4], "texture": "#0"},
				"west": {"uv": [14, 2, 12, 4], "texture": "#0"},
				"up": {"uv": [14, 3, 12, 2], "rotation": 90, "texture": "#0"},
				"down": {"uv": [12, 4, 14, 3], "rotation": 270, "texture": "#0"}
			}
		},
		{
			"from": [-0.75, 12, 12],
			"to": [-0.25, 14, 14],
			"rotation": {"angle": 0, "axis": "y", "origin": [8, 8, 8]},
			"faces": {
				"north": {"uv": [12, 2, 13, 4], "texture": "#0"},
				"east": {"uv": [14, 2, 12, 4], "texture": "#0"},
				"south": {"uv": [14, 2, 13, 4], "texture": "#0"},
				"west": {"uv": [12, 2, 14, 4], "texture": "#0"},
				"up": {"uv": [12, 3, 14, 2], "rotation": 90, "texture": "#0"},
				"down": {"uv": [14, 4, 12, 3], "rotation": 270, "texture": "#0"}
			}
		},
		{
			"from": [-0.75, 2, 12],
			"to": [-0.25, 4, 14],
			"rotation": {"angle": 0, "axis": "y", "origin": [8, 8, 8]},
			"faces": {
				"north": {"uv": [12, 4, 13, 2], "texture": "#0"},
				"east": {"uv": [14, 4, 12, 2], "texture": "#0"},
				"south": {"uv": [14, 4, 13, 2], "texture": "#0"},
				"west": {"uv": [12, 4, 14, 2], "texture": "#0"},
				"up": {"uv": [14, 3, 12, 4], "rotation": 90, "texture": "#0"},
				"down": {"uv": [12, 2, 14, 3], "rotation": 270, "texture": "#0"}
			}
		},
		{
			"from": [-0.75, 2, 2],
			"to": [-0.25, 4, 4],
			"rotation": {"angle": 0, "axis": "y", "origin": [8, 8, 8]},
			"faces": {
				"north": {"uv": [13, 4, 14, 2], "texture": "#0"},
				"east": {"uv": [12, 4, 14, 2], "texture": "#0"},
				"south": {"uv": [13, 4, 12, 2], "texture": "#0"},
				"west": {"uv": [14, 4, 12, 2], "texture": "#0"},
				"up": {"uv": [12, 3, 14, 4], "rotation": 90, "texture": "#0"},
				"down": {"uv": [14, 2, 12, 3], "rotation": 270, "texture": "#0"}
			}
		},
		{
			"from": [-1, 3, 3],
			"to": [0, 13, 13],
			"rotation": {"angle": 0, "axis": "y", "origin": [8, 8, 8]},
			"faces": {
				"north": {"uv": [13, 3, 12, 13], "texture": "#0"},
				"east": {"uv": [13, 3, 3, 13], "texture": "#0"},
				"south": {"uv": [4, 3, 3, 13], "texture": "#0"},
				"west": {"uv": [13, 3, 3, 13], "texture": "#0"},
				"up": {"uv": [3, 4, 13, 3], "rotation": 90, "texture": "#0"},
				"down": {"uv": [3, 13, 13, 12], "rotation": 270, "texture": "#0"}
			}
		},
		{
			"from": [6, 10, -4],
			"to": [10, 11, 0],
			"rotation": {"angle": 0, "axis": "y", "origin": [14, 17, 7]},
			"faces": {
				"north": {"uv": [0, 0, 4, 1], "texture": "#6"},
				"east": {"uv": [0, 0, 4, 1], "texture": "#6"},
				"south": {"uv": [0, 0, 4, 1], "texture": "#6"},
				"west": {"uv": [0, 0, 4, 1], "texture": "#6"},
				"up": {"uv": [6, 0, 10, 4], "texture": "#6"},
				"down": {"uv": [2, 12, 6, 16], "texture": "#6"}
			}
		},
		{
			"from": [10, 6, -4],
			"to": [11, 10, 0],
			"rotation": {"angle": 0, "axis": "y", "origin": [8, 7, -2]},
			"faces": {
				"north": {"uv": [0, 0, 4, 1], "rotation": 90, "texture": "#6"},
				"east": {"uv": [1, 12, 5, 16], "rotation": 270, "texture": "#6"},
				"south": {"uv": [0, 0, 4, 1], "rotation": 270, "texture": "#6"},
				"west": {"uv": [0, 0, 4, 4], "rotation": 270, "texture": "#6"},
				"up": {"uv": [0, 0, 4, 1], "rotation": 270, "texture": "#6"},
				"down": {"uv": [0, 0, 4, 1], "rotation": 270, "texture": "#6"}
			}
		},
		{
			"from": [6, 5, -4],
			"to": [10, 6, 0],
			"rotation": {"angle": 0, "axis": "y", "origin": [14, 12, 7]},
			"faces": {
				"north": {"uv": [0, 0, 4, 1], "texture": "#6"},
				"east": {"uv": [0, 0, 4, 1], "texture": "#6"},
				"south": {"uv": [0, 0, 4, 1], "texture": "#6"},
				"west": {"uv": [0, 0, 4, 1], "texture": "#6"},
				"up": {"uv": [0, 0, 4, 4], "texture": "#6"},
				"down": {"uv": [11, 12, 15, 16], "texture": "#6"}
			}
		},
		{
			"from": [5, 6, -4],
			"to": [6, 10, 0],
			"rotation": {"angle": 0, "axis": "y", "origin": [8, 7, -2]},
			"faces": {
				"north": {"uv": [0, 0, 4, 1], "rotation": 90, "texture": "#6"},
				"east": {"uv": [3, 0, 7, 4], "rotation": 270, "texture": "#6"},
				"south": {"uv": [0, 0, 4, 1], "rotation": 270, "texture": "#6"},
				"west": {"uv": [10, 0, 14, 4], "rotation": 270, "texture": "#6"},
				"up": {"uv": [0, 0, 4, 1], "rotation": 270, "texture": "#6"},
				"down": {"uv": [0, 0, 4, 1], "rotation": 270, "texture": "#6"}
			}
		},
		{
			"from": [6, 6, -0.25],
			"to": [10, 10, -0.25],
			"rotation": {"angle": 0, "axis": "y", "origin": [8, 9, 8]},
			"faces": {
				"north": {"uv": [0, 0, 4, 4], "texture": "#5"},
				"east": {"uv": [0, 0, 0, 4], "texture": "#5"},
				"south": {"uv": [0, 0, 4, 4], "texture": "#5"},
				"west": {"uv": [0, 0, 0, 4], "texture": "#5"},
				"up": {"uv": [0, 0, 4, 0], "texture": "#5"},
				"down": {"uv": [0, 0, 4, 0], "texture": "#5"}
			}
		}
	],
	"gui_light": "front",
	"display": {
		"thirdperson_righthand": {
			"rotation": [75, 45, 0],
			"translation": [0, 2.5, 0],
			"scale": [0.375, 0.375, 0.375]
		},
		"firstperson_righthand": {
			"rotation": [0, 45, 0],
			"scale": [0.4, 0.4, 0.4]
		},
		"firstperson_lefthand": {
			"rotation": [0, 225, 0],
			"scale": [0.4, 0.4, 0.4]
		},
		"ground": {
			"translation": [0, 3, 0],
			"scale": [0.25, 0.25, 0.25]
		},
		"gui": {
			"rotation": [30, 225, 0],
			"scale": [0.625, 0.625, 0.625]
		},
		"fixed": {
			"rotation": [-90, 0, 0],
			"translation": [0, 0, 16],
			"scale": [2.00156, 2.00156, 2.00156]
		}
	},
	"groups": [
		0,
		{
			"name": "obsidian gear",
			"origin": [0, 0, 0],
			"color": 0,
			"children": [1, 2, 3, 4, 5, 6, 7, 8, 9]
		},
		{
			"name": "obsidian gear",
			"origin": [0, 0, 0],
			"color": 0,
			"children": [10, 11, 12, 13, 14, 15, 16, 17, 18]
		},
		{
			"name": "obsidian gear",
			"origin": [0, 0, 0],
			"color": 0,
			"children": [19, 20, 21, 22, 23, 24, 25, 26, 27]
		},
		{
			"name": "spout",
			"origin": [8, 8, 8],
			"color": 0,
			"children": [28, 29, 30, 31, 32]
		}
	]
}