{
	"credit": "Made with Blockbench",
	"textures": {
		"0": "machine/obsidian_gear",
		"1": "machine/generic_side",
		"2": "machine/arrow_top",
		"3": "machine/lava_still",
		"5": "machine/granite",
		"6": "machine/cobblestone",
		"7": "machine/magma",
		"particle": "machine/generic_top"
	},
	"elements": [
		{
			"from": [15, 0, 0],
			"to": [16, 16, 16],
			"rotation": {"angle": 0, "axis": "y", "origin": [8, 8, 8]},
			"faces": {
				"east": {"uv": [0, 0, 16, 16], "texture": "#1"},
				"west": {"uv": [0, 0, 16, 16], "texture": "#1"}
			}
		},
		{
			"from": [0, 0, 0],
			"to": [1, 16, 16],
			"rotation": {"angle": 0, "axis": "y", "origin": [8, 8, 8]},
			"faces": {
				"east": {"uv": [16, 0, 0, 16], "texture": "#1"},
				"west": {"uv": [16, 0, 0, 16], "texture": "#1"}
			}
		},
		{
			"from": [0, 15, 0],
			"to": [16, 16, 16],
			"rotation": {"angle": 0, "axis": "y", "origin": [8, 8, 8]},
			"faces": {
				"up": {"uv": [0, 0, 16, 16], "texture": "#2"},
				"down": {"uv": [0, 0, 16, 16], "rotation": 180, "texture": "#1"}
			}
		},
		{
			"from": [0, 0, 0],
			"to": [16, 1, 16],
			"rotation": {"angle": 0, "axis": "y", "origin": [8, 8, 8]},
			"faces": {
				"up": {"uv": [0, 0, 16, 16], "texture": "#1"},
				"down": {"uv": [0, 0, 16, 16], "rotation": 180, "texture": "#particle"}
			}
		},
		{
			"from": [0, 0, 0],
			"to": [16, 1, 0],
			"faces": {
				"north": {"uv": [0, 0, 16, 1], "texture": "#1"},
				"east": {"uv": [0, 0, 0, 1], "texture": "#missing"},
				"south": {"uv": [0, 0, 16, 1], "texture": "#missing"},
				"west": {"uv": [0, 0, 0, 1], "texture": "#missing"},
				"up": {"uv": [0, 0, 16, 0], "texture": "#missing"},
				"down": {"uv": [0, 0, 16, 0], "texture": "#missing"}
			}
		},
		{
			"from": [0, 15, 0],
			"to": [16, 16, 0],
			"rotation": {"angle": 0, "axis": "y", "origin": [8, 15.5, 0]},
			"faces": {
				"north": {"uv": [0, 15, 16, 16], "texture": "#1"},
				"east": {"uv": [0, 0, 0, 1], "texture": "#missing"},
				"south": {"uv": [0, 0, 16, 1], "texture": "#missing"},
				"west": {"uv": [0, 0, 0, 1], "texture": "#missing"},
				"up": {"uv": [0, 0, 16, 0], "texture": "#missing"},
				"down": {"uv": [0, 0, 16, 0], "texture": "#missing"}
			}
		},
		{
			"from": [0, 1, 0],
			"to": [1, 15, 0],
			"faces": {
				"north": {"uv": [0, 1, 1, 15], "texture": "#1"},
				"east": {"uv": [0, 0, 0, 14], "texture": "#missing"},
				"south": {"uv": [0, 0, 1, 14], "texture": "#missing"},
				"west": {"uv": [0, 0, 0, 14], "texture": "#missing"},
				"up": {"uv": [0, 0, 1, 0], "texture": "#missing"},
				"down": {"uv": [0, 0, 1, 0], "texture": "#missing"}
			}
		},
		{
			"from": [15, 1, 0],
			"to": [16, 15, 0],
			"faces": {
				"north": {"uv": [15, 1, 16, 15], "texture": "#1"},
				"east": {"uv": [0, 0, 0, 14], "texture": "#missing"},
				"south": {"uv": [0, 0, 1, 14], "texture": "#missing"},
				"west": {"uv": [0, 0, 0, 14], "texture": "#missing"},
				"up": {"uv": [0, 0, 1, 0], "texture": "#missing"},
				"down": {"uv": [0, 0, 1, 0], "texture": "#missing"}
			}
		},
		{
			"from": [0, 1, 16],
			"to": [1, 15, 16],
			"rotation": {"angle": 0, "axis": "y", "origin": [0, 0, 16]},
			"faces": {
				"north": {"uv": [1, 0, 0, 14], "texture": "#missing"},
				"east": {"uv": [0, 0, 0, 14], "texture": "#missing"},
				"south": {"uv": [1, 1, 0, 15], "texture": "#1"},
				"west": {"uv": [0, 0, 0, 14], "texture": "#missing"},
				"up": {"uv": [0, 0, 1, 0], "texture": "#missing"},
				"down": {"uv": [0, 0, 1, 0], "texture": "#missing"}
			}
		},
		{
			"from": [0, 15, 16],
			"to": [16, 16, 16],
			"rotation": {"angle": 0, "axis": "y", "origin": [8, 15.5, 16]},
			"faces": {
				"north": {"uv": [16, 0, 0, 1], "texture": "#missing"},
				"east": {"uv": [0, 0, 0, 1], "texture": "#missing"},
				"south": {"uv": [16, 15, 0, 16], "texture": "#1"},
				"west": {"uv": [0, 0, 0, 1], "texture": "#missing"},
				"up": {"uv": [0, 0, 16, 0], "texture": "#missing"},
				"down": {"uv": [0, 0, 16, 0], "texture": "#missing"}
			}
		},
		{
			"from": [15, 1, 16],
			"to": [16, 15, 16],
			"rotation": {"angle": 0, "axis": "y", "origin": [0, 0, 16]},
			"faces": {
				"north": {"uv": [1, 0, 0, 14], "texture": "#missing"},
				"east": {"uv": [0, 0, 0, 14], "texture": "#missing"},
				"south": {"uv": [16, 1, 15, 15], "texture": "#1"},
				"west": {"uv": [0, 0, 0, 14], "texture": "#missing"},
				"up": {"uv": [0, 0, 1, 0], "texture": "#missing"},
				"down": {"uv": [0, 0, 1, 0], "texture": "#missing"}
			}
		},
		{
			"from": [0, 0, 16],
			"to": [16, 1, 16],
			"rotation": {"angle": 0, "axis": "y", "origin": [0, 0, 16]},
			"faces": {
				"north": {"uv": [16, 0, 0, 1], "texture": "#missing"},
				"east": {"uv": [0, 0, 0, 1], "texture": "#missing"},
				"south": {"uv": [16, 0, 0, 1], "texture": "#1"},
				"west": {"uv": [0, 0, 0, 1], "texture": "#missing"},
				"up": {"uv": [0, 0, 16, 0], "texture": "#missing"},
				"down": {"uv": [0, 0, 16, 0], "texture": "#missing"}
			}
		},
		{
			"from": [1, 12, 12],
			"to": [15, 15, 16],
			"faces": {
				"north": {"uv": [1, 1, 15, 4], "texture": "#particle"},
				"east": {"uv": [0, 0, 1, 3], "texture": "#missing"},
				"south": {"uv": [1, 1, 15, 4], "texture": "#particle"},
				"west": {"uv": [0, 0, 1, 3], "texture": "#missing"},
				"up": {"uv": [1, 1, 15, 2], "texture": "#particle"},
				"down": {"uv": [1, 1, 15, 5], "texture": "#6"}
			}
		},
		{
			"from": [1, 1, 12],
			"to": [15, 4, 16],
			"faces": {
				"north": {"uv": [1, 12, 15, 15], "texture": "#particle"},
				"east": {"uv": [0, 0, 1, 3], "texture": "#missing"},
				"south": {"uv": [1, 12, 15, 15], "texture": "#particle"},
				"west": {"uv": [0, 0, 1, 3], "texture": "#missing"},
				"up": {"uv": [1, 12, 15, 16], "texture": "#6"},
				"down": {"uv": [1, 14, 15, 15], "texture": "#particle"}
			}
		},
		{
			"from": [1, 4, 12],
			"to": [4, 12, 16],
			"faces": {
				"north": {"uv": [12, 4, 15, 12], "texture": "#particle"},
				"east": {"uv": [1, 4, 5, 12], "texture": "#6"},
				"south": {"uv": [1, 4, 4, 12], "texture": "#particle"},
				"west": {"uv": [1, 4, 2, 12], "texture": "#particle"},
				"up": {"uv": [0, 0, 3, 1], "texture": "#missing"},
				"down": {"uv": [0, 0, 3, 1], "texture": "#missing"}
			}
		},
		{
			"from": [12, 4, 12],
			"to": [15, 12, 16],
			"faces": {
				"north": {"uv": [1, 4, 4, 12], "texture": "#particle"},
				"east": {"uv": [14, 4, 15, 12], "texture": "#particle"},
				"south": {"uv": [12, 4, 15, 12], "texture": "#particle"},
				"west": {"uv": [12, 4, 16, 12], "texture": "#6"},
				"up": {"uv": [0, 0, 3, 1], "texture": "#missing"},
				"down": {"uv": [0, 0, 3, 1], "texture": "#missing"}
			}
		},
		{
			"from": [1, 12, 0],
			"to": [15, 15, 4],
			"faces": {
				"north": {"uv": [1, 1, 15, 4], "texture": "#particle"},
				"east": {"uv": [0, 0, 1, 3], "texture": "#missing"},
				"south": {"uv": [1, 1, 15, 4], "texture": "#particle"},
				"west": {"uv": [0, 0, 1, 3], "texture": "#missing"},
				"up": {"uv": [1, 1, 15, 2], "texture": "#particle"},
				"down": {"uv": [1, 1, 15, 5], "texture": "#5"}
			}
		},
		{
			"from": [1, 1, 0],
			"to": [15, 4, 4],
			"faces": {
				"north": {"uv": [1, 12, 15, 15], "texture": "#particle"},
				"east": {"uv": [0, 0, 1, 3], "texture": "#missing"},
				"south": {"uv": [1, 12, 15, 15], "texture": "#particle"},
				"west": {"uv": [0, 0, 1, 3], "texture": "#missing"},
				"up": {"uv": [1, 12, 15, 16], "texture": "#5"},
				"down": {"uv": [1, 14, 15, 15], "texture": "#particle"}
			}
		},
		{
			"from": [1, 4, 0],
			"to": [4, 12, 4],
			"faces": {
				"north": {"uv": [12, 4, 15, 12], "texture": "#particle"},
				"east": {"uv": [1, 4, 5, 12], "texture": "#5"},
				"south": {"uv": [1, 4, 4, 12], "texture": "#particle"},
				"west": {"uv": [1, 4, 2, 12], "texture": "#particle"},
				"up": {"uv": [0, 0, 3, 1], "texture": "#missing"},
				"down": {"uv": [0, 0, 3, 1], "texture": "#missing"}
			}
		},
		{
			"from": [12, 4, 0],
			"to": [15, 12, 4],
			"faces": {
				"north": {"uv": [1, 4, 4, 12], "texture": "#particle"},
				"east": {"uv": [14, 4, 15, 12], "texture": "#particle"},
				"south": {"uv": [12, 4, 15, 12], "texture": "#particle"},
				"west": {"uv": [12, 4, 16, 12], "texture": "#5"},
				"up": {"uv": [0, 0, 3, 1], "texture": "#missing"},
				"down": {"uv": [0, 0, 3, 1], "texture": "#missing"}
			}
		},
		{
			"from": [4, 4, 6],
			"to": [12, 4, 10],
			"faces": {
				"north": {"uv": [0, 0, 8, 0], "texture": "#missing"},
				"east": {"uv": [0, 0, 10, 0], "texture": "#missing"},
				"south": {"uv": [0, 0, 8, 0], "texture": "#missing"},
				"west": {"uv": [0, 0, 4, 0], "texture": "#missing"},
				"up": {"uv": [0, 0, 8, 4], "texture": "#3"},
				"down": {"uv": [0, 0, 8, 10], "texture": "#missing"}
			}
		},
		{
			"from": [4, 12, 6],
			"to": [12, 12, 10],
			"rotation": {"angle": 0, "axis": "y", "origin": [0, 16, 0]},
			"faces": {
				"north": {"uv": [0, 0, 8, 0], "texture": "#missing"},
				"east": {"uv": [0, 0, 10, 0], "texture": "#missing"},
				"south": {"uv": [0, 0, 8, 0], "texture": "#missing"},
				"west": {"uv": [0, 0, 4, 0], "texture": "#missing"},
				"up": {"uv": [0, 10, 8, 0], "texture": "#missing"},
				"down": {"uv": [0, 4, 8, 0], "texture": "#3"}
			}
		},
		{
			"from": [12, 4, 6],
			"to": [12, 12, 10],
			"rotation": {"angle": 0, "axis": "z", "origin": [8, 8, 8]},
			"faces": {
				"north": {"uv": [0, 0, 8, 0], "rotation": 270, "texture": "#missing"},
				"east": {"uv": [0, 6, 8, 16], "rotation": 90, "texture": "#missing"},
				"south": {"uv": [0, 0, 8, 0], "rotation": 90, "texture": "#missing"},
				"west": {"uv": [0, 6, 8, 10], "rotation": 90, "texture": "#3"},
				"up": {"uv": [0, 0, 10, 0], "rotation": 90, "texture": "#missing"},
				"down": {"uv": [0, 0, 10, 0], "rotation": 90, "texture": "#missing"}
			}
		},
		{
			"from": [4, 4, 6],
			"to": [4, 12, 10],
			"rotation": {"angle": 0, "axis": "z", "origin": [8, 8, 8]},
			"faces": {
				"north": {"uv": [0, 0, 8, 0], "rotation": 270, "texture": "#missing"},
				"east": {"uv": [0, 0, 8, 4], "rotation": 90, "texture": "#3"},
				"south": {"uv": [0, 0, 8, 0], "rotation": 90, "texture": "#missing"},
				"west": {"uv": [0, 0, 8, 4], "rotation": 90, "texture": "#missing"},
				"up": {"uv": [0, 0, 10, 0], "rotation": 90, "texture": "#missing"},
				"down": {"uv": [0, 0, 10, 0], "rotation": 90, "texture": "#missing"}
			}
		},
		{
			"from": [4, 4, 4],
			"to": [4, 12, 6],
			"rotation": {"angle": 0, "axis": "z", "origin": [8, 8, 8]},
			"faces": {
				"north": {"uv": [0, 0, 8, 0], "rotation": 270, "texture": "#7"},
				"east": {"uv": [4, 2, 12, 4], "rotation": 90, "texture": "#7"},
				"south": {"uv": [0, 0, 8, 0], "rotation": 90, "texture": "#7"},
				"west": {"uv": [0, 0, 8, 2], "rotation": 90, "texture": "#7"},
				"up": {"uv": [0, 0, 10, 0], "rotation": 90, "texture": "#7"},
				"down": {"uv": [0, 0, 10, 0], "rotation": 90, "texture": "#7"}
			}
		},
		{
			"from": [4, 4, 4],
			"to": [12, 4, 6],
			"faces": {
				"north": {"uv": [0, 0, 8, 0], "texture": "#7"},
				"east": {"uv": [0, 0, 10, 0], "texture": "#7"},
				"south": {"uv": [0, 0, 8, 0], "texture": "#7"},
				"west": {"uv": [0, 0, 2, 0], "texture": "#7"},
				"up": {"uv": [8, 12, 16, 14], "texture": "#7"},
				"down": {"uv": [0, 0, 8, 10], "texture": "#7"}
			}
		},
		{
			"from": [4, 12, 4],
			"to": [12, 12, 6],
			"rotation": {"angle": 0, "axis": "y", "origin": [0, 16, 0]},
			"faces": {
				"north": {"uv": [0, 0, 8, 0], "texture": "#7"},
				"east": {"uv": [0, 0, 10, 0], "texture": "#7"},
				"south": {"uv": [0, 0, 8, 0], "texture": "#7"},
				"west": {"uv": [0, 0, 2, 0], "texture": "#7"},
				"up": {"uv": [0, 10, 8, 0], "texture": "#7"},
				"down": {"uv": [5, 8, 13, 6], "texture": "#7"}
			}
		},
		{
			"from": [12, 4, 4],
			"to": [12, 12, 6],
			"rotation": {"angle": 0, "axis": "z", "origin": [8, 8, 8]},
			"faces": {
				"north": {"uv": [0, 0, 8, 0], "rotation": 270, "texture": "#7"},
				"east": {"uv": [0, 6, 8, 16], "rotation": 90, "texture": "#7"},
				"south": {"uv": [0, 0, 8, 0], "rotation": 90, "texture": "#7"},
				"west": {"uv": [0, 7, 8, 9], "rotation": 90, "texture": "#7"},
				"up": {"uv": [0, 0, 10, 0], "rotation": 90, "texture": "#7"},
				"down": {"uv": [0, 0, 10, 0], "rotation": 90, "texture": "#7"}
			}
		},
		{
			"from": [4, 4, 10],
			"to": [12, 4, 12],
			"faces": {
				"north": {"uv": [0, 0, 8, 0], "texture": "#7"},
				"east": {"uv": [0, 0, 10, 0], "texture": "#7"},
				"south": {"uv": [0, 0, 8, 0], "texture": "#7"},
				"west": {"uv": [0, 0, 2, 0], "texture": "#7"},
				"up": {"uv": [8, 12, 16, 14], "texture": "#7"},
				"down": {"uv": [0, 0, 8, 10], "texture": "#7"}
			}
		},
		{
			"from": [12, 4, 10],
			"to": [12, 12, 12],
			"rotation": {"angle": 0, "axis": "z", "origin": [8, 8, 8]},
			"faces": {
				"north": {"uv": [0, 0, 8, 0], "rotation": 270, "texture": "#7"},
				"east": {"uv": [0, 6, 8, 16], "rotation": 90, "texture": "#7"},
				"south": {"uv": [0, 0, 8, 0], "rotation": 90, "texture": "#7"},
				"west": {"uv": [0, 7, 8, 9], "rotation": 90, "texture": "#7"},
				"up": {"uv": [0, 0, 10, 0], "rotation": 90, "texture": "#7"},
				"down": {"uv": [0, 0, 10, 0], "rotation": 90, "texture": "#7"}
			}
		},
		{
			"from": [4, 12, 10],
			"to": [12, 12, 12],
			"rotation": {"angle": 0, "axis": "y", "origin": [0, 16, 0]},
			"faces": {
				"north": {"uv": [0, 0, 8, 0], "texture": "#7"},
				"east": {"uv": [0, 0, 10, 0], "texture": "#7"},
				"south": {"uv": [0, 0, 8, 0], "texture": "#7"},
				"west": {"uv": [0, 0, 2, 0], "texture": "#7"},
				"up": {"uv": [0, 10, 8, 0], "texture": "#7"},
				"down": {"uv": [5, 8, 13, 6], "texture": "#7"}
			}
		},
		{
			"from": [4, 4, 10],
			"to": [4, 12, 12],
			"rotation": {"angle": 0, "axis": "z", "origin": [8, 8, 8]},
			"faces": {
				"north": {"uv": [0, 0, 8, 0], "rotation": 270, "texture": "#7"},
				"east": {"uv": [4, 2, 12, 4], "rotation": 90, "texture": "#7"},
				"south": {"uv": [0, 0, 8, 0], "rotation": 90, "texture": "#7"},
				"west": {"uv": [0, 0, 8, 2], "rotation": 90, "texture": "#7"},
				"up": {"uv": [0, 0, 10, 0], "rotation": 90, "texture": "#7"},
				"down": {"uv": [0, 0, 10, 0], "rotation": 90, "texture": "#7"}
			}
		},
		{
			"from": [16.25, 7, 1],
			"to": [16.75, 9, 3],
			"rotation": {"angle": 0, "axis": "y", "origin": [8, 8, 8]},
			"faces": {
				"north": {"uv": [14, 7, 15, 9], "texture": "#0"},
				"east": {"uv": [13, 7, 15, 9], "texture": "#0"},
				"south": {"uv": [13, 7, 14, 9], "texture": "#0"},
				"west": {"uv": [15, 7, 13, 9], "texture": "#0"},
				"up": {"uv": [15, 7, 13, 8], "rotation": 90, "texture": "#0"},
				"down": {"uv": [13, 8, 15, 9], "rotation": 90, "texture": "#0"}
			}
		},
		{
			"from": [16.25, 7, 13],
			"to": [16.75, 9, 15],
			"rotation": {"angle": 0, "axis": "y", "origin": [8, 8, 8]},
			"faces": {
				"north": {"uv": [14, 7, 13, 9], "texture": "#0"},
				"east": {"uv": [15, 7, 13, 9], "texture": "#0"},
				"south": {"uv": [15, 7, 14, 9], "texture": "#0"},
				"west": {"uv": [13, 7, 15, 9], "texture": "#0"},
				"up": {"uv": [13, 7, 15, 8], "rotation": 90, "texture": "#0"},
				"down": {"uv": [15, 8, 13, 9], "rotation": 90, "texture": "#0"}
			}
		},
		{
			"from": [16.25, 13, 7],
			"to": [16.75, 15, 9],
			"rotation": {"angle": 0, "axis": "y", "origin": [8, 8, 8]},
			"faces": {
				"north": {"uv": [15, 9, 13, 8], "rotation": 90, "texture": "#0"},
				"east": {"uv": [15, 9, 13, 7], "rotation": 90, "texture": "#0"},
				"south": {"uv": [13, 8, 15, 7], "rotation": 270, "texture": "#0"},
				"west": {"uv": [13, 9, 15, 7], "rotation": 270, "texture": "#0"},
				"up": {"uv": [15, 9, 14, 7], "texture": "#0"},
				"down": {"uv": [14, 9, 13, 7], "rotation": 180, "texture": "#0"}
			}
		},
		{
			"from": [16.25, 1, 7],
			"to": [16.75, 3, 9],
			"rotation": {"angle": 0, "axis": "y", "origin": [8, 8, 8]},
			"faces": {
				"north": {"uv": [13, 9, 15, 8], "rotation": 90, "texture": "#0"},
				"east": {"uv": [13, 9, 15, 7], "rotation": 90, "texture": "#0"},
				"south": {"uv": [15, 8, 13, 7], "rotation": 270, "texture": "#0"},
				"west": {"uv": [15, 9, 13, 7], "rotation": 270, "texture": "#0"},
				"up": {"uv": [13, 9, 14, 7], "texture": "#0"},
				"down": {"uv": [14, 9, 15, 7], "rotation": 180, "texture": "#0"}
			}
		},
		{
			"from": [16.25, 12, 2],
			"to": [16.75, 14, 4],
			"rotation": {"angle": 0, "axis": "y", "origin": [8, 8, 8]},
			"faces": {
				"north": {"uv": [14, 2, 13, 4], "texture": "#0"},
				"east": {"uv": [12, 2, 14, 4], "texture": "#0"},
				"south": {"uv": [12, 2, 13, 4], "texture": "#0"},
				"west": {"uv": [14, 2, 12, 4], "texture": "#0"},
				"up": {"uv": [14, 2, 12, 3], "rotation": 90, "texture": "#0"},
				"down": {"uv": [12, 3, 14, 4], "rotation": 270, "texture": "#0"}
			}
		},
		{
			"from": [16.25, 12, 12],
			"to": [16.75, 14, 14],
			"rotation": {"angle": 0, "axis": "y", "origin": [8, 8, 8]},
			"faces": {
				"north": {"uv": [13, 2, 12, 4], "texture": "#0"},
				"east": {"uv": [14, 2, 12, 4], "texture": "#0"},
				"south": {"uv": [13, 2, 14, 4], "texture": "#0"},
				"west": {"uv": [12, 2, 14, 4], "texture": "#0"},
				"up": {"uv": [12, 2, 14, 3], "rotation": 90, "texture": "#0"},
				"down": {"uv": [14, 3, 12, 4], "rotation": 270, "texture": "#0"}
			}
		},
		{
			"from": [16.25, 2, 12],
			"to": [16.75, 4, 14],
			"rotation": {"angle": 0, "axis": "y", "origin": [8, 8, 8]},
			"faces": {
				"north": {"uv": [13, 4, 12, 2], "texture": "#0"},
				"east": {"uv": [14, 4, 12, 2], "texture": "#0"},
				"south": {"uv": [13, 4, 14, 2], "texture": "#0"},
				"west": {"uv": [12, 4, 14, 2], "texture": "#0"},
				"up": {"uv": [14, 4, 12, 3], "rotation": 90, "texture": "#0"},
				"down": {"uv": [12, 3, 14, 2], "rotation": 270, "texture": "#0"}
			}
		},
		{
			"from": [16.25, 2, 2],
			"to": [16.75, 4, 4],
			"rotation": {"angle": 0, "axis": "y", "origin": [8, 8, 8]},
			"faces": {
				"north": {"uv": [14, 4, 13, 2], "texture": "#0"},
				"east": {"uv": [12, 4, 14, 2], "texture": "#0"},
				"south": {"uv": [12, 4, 13, 2], "texture": "#0"},
				"west": {"uv": [14, 4, 12, 2], "texture": "#0"},
				"up": {"uv": [12, 4, 14, 3], "rotation": 90, "texture": "#0"},
				"down": {"uv": [14, 3, 12, 2], "rotation": 270, "texture": "#0"}
			}
		},
		{
			"from": [16, 3, 3],
			"to": [17, 13, 13],
			"rotation": {"angle": 0, "axis": "y", "origin": [8, 8, 8]},
			"faces": {
				"north": {"uv": [12, 3, 13, 13], "texture": "#0"},
				"east": {"uv": [3, 3, 13, 13], "texture": "#0"},
				"south": {"uv": [3, 3, 4, 13], "texture": "#0"},
				"west": {"uv": [3, 3, 13, 13], "texture": "#0"},
				"up": {"uv": [3, 3, 13, 4], "rotation": 90, "texture": "#0"},
				"down": {"uv": [3, 12, 13, 13], "rotation": 270, "texture": "#0"}
			}
		},
		{
			"from": [-0.75, 7, 1],
			"to": [-0.25, 9, 3],
			"rotation": {"angle": 0, "axis": "y", "origin": [8, 8, 8]},
			"faces": {
				"north": {"uv": [15, 7, 14, 9], "texture": "#0"},
				"east": {"uv": [13, 7, 15, 9], "texture": "#0"},
				"south": {"uv": [14, 7, 13, 9], "texture": "#0"},
				"west": {"uv": [15, 7, 13, 9], "texture": "#0"},
				"up": {"uv": [15, 8, 13, 7], "rotation": 90, "texture": "#0"},
				"down": {"uv": [13, 9, 15, 8], "rotation": 90, "texture": "#0"}
			}
		},
		{
			"from": [-0.75, 7, 13],
			"to": [-0.25, 9, 15],
			"rotation": {"angle": 0, "axis": "y", "origin": [8, 8, 8]},
			"faces": {
				"north": {"uv": [13, 7, 14, 9], "texture": "#0"},
				"east": {"uv": [15, 7, 13, 9], "texture": "#0"},
				"south": {"uv": [14, 7, 15, 9], "texture": "#0"},
				"west": {"uv": [13, 7, 15, 9], "texture": "#0"},
				"up": {"uv": [13, 8, 15, 7], "rotation": 90, "texture": "#0"},
				"down": {"uv": [15, 9, 13, 8], "rotation": 90, "texture": "#0"}
			}
		},
		{
			"from": [-0.75, 13, 7],
			"to": [-0.25, 15, 9],
			"rotation": {"angle": 0, "axis": "y", "origin": [8, 8, 8]},
			"faces": {
				"north": {"uv": [15, 8, 13, 9], "rotation": 90, "texture": "#0"},
				"east": {"uv": [13, 7, 15, 9], "rotation": 270, "texture": "#0"},
				"south": {"uv": [13, 7, 15, 8], "rotation": 270, "texture": "#0"},
				"west": {"uv": [15, 7, 13, 9], "rotation": 90, "texture": "#0"},
				"up": {"uv": [14, 9, 15, 7], "texture": "#0"},
				"down": {"uv": [13, 9, 14, 7], "rotation": 180, "texture": "#0"}
			}
		},
		{
			"from": [-0.75, 1, 7],
			"to": [-0.25, 3, 9],
			"rotation": {"angle": 0, "axis": "y", "origin": [8, 8, 8]},
			"faces": {
				"north": {"uv": [13, 8, 15, 9], "rotation": 90, "texture": "#0"},
				"east": {"uv": [15, 7, 13, 9], "rotation": 270, "texture": "#0"},
				"south": {"uv": [15, 7, 13, 8], "rotation": 270, "texture": "#0"},
				"west": {"uv": [13, 7, 15, 9], "rotation": 90, "texture": "#0"},
				"up": {"uv": [14, 9, 13, 7], "texture": "#0"},
				"down": {"uv": [15, 9, 14, 7], "rotation": 180, "texture": "#0"}
			}
		},
		{
			"from": [-0.75, 12, 2],
			"to": [-0.25, 14, 4],
			"rotation": {"angle": 0, "axis": "y", "origin": [8, 8, 8]},
			"faces": {
				"north": {"uv": [13, 2, 14, 4], "texture": "#0"},
				"east": {"uv": [12, 2, 14, 4], "texture": "#0"},
				"south": {"uv": [13, 2, 12, 4], "texture": "#0"},
				"west": {"uv": [14, 2, 12, 4], "texture": "#0"},
				"up": {"uv": [14, 3, 12, 2], "rotation": 90, "texture": "#0"},
				"down": {"uv": [12, 4, 14, 3], "rotation": 270, "texture": "#0"}
			}
		},
		{
			"from": [-0.75, 12, 12],
			"to": [-0.25, 14, 14],
			"rotation": {"angle": 0, "axis": "y", "origin": [8, 8, 8]},
			"faces": {
				"north": {"uv": [12, 2, 13, 4], "texture": "#0"},
				"east": {"uv": [14, 2, 12, 4], "texture": "#0"},
				"south": {"uv": [14, 2, 13, 4], "texture": "#0"},
				"west": {"uv": [12, 2, 14, 4], "texture": "#0"},
				"up": {"uv": [12, 3, 14, 2], "rotation": 90, "texture": "#0"},
				"down": {"uv": [14, 4, 12, 3], "rotation": 270, "texture": "#0"}
			}
		},
		{
			"from": [-0.75, 2, 12],
			"to": [-0.25, 4, 14],
			"rotation": {"angle": 0, "axis": "y", "origin": [8, 8, 8]},
			"faces": {
				"north": {"uv": [12, 4, 13, 2], "texture": "#0"},
				"east": {"uv": [14, 4, 12, 2], "texture": "#0"},
				"south": {"uv": [14, 4, 13, 2], "texture": "#0"},
				"west": {"uv": [12, 4, 14, 2], "texture": "#0"},
				"up": {"uv": [14, 3, 12, 4], "rotation": 90, "texture": "#0"},
				"down": {"uv": [12, 2, 14, 3], "rotation": 270, "texture": "#0"}
			}
		},
		{
			"from": [-0.75, 2, 2],
			"to": [-0.25, 4, 4],
			"rotation": {"angle": 0, "axis": "y", "origin": [8, 8, 8]},
			"faces": {
				"north": {"uv": [13, 4, 14, 2], "texture": "#0"},
				"east": {"uv": [12, 4, 14, 2], "texture": "#0"},
				"south": {"uv": [13, 4, 12, 2], "texture": "#0"},
				"west": {"uv": [14, 4, 12, 2], "texture": "#0"},
				"up": {"uv": [12, 3, 14, 4], "rotation": 90, "texture": "#0"},
				"down": {"uv": [14, 2, 12, 3], "rotation": 270, "texture": "#0"}
			}
		},
		{
			"from": [-1, 3, 3],
			"to": [0, 13, 13],
			"rotation": {"angle": 0, "axis": "y", "origin": [8, 8, 8]},
			"faces": {
				"north": {"uv": [13, 3, 12, 13], "texture": "#0"},
				"east": {"uv": [13, 3, 3, 13], "texture": "#0"},
				"south": {"uv": [4, 3, 3, 13], "texture": "#0"},
				"west": {"uv": [13, 3, 3, 13], "texture": "#0"},
				"up": {"uv": [3, 4, 13, 3], "rotation": 90, "texture": "#0"},
				"down": {"uv": [3, 13, 13, 12], "rotation": 270, "texture": "#0"}
			}
		}
	],
	"gui_light": "front",
	"display": {
		"thirdperson_righthand": {
			"rotation": [75, 45, 0],
			"translation": [0, 2.5, 0],
			"scale": [0.375, 0.375, 0.375]
		},
		"firstperson_righthand": {
			"rotation": [0, 45, 0],
			"scale": [0.4, 0.4, 0.4]
		},
		"firstperson_lefthand": {
			"rotation": [0, 225, 0],
			"scale": [0.4, 0.4, 0.4]
		},
		"ground": {
			"translation": [0, 3, 0],
			"scale": [0.25, 0.25, 0.25]
		},
		"gui": {
			"rotation": [30, 225, 0],
			"scale": [0.625, 0.625, 0.625]
		},
		"fixed": {
			"rotation": [-90, 0, 0],
			"translation": [0, 0, -16],
			"scale": [2.01, 2.01, 2.01]
		}
	},
	"groups": [
		{
			"name": "empty cube",
			"origin": [0, 0, 0],
			"color": 0,
			"children": [0, 1, 2, 3, 4, 5, 6, 7, 8, 9, 10, 11]
		},
		12,
		13,
		14,
		15,
		16,
		17,
		18,
		19,
		20,
		21,
		22,
		23,
		24,
		25,
		26,
		27,
		28,
		29,
		30,
		31,
		{
			"name": "obsidian gear",
			"origin": [0, 0, 0],
			"color": 0,
			"children": [32, 33, 34, 35, 36, 37, 38, 39, 40]
		},
		{
			"name": "obsidian gear",
			"origin": [0, 0, 0],
			"color": 0,
			"children": [41, 42, 43, 44, 45, 46, 47, 48, 49]
		}
	]
}