{
	"credit": "Made with Blockbench",
	"parent": "block/block",
	"textures": {
		"2": "machine/cyan_terracotta",
		"3": "machine/gray_concrete",
		"4": "machine/light_gray_concrete",
		"5": "machine/generic_side",
		"6": "machine/breaker_top",
		"7": "machine/obsidian",
		"particle": "machine/cyan_terracotta"
	},
	"elements": [
		{
			"from": [4.5, 18, 4.5],
			"to": [5.5, 20, 5.5],
			"faces": {
				"north": {"uv": [0, 0, 1, 2], "texture": "#3"},
				"east": {"uv": [0, 0, 1, 2], "texture": "#3"},
				"south": {"uv": [0, 0, 1, 2], "texture": "#3"},
				"west": {"uv": [0, 0, 1, 2], "texture": "#3"},
				"up": {"uv": [0, 0, 1, 1], "texture": "#3"},
				"down": {"uv": [0, 0, 1, 1], "texture": "#3"}
			}
		},
		{
			"from": [10.5, 18, 4.5],
			"to": [11.5, 20, 5.5],
			"faces": {
				"north": {"uv": [0, 0, 1, 2], "texture": "#3"},
				"east": {"uv": [0, 0, 1, 2], "texture": "#3"},
				"south": {"uv": [0, 0, 1, 2], "texture": "#3"},
				"west": {"uv": [0, 0, 1, 2], "texture": "#3"},
				"up": {"uv": [0, 0, 1, 1], "texture": "#3"},
				"down": {"uv": [0, 0, 1, 1], "texture": "#3"}
			}
		},
		{
			"from": [4.5, 18, 10.5],
			"to": [5.5, 20, 11.5],
			"faces": {
				"north": {"uv": [0, 0, 1, 2], "texture": "#3"},
				"east": {"uv": [0, 0, 1, 2], "texture": "#3"},
				"south": {"uv": [0, 0, 1, 2], "texture": "#3"},
				"west": {"uv": [0, 0, 1, 2], "texture": "#3"},
				"up": {"uv": [0, 0, 1, 1], "texture": "#3"},
				"down": {"uv": [0, 0, 1, 1], "texture": "#3"}
			}
		},
		{
			"from": [10.5, 18, 10.5],
			"to": [11.5, 20, 11.5],
			"faces": {
				"north": {"uv": [0, 0, 1, 2], "texture": "#3"},
				"east": {"uv": [0, 0, 1, 2], "texture": "#3"},
				"south": {"uv": [0, 0, 1, 2], "texture": "#3"},
				"west": {"uv": [0, 0, 1, 2], "texture": "#3"},
				"up": {"uv": [0, 0, 1, 1], "texture": "#3"},
				"down": {"uv": [0, 0, 1, 1], "texture": "#3"}
			}
		},
		{
			"from": [4, 16, 4],
			"to": [6, 18, 6],
			"faces": {
				"north": {"uv": [0, 0, 2, 2], "texture": "#3"},
				"east": {"uv": [0, 0, 2, 2], "texture": "#3"},
				"south": {"uv": [0, 0, 2, 2], "texture": "#3"},
				"west": {"uv": [0, 0, 2, 2], "texture": "#3"},
				"up": {"uv": [0, 0, 2, 2], "texture": "#3"},
				"down": {"uv": [0, 0, 2, 2], "texture": "#3"}
			}
		},
		{
			"from": [4, 16, 10],
			"to": [6, 18, 12],
			"faces": {
				"north": {"uv": [0, 0, 2, 2], "texture": "#3"},
				"east": {"uv": [0, 0, 2, 2], "texture": "#3"},
				"south": {"uv": [0, 0, 2, 2], "texture": "#3"},
				"west": {"uv": [0, 0, 2, 2], "texture": "#3"},
				"up": {"uv": [0, 0, 2, 2], "texture": "#3"},
				"down": {"uv": [0, 0, 2, 2], "texture": "#3"}
			}
		},
		{
			"from": [10, 16, 10],
			"to": [12, 18, 12],
			"faces": {
				"north": {"uv": [0, 0, 2, 2], "texture": "#3"},
				"east": {"uv": [0, 0, 2, 2], "texture": "#3"},
				"south": {"uv": [0, 0, 2, 2], "texture": "#3"},
				"west": {"uv": [0, 0, 2, 2], "texture": "#3"},
				"up": {"uv": [0, 0, 2, 2], "texture": "#3"},
				"down": {"uv": [0, 0, 2, 2], "texture": "#3"}
			}
		},
		{
			"from": [10, 16, 4],
			"to": [12, 18, 6],
			"faces": {
				"north": {"uv": [0, 0, 2, 2], "texture": "#3"},
				"east": {"uv": [0, 0, 2, 2], "texture": "#3"},
				"south": {"uv": [0, 0, 2, 2], "texture": "#3"},
				"west": {"uv": [0, 0, 2, 2], "texture": "#3"},
				"up": {"uv": [0, 0, 2, 2], "texture": "#3"},
				"down": {"uv": [0, 0, 2, 2], "texture": "#3"}
			}
		},
		{
			"from": [4, 14, 2],
			"to": [6, 16, 14],
			"faces": {
				"north": {"uv": [0, 0, 2, 2], "texture": "#2"},
				"east": {"uv": [0, 0, 12, 2], "texture": "#2"},
				"south": {"uv": [0, 0, 2, 2], "texture": "#2"},
				"west": {"uv": [0, 0, 12, 2], "texture": "#2"},
				"up": {"uv": [0, 0, 2, 12], "texture": "#2"},
				"down": {"uv": [0, 0, 2, 12], "texture": "#2"}
			}
		},
		{
			"from": [10, 14, 2],
			"to": [12, 16, 14],
			"faces": {
				"north": {"uv": [0, 0, 2, 2], "texture": "#2"},
				"east": {"uv": [0, 0, 12, 2], "texture": "#2"},
				"south": {"uv": [0, 0, 2, 2], "texture": "#2"},
				"west": {"uv": [0, 0, 12, 2], "texture": "#2"},
				"up": {"uv": [0, 0, 2, 12], "texture": "#2"},
				"down": {"uv": [0, 0, 2, 12], "texture": "#2"}
			}
		},
		{
			"from": [2, 13.975, 10],
			"to": [14, 15.975, 12],
			"rotation": {"angle": 0, "axis": "y", "origin": [8, 15, 8]},
			"faces": {
				"north": {"uv": [0, 0, 12, 2], "texture": "#2"},
				"east": {"uv": [0, 0, 2, 2], "texture": "#2"},
				"south": {"uv": [0, 0, 12, 2], "texture": "#2"},
				"west": {"uv": [0, 0, 2, 2], "texture": "#2"},
				"up": {"uv": [0, 0, 2, 12], "rotation": 90, "texture": "#2"},
				"down": {"uv": [0, 0, 2, 12], "rotation": 270, "texture": "#2"}
			}
		},
		{
			"from": [2, 13.975, 4],
			"to": [14, 15.975, 6],
			"rotation": {"angle": 0, "axis": "y", "origin": [8, 15, 8]},
			"faces": {
				"north": {"uv": [0, 0, 12, 2], "texture": "#2"},
				"east": {"uv": [0, 0, 2, 2], "texture": "#2"},
				"south": {"uv": [0, 0, 12, 2], "texture": "#2"},
				"west": {"uv": [0, 0, 2, 2], "texture": "#2"},
				"up": {"uv": [0, 0, 2, 12], "rotation": 90, "texture": "#2"},
				"down": {"uv": [0, 0, 2, 12], "rotation": 270, "texture": "#2"}
			}
		},
		{
			"from": [4.5, 15.25, 6],
			"to": [5.5, 16.25, 10],
			"faces": {
				"north": {"uv": [0, 0, 1, 1], "texture": "#4"},
				"east": {"uv": [0, 0, 4, 1], "texture": "#4"},
				"south": {"uv": [0, 0, 1, 1], "texture": "#4"},
				"west": {"uv": [0, 0, 4, 1], "texture": "#4"},
				"up": {"uv": [0, 0, 1, 4], "texture": "#4"},
				"down": {"uv": [0, 0, 1, 4], "texture": "#4"}
			}
		},
		{
			"from": [10.5, 15.25, 6],
			"to": [11.5, 16.25, 10],
			"faces": {
				"north": {"uv": [0, 0, 1, 1], "texture": "#4"},
				"east": {"uv": [0, 0, 4, 1], "texture": "#4"},
				"south": {"uv": [0, 0, 1, 1], "texture": "#4"},
				"west": {"uv": [0, 0, 4, 1], "texture": "#4"},
				"up": {"uv": [0, 0, 1, 4], "texture": "#4"},
				"down": {"uv": [0, 0, 1, 4], "texture": "#4"}
			}
		},
		{
			"from": [6, 15.25, 10.5],
			"to": [10, 16.25, 11.5],
			"rotation": {"angle": 0, "axis": "y", "origin": [8, 16.5, 8]},
			"faces": {
				"north": {"uv": [0, 0, 4, 1], "texture": "#4"},
				"east": {"uv": [0, 0, 1, 1], "texture": "#4"},
				"south": {"uv": [0, 0, 4, 1], "texture": "#4"},
				"west": {"uv": [0, 0, 1, 1], "texture": "#4"},
				"up": {"uv": [0, 0, 1, 4], "rotation": 90, "texture": "#4"},
				"down": {"uv": [0, 0, 1, 4], "rotation": 270, "texture": "#4"}
			}
		},
		{
			"from": [6, 15.25, 4.5],
			"to": [10, 16.25, 5.5],
			"rotation": {"angle": 0, "axis": "y", "origin": [8, 16.5, 8]},
			"faces": {
				"north": {"uv": [0, 0, 4, 1], "texture": "#4"},
				"east": {"uv": [0, 0, 1, 1], "texture": "#4"},
				"south": {"uv": [0, 0, 4, 1], "texture": "#4"},
				"west": {"uv": [0, 0, 1, 1], "texture": "#4"},
				"up": {"uv": [0, 0, 1, 4], "rotation": 90, "texture": "#4"},
				"down": {"uv": [0, 0, 1, 4], "rotation": 270, "texture": "#4"}
			}
		},
		{
			"from": [0, 3, 0],
			"to": [0, 16, 16],
			"rotation": {"angle": 0, "axis": "y", "origin": [8, 9.5, 8]},
			"faces": {
				"north": {"uv": [0, 0, 0, 13], "texture": "#missing"},
				"east": {"uv": [0, 0, 16, 13], "texture": "#5"},
				"south": {"uv": [0, 0, 0, 13], "texture": "#missing"},
				"west": {"uv": [0, 0, 16, 13], "texture": "#5"},
				"up": {"uv": [0, 0, 16, 0], "rotation": 90, "texture": "#missing"},
				"down": {"uv": [0, 0, 16, 0], "rotation": 270, "texture": "#missing"}
			}
		},
		{
			"from": [0, 3, 0],
			"to": [16, 16, 0],
			"faces": {
				"north": {"uv": [0, 0, 16, 13], "texture": "#5"},
				"east": {"uv": [0, 0, 0, 13], "texture": "#missing"},
				"south": {"uv": [0, 0, 16, 13], "texture": "#5"},
				"west": {"uv": [0, 0, 0, 13], "texture": "#missing"},
				"up": {"uv": [0, 0, 16, 0], "texture": "#missing"},
				"down": {"uv": [0, 0, 16, 0], "texture": "#missing"}
			}
		},
		{
			"from": [0, 3, 16],
			"to": [16, 16, 16],
			"rotation": {"angle": 0, "axis": "y", "origin": [0, 0, 16]},
			"faces": {
				"north": {"uv": [16, 0, 0, 13], "texture": "#5"},
				"east": {"uv": [0, 0, 0, 13], "texture": "#missing"},
				"south": {"uv": [16, 0, 0, 13], "texture": "#5"},
				"west": {"uv": [0, 0, 0, 13], "texture": "#missing"},
				"up": {"uv": [0, 0, 16, 0], "texture": "#missing"},
				"down": {"uv": [0, 0, 16, 0], "texture": "#missing"}
			}
		},
		{
			"from": [16, 3, 0],
			"to": [16, 16, 16],
			"rotation": {"angle": 0, "axis": "y", "origin": [8, 9.5, 8]},
			"faces": {
				"north": {"uv": [0, 0, 0, 13], "texture": "#missing"},
				"east": {"uv": [0, 0, 16, 13], "texture": "#5"},
				"south": {"uv": [0, 0, 0, 13], "texture": "#missing"},
				"west": {"uv": [0, 0, 16, 13], "texture": "#5"},
				"up": {"uv": [0, 0, 16, 0], "rotation": 90, "texture": "#missing"},
				"down": {"uv": [0, 0, 16, 0], "rotation": 270, "texture": "#missing"}
			}
		},
		{
			"from": [11.75, 0, 0],
			"to": [16, 3, 4.25],
			"rotation": {"angle": 0, "axis": "y", "origin": [16, 0, 0]},
			"faces": {
				"north": {"uv": [3, 0, 7.25, 3], "texture": "#7"},
				"east": {"uv": [3, 0, 7.25, 3], "texture": "#7"},
				"south": {"uv": [3, 0, 7.25, 3], "texture": "#7"},
				"west": {"uv": [3, 0, 7.25, 3], "texture": "#7"},
				"up": {"uv": [3, 0, 7.25, 4.25], "texture": "#7"},
				"down": {"uv": [3, 0, 7.25, 4.25], "texture": "#7"}
			}
		},
		{
			"from": [0, 0, 0],
			"to": [4.25, 3, 4.25],
			"faces": {
				"north": {"uv": [0, 0, 4.25, 3], "texture": "#7"},
				"east": {"uv": [0, 0, 4.25, 3], "texture": "#7"},
				"south": {"uv": [0, 0, 4.25, 3], "texture": "#7"},
				"west": {"uv": [0, 0, 4.25, 3], "texture": "#7"},
				"up": {"uv": [0, 0, 4.25, 4.25], "texture": "#7"},
				"down": {"uv": [0, 0, 4.25, 4.25], "texture": "#7"}
			}
		},
		{
			"from": [0, 0, 11.75],
			"to": [4.25, 3, 16],
			"rotation": {"angle": 0, "axis": "y", "origin": [0, 0, 16]},
			"faces": {
				"north": {"uv": [3, 0, 7.25, 3], "texture": "#7"},
				"east": {"uv": [3, 0, 7.25, 3], "texture": "#7"},
				"south": {"uv": [3, 0, 7.25, 3], "texture": "#7"},
				"west": {"uv": [3, 0, 7.25, 3], "texture": "#7"},
				"up": {"uv": [0, 3, 4.25, 7.25], "texture": "#7"},
				"down": {"uv": [0, 3, 4.25, 7.25], "texture": "#7"}
			}
		},
		{
			"from": [11.75, 0, 11.75],
			"to": [16, 3, 16],
			"rotation": {"angle": 0, "axis": "y", "origin": [16, 0, 16]},
			"faces": {
				"north": {"uv": [0, 0, 4.25, 3], "texture": "#7"},
				"east": {"uv": [0, 0, 4.25, 3], "texture": "#7"},
				"south": {"uv": [0, 0, 4.25, 3], "texture": "#7"},
				"west": {"uv": [0, 0, 4.25, 3], "texture": "#7"},
				"up": {"uv": [3, 3, 7.25, 7.25], "texture": "#7"},
				"down": {"uv": [3, 3, 7.25, 7.25], "texture": "#7"}
			}
		},
		{
			"from": [0, 16, 0],
			"to": [2, 16, 16],
			"rotation": {"angle": 0, "axis": "y", "origin": [8, 16, 8]},
			"faces": {
				"north": {"uv": [0, 0, 2, 0], "texture": "#missing"},
				"east": {"uv": [0, 0, 16, 0], "texture": "#missing"},
				"south": {"uv": [0, 0, 2, 0], "texture": "#missing"},
				"west": {"uv": [0, 0, 16, 0], "texture": "#missing"},
				"up": {"uv": [0, 0, 2, 16], "texture": "#6"}
			}
		},
		{
			"from": [14, 16, 0],
			"to": [16, 16, 16],
			"rotation": {"angle": 0, "axis": "y", "origin": [8, 16, 8]},
			"faces": {
				"north": {"uv": [2, 0, 4, 0], "texture": "#missing"},
				"east": {"uv": [0, 0, 16, 0], "texture": "#missing"},
				"south": {"uv": [2, 0, 4, 0], "texture": "#missing"},
				"west": {"uv": [0, 0, 16, 0], "texture": "#missing"},
				"up": {"uv": [14, 0, 16, 16], "texture": "#6"}
			}
		},
		{
			"from": [2, 16, 14],
			"to": [14, 16, 16],
			"rotation": {"angle": 0, "axis": "y", "origin": [8, 16, 8]},
			"faces": {
				"north": {"uv": [0, 0, 12, 0], "texture": "#missing"},
				"east": {"uv": [2, 0, 4, 0], "texture": "#missing"},
				"south": {"uv": [0, 0, 12, 0], "texture": "#missing"},
				"west": {"uv": [2, 0, 4, 0], "texture": "#missing"},
				"up": {"uv": [14, 2, 16, 14], "rotation": 90, "texture": "#6"}
			}
		},
		{
			"from": [2, 16, 0],
			"to": [14, 16, 2],
			"rotation": {"angle": 0, "axis": "y", "origin": [8, 16, 8]},
			"faces": {
				"north": {"uv": [0, 0, 12, 0], "texture": "#missing"},
				"east": {"uv": [0, 0, 2, 0], "texture": "#missing"},
				"south": {"uv": [0, 0, 12, 0], "texture": "#missing"},
				"west": {"uv": [0, 0, 2, 0], "texture": "#missing"},
				"up": {"uv": [0, 2, 2, 14], "rotation": 90, "texture": "#6"}
			}
		},
		{
			"from": [0, 3, 0],
			"to": [16, 3, 16],
			"faces": {
				"north": {"uv": [0, 0, 16, 0], "texture": "#missing"},
				"east": {"uv": [0, 0, 16, 0], "texture": "#missing"},
				"south": {"uv": [0, 0, 16, 0], "texture": "#missing"},
				"west": {"uv": [0, 0, 16, 0], "texture": "#missing"},
				"down": {"uv": [0, 0, 16, 16], "texture": "#6"}
			}
		}
	],
	"gui_light": "front",
	"display": {
		"thirdperson_righthand": {
			"rotation": [75, 45, 0],
			"translation": [0, 2.5, 0],
			"scale": [0.375, 0.375, 0.375]
		},
		"firstperson_righthand": {
			"rotation": [0, 45, 0],
			"scale": [0.4, 0.4, 0.4]
		},
		"firstperson_lefthand": {
			"rotation": [0, 225, 0],
			"scale": [0.4, 0.4, 0.4]
		},
		"ground": {
			"translation": [0, 3, 0],
			"scale": [0.25, 0.25, 0.25]
		},
		"gui": {
			"rotation": [30, 225, 0],
			"scale": [0.625, 0.625, 0.625]
		},
		"fixed": {
			"rotation": [-90, 0, 0],
			"translation": [0, 0, -16],
			"scale": [2.01, 2.01, 2.01]
		}
	},
	"groups": [
		{
			"name": "group",
			"origin": [8, 8, 8],
			"color": 0,
			"children": [0, 1, 2, 3, 4, 5, 6, 7]
		},
		{
			"name": "group",
			"origin": [8, 15, 8],
			"color": 0,
			"children": [8, 9, 10, 11]
		},
		{
			"name": "group",
			"origin": [8, 16.5, 8],
			"color": 0,
			"children": [12, 13, 14, 15]
		},
		{
			"name": "group",
			"origin": [16, 0, 16],
			"color": 0,
			"children": [16, 17, 18, 19, 20, 21, 22, 23, 24, 25, 26, 27, 28]
		}
	]
}