{
	"credit": "Made with Blockbench",
	"textures": {
		"0": "machine/generic_top",
		"1": "machine/generic_side",
		"2": "machine/stripper_front",
		"3": "machine/iron_axe",
		"particle": "machine/generic_top"
	},
	"elements": [
		{
			"from": [0, 0, 0],
			"to": [16, 16, 16],
			"faces": {
				"north": {"uv": [0, 0, 16, 16], "texture": "#2"},
				"east": {"uv": [0, 0, 16, 16], "texture": "#1"},
				"south": {"uv": [0, 0, 16, 16], "texture": "#1"},
				"west": {"uv": [0, 0, 16, 16], "texture": "#1"},
				"up": {"uv": [0, 0, 16, 16], "texture": "#0"},
				"down": {"uv": [0, 0, 16, 16], "texture": "#0"}
			}
		},
		{
			"from": [5, 10.5, -1],
			"to": [7, 11.5, 1],
			"rotation": {"angle": -22.5, "axis": "y", "origin": [3.5, 11.5, -3.61111]},
			"faces": {
				"north": {"uv": [8, 9, 6, 10], "rotation": 180, "texture": "#3"},
				"east": {"uv": [6, 9, 7, 11], "rotation": 90, "texture": "#3"},
				"south": {"uv": [8, 10, 6, 11], "texture": "#3"},
				"west": {"uv": [7, 9, 8, 11], "rotation": 270, "texture": "#3"},
				"up": {"uv": [8, 9, 6, 11], "texture": "#3"},
				"down": {"uv": [6, 9, 8, 11], "rotation": 180, "texture": "#3"}
			}
		},
		{
			"from": [4, 10.5, -2],
			"to": [6, 11.5, 0],
			"rotation": {"angle": -22.5, "axis": "y", "origin": [3.5, 11.5, -3.61111]},
			"faces": {
				"north": {"uv": [9, 8, 7, 9], "rotation": 180, "texture": "#3"},
				"east": {"uv": [7, 8, 8, 10], "rotation": 90, "texture": "#3"},
				"south": {"uv": [9, 9, 7, 10], "texture": "#3"},
				"west": {"uv": [8, 8, 9, 10], "rotation": 270, "texture": "#3"},
				"up": {"uv": [9, 8, 7, 10], "texture": "#3"},
				"down": {"uv": [7, 8, 9, 10], "rotation": 180, "texture": "#3"}
			}
		},
		{
			"from": [3, 10.5, -2],
			"to": [5, 11.5, -1],
			"rotation": {"angle": -22.5, "axis": "y", "origin": [3.5, 11.5, -3.61111]},
			"faces": {
				"north": {"uv": [10, 8, 8, 9], "rotation": 180, "texture": "#3"},
				"east": {"uv": [8, 8, 9, 9], "rotation": 90, "texture": "#3"},
				"south": {"uv": [10, 8, 8, 9], "texture": "#3"},
				"west": {"uv": [9, 8, 10, 9], "rotation": 270, "texture": "#3"},
				"up": {"uv": [10, 8, 8, 9], "texture": "#3"},
				"down": {"uv": [8, 8, 10, 9], "rotation": 180, "texture": "#3"}
			}
		},
		{
			"from": [1, 10.5, -7],
			"to": [6, 11.5, -3],
			"rotation": {"angle": -22.5, "axis": "y", "origin": [3.5, 11.5, -3.61111]},
			"faces": {
				"north": {"uv": [12, 3, 7, 4], "rotation": 180, "texture": "#3"},
				"east": {"uv": [7, 3, 8, 7], "rotation": 90, "texture": "#3"},
				"south": {"uv": [12, 6, 7, 7], "texture": "#3"},
				"west": {"uv": [11, 3, 12, 7], "rotation": 270, "texture": "#3"},
				"up": {"uv": [12, 3, 7, 7], "texture": "#3"},
				"down": {"uv": [7, 3, 12, 7], "rotation": 180, "texture": "#3"}
			}
		},
		{
			"from": [0, 10.5, -6],
			"to": [2, 11.5, -1],
			"rotation": {"angle": -22.5, "axis": "y", "origin": [3.5, 11.5, -3.61111]},
			"faces": {
				"north": {"uv": [13, 4, 11, 5], "rotation": 180, "texture": "#3"},
				"east": {"uv": [11, 4, 12, 9], "rotation": 90, "texture": "#3"},
				"south": {"uv": [13, 8, 11, 9], "texture": "#3"},
				"west": {"uv": [12, 4, 13, 9], "rotation": 270, "texture": "#3"},
				"up": {"uv": [13, 4, 11, 9], "texture": "#3"},
				"down": {"uv": [11, 4, 13, 9], "rotation": 180, "texture": "#3"}
			}
		},
		{
			"from": [-1, 10.5, -4],
			"to": [0, 11.5, -2],
			"rotation": {"angle": -22.5, "axis": "y", "origin": [3.5, 11.5, -3.61111]},
			"faces": {
				"north": {"uv": [14, 6, 13, 7], "rotation": 180, "texture": "#3"},
				"east": {"uv": [13, 6, 14, 8], "rotation": 90, "texture": "#3"},
				"south": {"uv": [14, 7, 13, 8], "texture": "#3"},
				"west": {"uv": [13, 6, 14, 8], "rotation": 270, "texture": "#3"},
				"up": {"uv": [14, 6, 13, 8], "texture": "#3"},
				"down": {"uv": [13, 6, 14, 8], "rotation": 180, "texture": "#3"}
			}
		},
		{
			"from": [6, 10.5, -6],
			"to": [7, 11.5, -4],
			"rotation": {"angle": -22.5, "axis": "y", "origin": [3.5, 11.5, -3.61111]},
			"faces": {
				"north": {"uv": [7, 4, 6, 5], "rotation": 180, "texture": "#3"},
				"east": {"uv": [6, 4, 7, 6], "rotation": 90, "texture": "#3"},
				"south": {"uv": [7, 5, 6, 6], "texture": "#3"},
				"west": {"uv": [6, 4, 7, 6], "rotation": 270, "texture": "#3"},
				"up": {"uv": [7, 4, 6, 6], "texture": "#3"},
				"down": {"uv": [6, 4, 7, 6], "rotation": 180, "texture": "#3"}
			}
		},
		{
			"from": [1, 10.5, -8],
			"to": [5, 11.5, -2],
			"rotation": {"angle": -22.5, "axis": "y", "origin": [3.5, 11.5, -3.61111]},
			"faces": {
				"north": {"uv": [12, 2, 8, 3], "rotation": 180, "texture": "#3"},
				"east": {"uv": [8, 2, 9, 8], "rotation": 90, "texture": "#3"},
				"south": {"uv": [12, 7, 8, 8], "texture": "#3"},
				"west": {"uv": [11, 2, 12, 8], "rotation": 270, "texture": "#3"},
				"up": {"uv": [12, 2, 8, 8], "texture": "#3"},
				"down": {"uv": [8, 2, 12, 8], "rotation": 180, "texture": "#3"}
			}
		},
		{
			"from": [2, 10.5, -9],
			"to": [4, 11.5, -8],
			"rotation": {"angle": -22.5, "axis": "y", "origin": [3.5, 11.5, -3.61111]},
			"faces": {
				"north": {"uv": [11, 1, 9, 2], "rotation": 180, "texture": "#3"},
				"east": {"uv": [9, 1, 10, 2], "rotation": 90, "texture": "#3"},
				"south": {"uv": [9, 1, 11, 2], "texture": "#3"},
				"west": {"uv": [10, 1, 11, 2], "rotation": 270, "texture": "#3"},
				"up": {"uv": [9, 1, 11, 2], "texture": "#3"},
				"down": {"uv": [9, 1, 11, 2], "rotation": 180, "texture": "#3"}
			}
		},
		{
			"from": [9, 10.5, -1],
			"to": [11, 11.5, 1],
			"rotation": {"angle": 22.5, "axis": "y", "origin": [12.5, 11.5, -3.61111]},
			"faces": {
				"north": {"uv": [6, 9, 8, 10], "rotation": 180, "texture": "#3"},
				"east": {"uv": [7, 11, 8, 9], "rotation": 270, "texture": "#3"},
				"south": {"uv": [6, 10, 8, 11], "texture": "#3"},
				"west": {"uv": [6, 11, 7, 9], "rotation": 90, "texture": "#3"},
				"up": {"uv": [6, 9, 8, 11], "texture": "#3"},
				"down": {"uv": [8, 9, 6, 11], "rotation": 180, "texture": "#3"}
			}
		},
		{
			"from": [10, 10.5, -2],
			"to": [12, 11.5, 0],
			"rotation": {"angle": 22.5, "axis": "y", "origin": [12.5, 11.5, -3.61111]},
			"faces": {
				"north": {"uv": [7, 8, 9, 9], "rotation": 180, "texture": "#3"},
				"east": {"uv": [8, 10, 9, 8], "rotation": 270, "texture": "#3"},
				"south": {"uv": [7, 9, 9, 10], "texture": "#3"},
				"west": {"uv": [7, 10, 8, 8], "rotation": 90, "texture": "#3"},
				"up": {"uv": [7, 8, 9, 10], "texture": "#3"},
				"down": {"uv": [9, 8, 7, 10], "rotation": 180, "texture": "#3"}
			}
		},
		{
			"from": [11, 10.5, -2],
			"to": [13, 11.5, -1],
			"rotation": {"angle": 22.5, "axis": "y", "origin": [12.5, 11.5, -3.61111]},
			"faces": {
				"north": {"uv": [8, 8, 10, 9], "rotation": 180, "texture": "#3"},
				"east": {"uv": [9, 9, 10, 8], "rotation": 270, "texture": "#3"},
				"south": {"uv": [8, 8, 10, 9], "texture": "#3"},
				"west": {"uv": [8, 9, 9, 8], "rotation": 90, "texture": "#3"},
				"up": {"uv": [8, 8, 10, 9], "texture": "#3"},
				"down": {"uv": [10, 8, 8, 9], "rotation": 180, "texture": "#3"}
			}
		},
		{
			"from": [10, 10.5, -7],
			"to": [15, 11.5, -3],
			"rotation": {"angle": 22.5, "axis": "y", "origin": [12.5, 11.5, -3.61111]},
			"faces": {
				"north": {"uv": [7, 3, 12, 4], "rotation": 180, "texture": "#3"},
				"east": {"uv": [11, 7, 12, 3], "rotation": 270, "texture": "#3"},
				"south": {"uv": [7, 6, 12, 7], "texture": "#3"},
				"west": {"uv": [7, 7, 8, 3], "rotation": 90, "texture": "#3"},
				"up": {"uv": [7, 3, 12, 7], "texture": "#3"},
				"down": {"uv": [12, 3, 7, 7], "rotation": 180, "texture": "#3"}
			}
		},
		{
			"from": [14, 10.5, -6],
			"to": [16, 11.5, -1],
			"rotation": {"angle": 22.5, "axis": "y", "origin": [12.5, 11.5, -3.61111]},
			"faces": {
				"north": {"uv": [11, 4, 13, 5], "rotation": 180, "texture": "#3"},
				"east": {"uv": [12, 9, 13, 4], "rotation": 270, "texture": "#3"},
				"south": {"uv": [11, 8, 13, 9], "texture": "#3"},
				"west": {"uv": [11, 9, 12, 4], "rotation": 90, "texture": "#3"},
				"up": {"uv": [11, 4, 13, 9], "texture": "#3"},
				"down": {"uv": [13, 4, 11, 9], "rotation": 180, "texture": "#3"}
			}
		},
		{
			"from": [16, 10.5, -4],
			"to": [17, 11.5, -2],
			"rotation": {"angle": 22.5, "axis": "y", "origin": [12.5, 11.5, -3.61111]},
			"faces": {
				"north": {"uv": [13, 6, 14, 7], "rotation": 180, "texture": "#3"},
				"east": {"uv": [13, 8, 14, 6], "rotation": 270, "texture": "#3"},
				"south": {"uv": [13, 7, 14, 8], "texture": "#3"},
				"west": {"uv": [13, 8, 14, 6], "rotation": 90, "texture": "#3"},
				"up": {"uv": [13, 6, 14, 8], "texture": "#3"},
				"down": {"uv": [14, 6, 13, 8], "rotation": 180, "texture": "#3"}
			}
		},
		{
			"from": [9, 10.5, -6],
			"to": [10, 11.5, -4],
			"rotation": {"angle": 22.5, "axis": "y", "origin": [12.5, 11.5, -3.61111]},
			"faces": {
				"north": {"uv": [6, 4, 7, 5], "rotation": 180, "texture": "#3"},
				"east": {"uv": [6, 6, 7, 4], "rotation": 270, "texture": "#3"},
				"south": {"uv": [6, 5, 7, 6], "texture": "#3"},
				"west": {"uv": [6, 6, 7, 4], "rotation": 90, "texture": "#3"},
				"up": {"uv": [6, 4, 7, 6], "texture": "#3"},
				"down": {"uv": [7, 4, 6, 6], "rotation": 180, "texture": "#3"}
			}
		},
		{
			"from": [11, 10.5, -8],
			"to": [15, 11.5, -2],
			"rotation": {"angle": 22.5, "axis": "y", "origin": [12.5, 11.5, -3.61111]},
			"faces": {
				"north": {"uv": [8, 2, 12, 3], "rotation": 180, "texture": "#3"},
				"east": {"uv": [11, 8, 12, 2], "rotation": 270, "texture": "#3"},
				"south": {"uv": [8, 7, 12, 8], "texture": "#3"},
				"west": {"uv": [8, 8, 9, 2], "rotation": 90, "texture": "#3"},
				"up": {"uv": [8, 2, 12, 8], "texture": "#3"},
				"down": {"uv": [12, 2, 8, 8], "rotation": 180, "texture": "#3"}
			}
		},
		{
			"from": [12, 10.5, -9],
			"to": [14, 11.5, -8],
			"rotation": {"angle": 22.5, "axis": "y", "origin": [12.5, 11.5, -3.61111]},
			"faces": {
				"north": {"uv": [9, 1, 11, 2], "rotation": 180, "texture": "#3"},
				"east": {"uv": [10, 2, 11, 1], "rotation": 270, "texture": "#3"},
				"south": {"uv": [11, 1, 9, 2], "texture": "#3"},
				"west": {"uv": [9, 2, 10, 1], "rotation": 90, "texture": "#3"},
				"up": {"uv": [11, 1, 9, 2], "texture": "#3"},
				"down": {"uv": [11, 1, 9, 2], "rotation": 180, "texture": "#3"}
			}
		},
		{
			"from": [9, 4.5, -1],
			"to": [11, 5.5, 1],
			"rotation": {"angle": 22.5, "axis": "y", "origin": [12.5, 4.5, -3.61111]},
			"faces": {
				"north": {"uv": [6, 10, 8, 9], "rotation": 180, "texture": "#3"},
				"east": {"uv": [8, 11, 7, 9], "rotation": 270, "texture": "#3"},
				"south": {"uv": [6, 11, 8, 10], "texture": "#3"},
				"west": {"uv": [7, 11, 6, 9], "rotation": 90, "texture": "#3"},
				"up": {"uv": [8, 11, 6, 9], "rotation": 180, "texture": "#3"},
				"down": {"uv": [6, 11, 8, 9], "texture": "#3"}
			}
		},
		{
			"from": [10, 4.5, -2],
			"to": [12, 5.5, 0],
			"rotation": {"angle": 22.5, "axis": "y", "origin": [12.5, 4.5, -3.61111]},
			"faces": {
				"north": {"uv": [7, 9, 9, 8], "rotation": 180, "texture": "#3"},
				"east": {"uv": [9, 10, 8, 8], "rotation": 270, "texture": "#3"},
				"south": {"uv": [7, 10, 9, 9], "texture": "#3"},
				"west": {"uv": [8, 10, 7, 8], "rotation": 90, "texture": "#3"},
				"up": {"uv": [9, 10, 7, 8], "rotation": 180, "texture": "#3"},
				"down": {"uv": [7, 10, 9, 8], "texture": "#3"}
			}
		},
		{
			"from": [11, 4.5, -2],
			"to": [13, 5.5, -1],
			"rotation": {"angle": 22.5, "axis": "y", "origin": [12.5, 4.5, -3.61111]},
			"faces": {
				"north": {"uv": [8, 9, 10, 8], "rotation": 180, "texture": "#3"},
				"east": {"uv": [10, 9, 9, 8], "rotation": 270, "texture": "#3"},
				"south": {"uv": [8, 9, 10, 8], "texture": "#3"},
				"west": {"uv": [9, 9, 8, 8], "rotation": 90, "texture": "#3"},
				"up": {"uv": [10, 9, 8, 8], "rotation": 180, "texture": "#3"},
				"down": {"uv": [8, 9, 10, 8], "texture": "#3"}
			}
		},
		{
			"from": [10, 4.5, -7],
			"to": [15, 5.5, -3],
			"rotation": {"angle": 22.5, "axis": "y", "origin": [12.5, 4.5, -3.61111]},
			"faces": {
				"north": {"uv": [7, 4, 12, 3], "rotation": 180, "texture": "#3"},
				"east": {"uv": [12, 7, 11, 3], "rotation": 270, "texture": "#3"},
				"south": {"uv": [7, 7, 12, 6], "texture": "#3"},
				"west": {"uv": [8, 7, 7, 3], "rotation": 90, "texture": "#3"},
				"up": {"uv": [12, 7, 7, 3], "rotation": 180, "texture": "#3"},
				"down": {"uv": [7, 7, 12, 3], "texture": "#3"}
			}
		},
		{
			"from": [14, 4.5, -6],
			"to": [16, 5.5, -1],
			"rotation": {"angle": 22.5, "axis": "y", "origin": [12.5, 4.5, -3.61111]},
			"faces": {
				"north": {"uv": [11, 5, 13, 4], "rotation": 180, "texture": "#3"},
				"east": {"uv": [13, 9, 12, 4], "rotation": 270, "texture": "#3"},
				"south": {"uv": [11, 9, 13, 8], "texture": "#3"},
				"west": {"uv": [12, 9, 11, 4], "rotation": 90, "texture": "#3"},
				"up": {"uv": [13, 9, 11, 4], "rotation": 180, "texture": "#3"},
				"down": {"uv": [11, 9, 13, 4], "texture": "#3"}
			}
		},
		{
			"from": [16, 4.5, -4],
			"to": [17, 5.5, -2],
			"rotation": {"angle": 22.5, "axis": "y", "origin": [12.5, 4.5, -3.61111]},
			"faces": {
				"north": {"uv": [13, 7, 14, 6], "rotation": 180, "texture": "#3"},
				"east": {"uv": [14, 8, 13, 6], "rotation": 270, "texture": "#3"},
				"south": {"uv": [13, 8, 14, 7], "texture": "#3"},
				"west": {"uv": [14, 8, 13, 6], "rotation": 90, "texture": "#3"},
				"up": {"uv": [14, 8, 13, 6], "rotation": 180, "texture": "#3"},
				"down": {"uv": [13, 8, 14, 6], "texture": "#3"}
			}
		},
		{
			"from": [9, 4.5, -6],
			"to": [10, 5.5, -4],
			"rotation": {"angle": 22.5, "axis": "y", "origin": [12.5, 4.5, -3.61111]},
			"faces": {
				"north": {"uv": [6, 5, 7, 4], "rotation": 180, "texture": "#3"},
				"east": {"uv": [7, 6, 6, 4], "rotation": 270, "texture": "#3"},
				"south": {"uv": [6, 6, 7, 5], "texture": "#3"},
				"west": {"uv": [7, 6, 6, 4], "rotation": 90, "texture": "#3"},
				"up": {"uv": [7, 6, 6, 4], "rotation": 180, "texture": "#3"},
				"down": {"uv": [6, 6, 7, 4], "texture": "#3"}
			}
		},
		{
			"from": [11, 4.5, -8],
			"to": [15, 5.5, -2],
			"rotation": {"angle": 22.5, "axis": "y", "origin": [12.5, 4.5, -3.61111]},
			"faces": {
				"north": {"uv": [8, 3, 12, 2], "rotation": 180, "texture": "#3"},
				"east": {"uv": [12, 8, 11, 2], "rotation": 270, "texture": "#3"},
				"south": {"uv": [8, 8, 12, 7], "texture": "#3"},
				"west": {"uv": [9, 8, 8, 2], "rotation": 90, "texture": "#3"},
				"up": {"uv": [12, 8, 8, 2], "rotation": 180, "texture": "#3"},
				"down": {"uv": [8, 8, 12, 2], "texture": "#3"}
			}
		},
		{
			"from": [12, 4.5, -9],
			"to": [14, 5.5, -8],
			"rotation": {"angle": 22.5, "axis": "y", "origin": [12.5, 4.5, -3.61111]},
			"faces": {
				"north": {"uv": [9, 2, 11, 1], "rotation": 180, "texture": "#3"},
				"east": {"uv": [11, 2, 10, 1], "rotation": 270, "texture": "#3"},
				"south": {"uv": [11, 2, 9, 1], "texture": "#3"},
				"west": {"uv": [10, 2, 9, 1], "rotation": 90, "texture": "#3"},
				"up": {"uv": [11, 2, 9, 1], "rotation": 180, "texture": "#3"},
				"down": {"uv": [11, 2, 9, 1], "texture": "#3"}
			}
		},
		{
			"from": [5, 4.5, -1],
			"to": [7, 5.5, 1],
			"rotation": {"angle": -22.5, "axis": "y", "origin": [3.5, 4.5, -3.61111]},
			"faces": {
				"north": {"uv": [8, 10, 6, 9], "rotation": 180, "texture": "#3"},
				"east": {"uv": [7, 9, 6, 11], "rotation": 90, "texture": "#3"},
				"south": {"uv": [8, 11, 6, 10], "texture": "#3"},
				"west": {"uv": [8, 9, 7, 11], "rotation": 270, "texture": "#3"},
				"up": {"uv": [6, 11, 8, 9], "rotation": 180, "texture": "#3"},
				"down": {"uv": [8, 11, 6, 9], "texture": "#3"}
			}
		},
		{
			"from": [4, 4.5, -2],
			"to": [6, 5.5, 0],
			"rotation": {"angle": -22.5, "axis": "y", "origin": [3.5, 4.5, -3.61111]},
			"faces": {
				"north": {"uv": [9, 9, 7, 8], "rotation": 180, "texture": "#3"},
				"east": {"uv": [8, 8, 7, 10], "rotation": 90, "texture": "#3"},
				"south": {"uv": [9, 10, 7, 9], "texture": "#3"},
				"west": {"uv": [9, 8, 8, 10], "rotation": 270, "texture": "#3"},
				"up": {"uv": [7, 10, 9, 8], "rotation": 180, "texture": "#3"},
				"down": {"uv": [9, 10, 7, 8], "texture": "#3"}
			}
		},
		{
			"from": [3, 4.5, -2],
			"to": [5, 5.5, -1],
			"rotation": {"angle": -22.5, "axis": "y", "origin": [3.5, 4.5, -3.61111]},
			"faces": {
				"north": {"uv": [10, 9, 8, 8], "rotation": 180, "texture": "#3"},
				"east": {"uv": [9, 8, 8, 9], "rotation": 90, "texture": "#3"},
				"south": {"uv": [10, 9, 8, 8], "texture": "#3"},
				"west": {"uv": [10, 8, 9, 9], "rotation": 270, "texture": "#3"},
				"up": {"uv": [8, 9, 10, 8], "rotation": 180, "texture": "#3"},
				"down": {"uv": [10, 9, 8, 8], "texture": "#3"}
			}
		},
		{
			"from": [1, 4.5, -7],
			"to": [6, 5.5, -3],
			"rotation": {"angle": -22.5, "axis": "y", "origin": [3.5, 4.5, -3.61111]},
			"faces": {
				"north": {"uv": [12, 4, 7, 3], "rotation": 180, "texture": "#3"},
				"east": {"uv": [8, 3, 7, 7], "rotation": 90, "texture": "#3"},
				"south": {"uv": [12, 7, 7, 6], "texture": "#3"},
				"west": {"uv": [12, 3, 11, 7], "rotation": 270, "texture": "#3"},
				"up": {"uv": [7, 7, 12, 3], "rotation": 180, "texture": "#3"},
				"down": {"uv": [12, 7, 7, 3], "texture": "#3"}
			}
		},
		{
			"from": [0, 4.5, -6],
			"to": [2, 5.5, -1],
			"rotation": {"angle": -22.5, "axis": "y", "origin": [3.5, 4.5, -3.61111]},
			"faces": {
				"north": {"uv": [13, 5, 11, 4], "rotation": 180, "texture": "#3"},
				"east": {"uv": [12, 4, 11, 9], "rotation": 90, "texture": "#3"},
				"south": {"uv": [13, 9, 11, 8], "texture": "#3"},
				"west": {"uv": [13, 4, 12, 9], "rotation": 270, "texture": "#3"},
				"up": {"uv": [11, 9, 13, 4], "rotation": 180, "texture": "#3"},
				"down": {"uv": [13, 9, 11, 4], "texture": "#3"}
			}
		},
		{
			"from": [-1, 4.5, -4],
			"to": [0, 5.5, -2],
			"rotation": {"angle": -22.5, "axis": "y", "origin": [3.5, 4.5, -3.61111]},
			"faces": {
				"north": {"uv": [14, 7, 13, 6], "rotation": 180, "texture": "#3"},
				"east": {"uv": [14, 6, 13, 8], "rotation": 90, "texture": "#3"},
				"south": {"uv": [14, 8, 13, 7], "texture": "#3"},
				"west": {"uv": [14, 6, 13, 8], "rotation": 270, "texture": "#3"},
				"up": {"uv": [13, 8, 14, 6], "rotation": 180, "texture": "#3"},
				"down": {"uv": [14, 8, 13, 6], "texture": "#3"}
			}
		},
		{
			"from": [6, 4.5, -6],
			"to": [7, 5.5, -4],
			"rotation": {"angle": -22.5, "axis": "y", "origin": [3.5, 4.5, -3.61111]},
			"faces": {
				"north": {"uv": [7, 5, 6, 4], "rotation": 180, "texture": "#3"},
				"east": {"uv": [7, 4, 6, 6], "rotation": 90, "texture": "#3"},
				"south": {"uv": [7, 6, 6, 5], "texture": "#3"},
				"west": {"uv": [7, 4, 6, 6], "rotation": 270, "texture": "#3"},
				"up": {"uv": [6, 6, 7, 4], "rotation": 180, "texture": "#3"},
				"down": {"uv": [7, 6, 6, 4], "texture": "#3"}
			}
		},
		{
			"from": [1, 4.5, -8],
			"to": [5, 5.5, -2],
			"rotation": {"angle": -22.5, "axis": "y", "origin": [3.5, 4.5, -3.61111]},
			"faces": {
				"north": {"uv": [12, 3, 8, 2], "rotation": 180, "texture": "#3"},
				"east": {"uv": [9, 2, 8, 8], "rotation": 90, "texture": "#3"},
				"south": {"uv": [12, 8, 8, 7], "texture": "#3"},
				"west": {"uv": [12, 2, 11, 8], "rotation": 270, "texture": "#3"},
				"up": {"uv": [8, 8, 12, 2], "rotation": 180, "texture": "#3"},
				"down": {"uv": [12, 8, 8, 2], "texture": "#3"}
			}
		},
		{
			"from": [2, 4.5, -9],
			"to": [4, 5.5, -8],
			"rotation": {"angle": -22.5, "axis": "y", "origin": [3.5, 4.5, -3.61111]},
			"faces": {
				"north": {"uv": [11, 2, 9, 1], "rotation": 180, "texture": "#3"},
				"east": {"uv": [10, 1, 9, 2], "rotation": 90, "texture": "#3"},
				"south": {"uv": [9, 2, 11, 1], "texture": "#3"},
				"west": {"uv": [11, 1, 10, 2], "rotation": 270, "texture": "#3"},
				"up": {"uv": [9, 2, 11, 1], "rotation": 180, "texture": "#3"},
				"down": {"uv": [9, 2, 11, 1], "texture": "#3"}
			}
		}
	],
	"gui_light": "front",
	"display": {
		"thirdperson_righthand": {
			"rotation": [75, 45, 0],
			"translation": [0, 2.5, 0],
			"scale": [0.375, 0.375, 0.375]
		},
		"firstperson_righthand": {
			"rotation": [0, 45, 0],
			"scale": [0.4, 0.4, 0.4]
		},
		"firstperson_lefthand": {
			"rotation": [0, 225, 0],
			"scale": [0.4, 0.4, 0.4]
		},
		"ground": {
			"translation": [0, 3, 0],
			"scale": [0.25, 0.25, 0.25]
		},
		"gui": {
			"rotation": [30, 225, 0],
			"scale": [0.625, 0.625, 0.625]
		},
		"fixed": {
			"rotation": [-90, 0, 0],
			"translation": [0, 0, -16],
			"scale": [2.00156, 2.00156, 2.00156]
		}
	},
	"groups": [
		0,
		{
			"name": "axe",
			"origin": [21, 9, 7],
			"color": 0,
			"children": [1, 2, 3, 4, 5, 6, 7, 8, 9]
		},
		{
			"name": "axe",
			"origin": [21, 9, 7],
			"color": 0,
			"children": [10, 11, 12, 13, 14, 15, 16, 17, 18]
		},
		{
			"name": "axe",
			"origin": [21, 9, 7],
			"color": 0,
			"children": [19, 20, 21, 22, 23, 24, 25, 26, 27]
		},
		{
			"name": "axe",
			"origin": [21, 9, 7],
			"color": 0,
			"children": [28, 29, 30, 31, 32, 33, 34, 35, 36]
		}
	]
}