{
	"credit": "Made with Blockbench",
	"parent": "block/block",
	"textures": {
		"2": "machine/iron_block",
		"3": "machine/cauldron_side",
		"4": "machine/obsidian",
		"5": "machine/blast_furnace_obsidian",
		"6": "machine/gray_concrete",
		"particle": "machine/obsidian"
	},
	"elements": [
		{
			"from": [0, 11.5, 0],
			"to": [16, 12.5, 16],
			"rotation": {"angle": -22.5, "axis": "x", "origin": [8, 12.5, 8]},
			"faces": {
				"up": {"uv": [0, 0, 15.999, 16], "texture": "#2"}
			}
		},
		{
			"from": [6, 4, -5],
			"to": [10, 5, 0],
			"rotation": {"angle": 0, "axis": "y", "origin": [0, 8.5, 0]},
			"faces": {
				"north": {"uv": [0, 0, 4, 1], "texture": "#3"},
				"east": {"uv": [0, 0, 1, 5], "rotation": 270, "texture": "#3"},
				"west": {"uv": [0, 0, 1, 5], "rotation": 270, "texture": "#3"},
				"up": {"uv": [0, 4, 5, 8], "rotation": 270, "texture": "#3"},
				"down": {"uv": [0, 4, 5, 8], "rotation": 270, "texture": "#3"}
			}
		},
		{
			"from": [10, 5, -5],
			"to": [11, 9, 0],
			"rotation": {"angle": 0, "axis": "z", "origin": [-2, 7, 8]},
			"faces": {
				"north": {"uv": [0, 0, 4, 1], "texture": "#3"},
				"east": {"uv": [0, 4, 4, 9], "rotation": 270, "texture": "#3"},
				"west": {"uv": [0, 4, 4, 9], "rotation": 270, "texture": "#3"},
				"up": {"uv": [0, 0, 5, 1], "rotation": 270, "texture": "#3"},
				"down": {"uv": [0, 0, 5, 1], "rotation": 270, "texture": "#3"}
			}
		},
		{
			"from": [6, 9, -5],
			"to": [10, 10, 0],
			"rotation": {"angle": 0, "axis": "y", "origin": [0, 8.5, 0]},
			"faces": {
				"north": {"uv": [0, 0, 4, 1], "texture": "#3"},
				"east": {"uv": [0, 0, 5, 1], "rotation": 270, "texture": "#3"},
				"west": {"uv": [0, 0, 5, 1], "rotation": 270, "texture": "#3"},
				"up": {"uv": [0, 4, 4, 9], "rotation": 270, "texture": "#3"},
				"down": {"uv": [0, 4, 4, 9], "rotation": 270, "texture": "#3"}
			}
		},
		{
			"from": [5, 5, -5],
			"to": [6, 9, 0],
			"rotation": {"angle": 0, "axis": "z", "origin": [-2, 7, 8]},
			"faces": {
				"north": {"uv": [0, 0, 4, 1], "texture": "#3"},
				"east": {"uv": [0, 4, 4, 9], "rotation": 270, "texture": "#3"},
				"west": {"uv": [0, 4, 4, 9], "rotation": 270, "texture": "#3"},
				"up": {"uv": [0, 0, 5, 1], "rotation": 270, "texture": "#3"},
				"down": {"uv": [0, 0, 5, 1], "rotation": 270, "texture": "#3"}
			}
		},
		{
			"from": [6, 4.5, -1],
			"to": [10, 9.5, -1],
			"rotation": {"angle": 0, "axis": "y", "origin": [0, 8.5, 0]},
			"faces": {
				"north": {"uv": [0, 0, 0.999, 0.999], "texture": "#4"}
			}
		},
		{
			"from": [0, 3, 0],
			"to": [0, 16, 16],
			"rotation": {"angle": 0, "axis": "y", "origin": [8, 18, 8]},
			"faces": {
				"north": {"uv": [0, 0, 0, 13], "texture": "#missing"},
				"east": {"uv": [0, 0, 16, 13], "texture": "#5"},
				"south": {"uv": [0, 0, 0, 13], "texture": "#missing"},
				"west": {"uv": [0, 0, 16, 13], "texture": "#5"},
				"up": {"uv": [0, 0, 16, 0], "rotation": 90, "texture": "#missing"},
				"down": {"uv": [0, 0, 16, 0], "rotation": 270, "texture": "#missing"}
			}
		},
		{
			"from": [0, 3, 0],
			"to": [16, 16, 0],
			"rotation": {"angle": 0, "axis": "y", "origin": [0, 8.5, 0]},
			"faces": {
				"north": {"uv": [0, 0, 16, 13], "texture": "#5"},
				"east": {"uv": [0, 0, 0, 13], "texture": "#missing"},
				"south": {"uv": [0, 0, 16, 13], "texture": "#5"},
				"west": {"uv": [0, 0, 0, 13], "texture": "#missing"},
				"up": {"uv": [0, 0, 16, 0], "texture": "#missing"},
				"down": {"uv": [0, 0, 16, 0], "texture": "#missing"}
			}
		},
		{
			"from": [0, 3, 16],
			"to": [16, 16, 16],
			"rotation": {"angle": 0, "axis": "y", "origin": [0, 8.5, 16]},
			"faces": {
				"north": {"uv": [0, 0, 16, 13], "texture": "#5"},
				"east": {"uv": [0, 0, 0, 13], "texture": "#missing"},
				"south": {"uv": [16, 0, 0, 13], "texture": "#5"},
				"west": {"uv": [0, 0, 0, 13], "texture": "#missing"},
				"up": {"uv": [0, 0, 16, 0], "texture": "#missing"},
				"down": {"uv": [0, 0, 16, 0], "texture": "#missing"}
			}
		},
		{
			"from": [16, 3, 0],
			"to": [16, 16, 16],
			"rotation": {"angle": 0, "axis": "y", "origin": [8, 18, 8]},
			"faces": {
				"north": {"uv": [0, 0, 0, 13], "texture": "#missing"},
				"east": {"uv": [0, 0, 16, 13], "texture": "#5"},
				"south": {"uv": [0, 0, 0, 13], "texture": "#missing"},
				"west": {"uv": [0, 0, 16, 13], "texture": "#5"},
				"up": {"uv": [0, 0, 16, 0], "rotation": 90, "texture": "#missing"},
				"down": {"uv": [0, 0, 16, 0], "rotation": 270, "texture": "#missing"}
			}
		},
		{
			"from": [11.75, 0, 0],
			"to": [16, 3, 4.25],
			"rotation": {"angle": 0, "axis": "y", "origin": [16, 8.5, 0]},
			"faces": {
				"north": {"uv": [3, 0, 7.25, 3], "texture": "#6"},
				"east": {"uv": [3, 0, 7.25, 3], "texture": "#6"},
				"south": {"uv": [3, 0, 7.25, 3], "texture": "#6"},
				"west": {"uv": [3, 0, 7.25, 3], "texture": "#6"},
				"up": {"uv": [3, 0, 7.25, 4.25], "texture": "#6"},
				"down": {"uv": [3, 0, 7.25, 4.25], "texture": "#6"}
			}
		},
		{
			"from": [0, 0, 0],
			"to": [4.25, 3, 4.25],
			"rotation": {"angle": 0, "axis": "y", "origin": [0, 8.5, 0]},
			"faces": {
				"north": {"uv": [0, 0, 4.25, 3], "texture": "#6"},
				"east": {"uv": [0, 0, 4.25, 3], "texture": "#6"},
				"south": {"uv": [0, 0, 4.25, 3], "texture": "#6"},
				"west": {"uv": [0, 0, 4.25, 3], "texture": "#6"},
				"up": {"uv": [0, 0, 4.25, 4.25], "texture": "#6"},
				"down": {"uv": [0, 0, 4.25, 4.25], "texture": "#6"}
			}
		},
		{
			"from": [0, 0, 11.75],
			"to": [4.25, 3, 16],
			"rotation": {"angle": 0, "axis": "y", "origin": [0, 8.5, 16]},
			"faces": {
				"north": {"uv": [3, 0, 7.25, 3], "texture": "#6"},
				"east": {"uv": [3, 0, 7.25, 3], "texture": "#6"},
				"south": {"uv": [3, 0, 7.25, 3], "texture": "#6"},
				"west": {"uv": [3, 0, 7.25, 3], "texture": "#6"},
				"up": {"uv": [0, 3, 4.25, 7.25], "texture": "#6"},
				"down": {"uv": [0, 3, 4.25, 7.25], "texture": "#6"}
			}
		},
		{
			"from": [11.75, 0, 11.75],
			"to": [16, 3, 16],
			"rotation": {"angle": 0, "axis": "y", "origin": [16, 8.5, 16]},
			"faces": {
				"north": {"uv": [0, 0, 4.25, 3], "texture": "#6"},
				"east": {"uv": [0, 0, 4.25, 3], "texture": "#6"},
				"south": {"uv": [0, 0, 4.25, 3], "texture": "#6"},
				"west": {"uv": [0, 0, 4.25, 3], "texture": "#6"},
				"up": {"uv": [3, 3, 7.25, 7.25], "texture": "#6"},
				"down": {"uv": [3, 3, 7.25, 7.25], "texture": "#6"}
			}
		},
		{
			"from": [0, 16, 0],
			"to": [2, 16, 16],
			"rotation": {"angle": 0, "axis": "y", "origin": [8, 24.5, 8]},
			"faces": {
				"north": {"uv": [0, 0, 2, 0], "texture": "#missing"},
				"east": {"uv": [0, 0, 16, 0], "texture": "#missing"},
				"south": {"uv": [0, 0, 2, 0], "texture": "#missing"},
				"west": {"uv": [0, 0, 16, 0], "texture": "#missing"},
				"up": {"uv": [0, 0, 2, 16], "texture": "#5"}
			}
		},
		{
			"from": [14, 16, 0],
			"to": [16, 16, 16],
			"rotation": {"angle": 0, "axis": "y", "origin": [8, 24.5, 8]},
			"faces": {
				"north": {"uv": [2, 0, 4, 0], "texture": "#missing"},
				"east": {"uv": [0, 0, 16, 0], "texture": "#missing"},
				"south": {"uv": [2, 0, 4, 0], "texture": "#missing"},
				"west": {"uv": [0, 0, 16, 0], "texture": "#missing"},
				"up": {"uv": [14, 0, 16, 16], "texture": "#5"}
			}
		},
		{
			"from": [2, 16, 14],
			"to": [14, 16, 16],
			"rotation": {"angle": 0, "axis": "y", "origin": [8, 24.5, 8]},
			"faces": {
				"north": {"uv": [0, 0, 12, 0], "texture": "#missing"},
				"east": {"uv": [2, 0, 4, 0], "texture": "#missing"},
				"south": {"uv": [0, 0, 12, 0], "texture": "#missing"},
				"west": {"uv": [2, 0, 4, 0], "texture": "#missing"},
				"up": {"uv": [14, 2, 16, 14], "rotation": 90, "texture": "#5"}
			}
		},
		{
			"from": [2, 16, 0],
			"to": [14, 16, 2],
			"rotation": {"angle": 0, "axis": "y", "origin": [8, 24.5, 8]},
			"faces": {
				"north": {"uv": [0, 0, 12, 0], "texture": "#missing"},
				"east": {"uv": [0, 0, 2, 0], "texture": "#missing"},
				"south": {"uv": [0, 0, 12, 0], "texture": "#missing"},
				"west": {"uv": [0, 0, 2, 0], "texture": "#missing"},
				"up": {"uv": [0, 2, 2, 14], "rotation": 90, "texture": "#5"}
			}
		},
		{
			"from": [0, 3, 0],
			"to": [16, 3, 16],
			"rotation": {"angle": 0, "axis": "y", "origin": [0, 8.5, 0]},
			"faces": {
				"north": {"uv": [0, 0, 16, 0], "texture": "#missing"},
				"east": {"uv": [0, 0, 16, 0], "texture": "#missing"},
				"south": {"uv": [0, 0, 16, 0], "texture": "#missing"},
				"west": {"uv": [0, 0, 16, 0], "texture": "#missing"},
				"down": {"uv": [0, 0, 16, 16], "texture": "#4"}
			}
		}
	],
	"gui_light": "front",
	"display": {
		"thirdperson_righthand": {
			"rotation": [75, 45, 0],
			"translation": [0, 2.5, 0],
			"scale": [0.375, 0.375, 0.375]
		},
		"firstperson_righthand": {
			"rotation": [0, 45, 0],
			"scale": [0.4, 0.4, 0.4]
		},
		"firstperson_lefthand": {
			"rotation": [0, 225, 0],
			"scale": [0.4, 0.4, 0.4]
		},
		"ground": {
			"translation": [0, 3, 0],
			"scale": [0.25, 0.25, 0.25]
		},
		"gui": {
			"rotation": [30, 225, 0],
			"scale": [0.625, 0.625, 0.625]
		},
		"fixed": {
			"rotation": [-90, 0, 0],
			"translation": [0, 0, -16],
			"scale": [2.01, 2.01, 2.01]
		}
	},
	"groups": [
		0,
		1,
		2,
		3,
		4,
		5,
		{
			"name": "group",
			"origin": [16, 0, 16],
			"color": 0,
			"children": [6, 7, 8, 9, 10, 11, 12, 13, 14, 15, 16, 17, 18]
		}
	]
}