{
	"credit": "Made with Blockbench",
	"textures": {
		"0": "pick/cake/cake_bottom",
		"1": "pick/cake/cake_inner",
		"2": "pick/cake/cake_side",
		"3": "pick/cake/cake_top",
		"4": "pick/cake/white_terracotta",
		"particle": "pick/cake/cake_bottom"
	},
	"elements": [
		{
			"from": [7, 0, 7],
			"to": [9, 12, 9],
			"faces": {
				"north": {"uv": [0, 0, 2, 12], "texture": "#4"},
				"east": {"uv": [0, 0, 2, 12], "texture": "#4"},
				"south": {"uv": [0, 0, 2, 12], "texture": "#4"},
				"west": {"uv": [0, 0, 2, 12], "texture": "#4"},
				"up": {"uv": [0, 0, 2, 2], "texture": "#4"},
				"down": {"uv": [0, 0, 2, 2], "texture": "#4"}
			}
		},
		{
			"from": [4, 12, 4],
			"to": [12, 16.5, 12],
			"faces": {
				"north": {"uv": [1, 8, 15, 16], "texture": "#2"},
				"east": {"uv": [1, 8, 15, 16], "texture": "#2"},
				"south": {"uv": [1, 8, 15, 16], "texture": "#2"},
				"west": {"uv": [1, 8, 15, 16], "texture": "#2"},
				"up": {"uv": [1, 1, 15, 15], "texture": "#3"},
				"down": {"uv": [1, 1, 15, 15], "texture": "#0"}
			}
		},
		{
			"from": [12, 12, 5],
			"to": [14, 16, 11],
			"faces": {
				"north": {"uv": [15, 8, 13, 12], "texture": "#1"},
				"east": {"uv": [5, 6, 11, 10], "texture": "#3"},
				"south": {"uv": [2, 8, 4, 12], "texture": "#1"},
				"west": {"uv": [1, 1, 7, 5], "texture": "#3"},
				"up": {"uv": [3, 1, 5, 7], "texture": "#3"},
				"down": {"uv": [1, 1, 3, 7], "texture": "#0"}
			}
		},
		{
			"from": [13, 11, 6],
			"to": [18, 14, 10],
			"rotation": {"angle": -22.5, "axis": "z", "origin": [16.5, 13.5, 8]},
			"faces": {
				"north": {"uv": [1, 8, 6, 11], "texture": "#1"},
				"east": {"uv": [1, 8, 5, 11], "texture": "#1"},
				"south": {"uv": [3, 8, 8, 11], "texture": "#1"},
				"west": {"uv": [8, 8, 12, 11], "texture": "#1"},
				"up": {"uv": [10, 8, 15, 12], "texture": "#3"},
				"down": {"uv": [5, 12, 10, 16], "texture": "#1"}
			}
		},
		{
			"from": [-2, 11, 6],
			"to": [3, 14, 10],
			"rotation": {"angle": 22.5, "axis": "z", "origin": [-0.5, 13.5, 8]},
			"faces": {
				"north": {"uv": [6, 8, 1, 11], "texture": "#1"},
				"east": {"uv": [12, 8, 8, 11], "texture": "#1"},
				"south": {"uv": [8, 8, 3, 11], "texture": "#1"},
				"west": {"uv": [5, 8, 1, 11], "texture": "#1"},
				"up": {"uv": [15, 8, 10, 12], "texture": "#3"},
				"down": {"uv": [10, 12, 5, 16], "texture": "#1"}
			}
		},
		{
			"from": [2, 12, 5],
			"to": [4, 16, 11],
			"rotation": {"angle": 0, "axis": "z", "origin": [16, 0, 0]},
			"faces": {
				"north": {"uv": [13, 8, 11, 12], "texture": "#1"},
				"east": {"uv": [7, 1, 1, 5], "texture": "#3"},
				"south": {"uv": [15, 8, 13, 12], "texture": "#1"},
				"west": {"uv": [11, 6, 5, 10], "texture": "#3"},
				"up": {"uv": [5, 1, 3, 7], "texture": "#3"},
				"down": {"uv": [3, 1, 1, 7], "texture": "#0"}
			}
		}
	],
	"gui_light": "front",
	"display": {
		"thirdperson_righthand": {
			"rotation": [0, 90, 0],
			"translation": [0, 1.5, 0],
			"scale": [0.75, 0.75, 0.75]
		},
		"firstperson_righthand": {
			"rotation": [-10, 91, 0],
			"translation": [0, 2.25, 0],
			"scale": [0.57, 0.57, 0.57]
		},
		"firstperson_lefthand": {
			"rotation": [-10, 91, 0],
			"translation": [0, 2.25, 0],
			"scale": [0.57, 0.57, 0.57]
		},
		"ground": {
			"scale": [0.6, 0.6, 0.6]
		},
		"gui": {
			"rotation": [0, -180, 45],
			"translation": [-2, -2, 0],
			"scale": [0.7, 0.7, 0.7]
		}
	}
}