{
  "textures": {
    "particle": "block/comparator",
    "slab": "block/smooth_stone",
    "top": "turingcomplete:block/nor_gate_on",
    "unlit": "block/redstone_torch_off",
    "lit": "block/redstone_torch"
  },
  "elements": [
    {
      "from": [ 0, 0, 0 ],
      "to": [ 16, 2, 16 ],
      "faces": {
        "down":  { "uv": [ 0,  0, 16, 16 ], "texture": "#slab", "cullface": "down" },
        "up":    { "uv": [ 0,  0, 16, 16 ], "texture": "#top" },
        "north": { "uv": [ 0, 14, 16, 16 ], "texture": "#slab", "cullface": "north" },
        "south": { "uv": [ 0, 14, 16, 16 ], "texture": "#slab", "cullface": "south" },
        "west":  { "uv": [ 0, 14, 16, 16 ], "texture": "#slab", "cullface": "west" },
        "east":  { "uv": [ 0, 14, 16, 16 ], "texture": "#slab", "cullface": "east" }
      }
    },
    {
      "from": [ 7, 2, 2 ],
      "to": [ 9, 7, 4 ],
      "faces": {
          "up":    { "uv": [ 7, 6, 9,  8 ], "texture": "#unlit" },
          "north": { "uv": [ 7, 6, 9, 11 ], "texture": "#unlit" },
          "south": { "uv": [ 7, 6, 9, 11 ], "texture": "#unlit" },
          "west":  { "uv": [ 7, 6, 9, 11 ], "texture": "#unlit" },
          "east":  { "uv": [ 7, 6, 9, 11 ], "texture": "#unlit" }
      }
    }
  ]
}
